﻿"LOCATION","INDICATOR","SUBJECT","MEASURE","FREQUENCY","TIME","Value","Flag Codes"
"AUS","WOMENPOLVOICE","QUOTA","IDX","A","2014",1,
"AUT","WOMENPOLVOICE","QUOTA","IDX","A","2014",1,
"BEL","WOMENPOLVOICE","QUOTA","IDX","A","2014",0,
"CAN","WOMENPOLVOICE","QUOTA","IDX","A","2014",1,
"CZE","WOMENPOLVOICE","QUOTA","IDX","A","2014",1,
"DNK","WOMENPOLVOICE","QUOTA","IDX","A","2014",1,
"FIN","WOMENPOLVOICE","QUOTA","IDX","A","2014",1,
"FRA","WOMENPOLVOICE","QUOTA","IDX","A","2014",0,
"DEU","WOMENPOLVOICE","QUOTA","IDX","A","2014",1,
"GRC","WOMENPOLVOICE","QUOTA","IDX","A","2014",0,
"HUN","WOMENPOLVOICE","QUOTA","IDX","A","2014",1,
"ISL","WOMENPOLVOICE","QUOTA","IDX","A","2014",1,
"IRL","WOMENPOLVOICE","QUOTA","IDX","A","2014",1,
"ITA","WOMENPOLVOICE","QUOTA","IDX","A","2014",0.5,
"JPN","WOMENPOLVOICE","QUOTA","IDX","A","2014",1,
"KOR","WOMENPOLVOICE","QUOTA","IDX","A","2014",0,
"LUX","WOMENPOLVOICE","QUOTA","IDX","A","2014",1,
"MEX","WOMENPOLVOICE","QUOTA","IDX","A","2014",0,
"NLD","WOMENPOLVOICE","QUOTA","IDX","A","2014",1,
"NZL","WOMENPOLVOICE","QUOTA","IDX","A","2014",1,
"NOR","WOMENPOLVOICE","QUOTA","IDX","A","2014",0.5,
"POL","WOMENPOLVOICE","QUOTA","IDX","A","2014",0,
"PRT","WOMENPOLVOICE","QUOTA","IDX","A","2014",0,
"SVK","WOMENPOLVOICE","QUOTA","IDX","A","2014",1,
"ESP","WOMENPOLVOICE","QUOTA","IDX","A","2014",0,
"SWE","WOMENPOLVOICE","QUOTA","IDX","A","2014",1,
"CHE","WOMENPOLVOICE","QUOTA","IDX","A","2014",1,
"TUR","WOMENPOLVOICE","QUOTA","IDX","A","2014",1,
"GBR","WOMENPOLVOICE","QUOTA","IDX","A","2014",1,
"USA","WOMENPOLVOICE","QUOTA","IDX","A","2014",1,
"ALB","WOMENPOLVOICE","QUOTA","IDX","A","2014",0,
"DZA","WOMENPOLVOICE","QUOTA","IDX","A","2014",0,
"ARG","WOMENPOLVOICE","QUOTA","IDX","A","2014",0,
"ARM","WOMENPOLVOICE","QUOTA","IDX","A","2014",0.5,
"AZE","WOMENPOLVOICE","QUOTA","IDX","A","2014",1,
"BGD","WOMENPOLVOICE","QUOTA","IDX","A","2014",0,
"BLR","WOMENPOLVOICE","QUOTA","IDX","A","2014",0.5,
"BIH","WOMENPOLVOICE","QUOTA","IDX","A","2014",0,
"BRA","WOMENPOLVOICE","QUOTA","IDX","A","2014",0,
"BGR","WOMENPOLVOICE","QUOTA","IDX","A","2014",1,
"KHM","WOMENPOLVOICE","QUOTA","IDX","A","2014",1,
"CHL","WOMENPOLVOICE","QUOTA","IDX","A","2014",1,
"CHN","WOMENPOLVOICE","QUOTA","IDX","A","2014",0.5,
"COL","WOMENPOLVOICE","QUOTA","IDX","A","2014",0,
"HRV","WOMENPOLVOICE","QUOTA","IDX","A","2014",0,
"CYP","WOMENPOLVOICE","QUOTA","IDX","A","2014",1,
"EGY","WOMENPOLVOICE","QUOTA","IDX","A","2014",0,
"EST","WOMENPOLVOICE","QUOTA","IDX","A","2014",1,
"ETH","WOMENPOLVOICE","QUOTA","IDX","A","2014",1,
"GEO","WOMENPOLVOICE","QUOTA","IDX","A","2014",1,
"GHA","WOMENPOLVOICE","QUOTA","IDX","A","2014",1,
"HTI","WOMENPOLVOICE","QUOTA","IDX","A","2014",0.5,
"HKG","WOMENPOLVOICE","QUOTA","IDX","A","2014",1,
"IND","WOMENPOLVOICE","QUOTA","IDX","A","2014",0.5,
"IDN","WOMENPOLVOICE","QUOTA","IDX","A","2014",0,
"IRN","WOMENPOLVOICE","QUOTA","IDX","A","2014",1,
"ISR","WOMENPOLVOICE","QUOTA","IDX","A","2014",1,
"KAZ","WOMENPOLVOICE","QUOTA","IDX","A","2014",1,
"LVA","WOMENPOLVOICE","QUOTA","IDX","A","2014",1,
"LTU","WOMENPOLVOICE","QUOTA","IDX","A","2014",1,
"MKD","WOMENPOLVOICE","QUOTA","IDX","A","2014",0,
"MYS","WOMENPOLVOICE","QUOTA","IDX","A","2014",1,
"MDA","WOMENPOLVOICE","QUOTA","IDX","A","2014",1,
"MOZ","WOMENPOLVOICE","QUOTA","IDX","A","2014",1,
"NGA","WOMENPOLVOICE","QUOTA","IDX","A","2014",1,
"PAK","WOMENPOLVOICE","QUOTA","IDX","A","2014",0,
"PRY","WOMENPOLVOICE","QUOTA","IDX","A","2014",0,
"PER","WOMENPOLVOICE","QUOTA","IDX","A","2014",0,
"PHL","WOMENPOLVOICE","QUOTA","IDX","A","2014",0.5,
"ROU","WOMENPOLVOICE","QUOTA","IDX","A","2014",1,
"RUS","WOMENPOLVOICE","QUOTA","IDX","A","2014",1,
"SAU","WOMENPOLVOICE","QUOTA","IDX","A","2014",1,
"SGP","WOMENPOLVOICE","QUOTA","IDX","A","2014",1,
"SVN","WOMENPOLVOICE","QUOTA","IDX","A","2014",0,
"ZAF","WOMENPOLVOICE","QUOTA","IDX","A","2014",0.5,
"SDN","WOMENPOLVOICE","QUOTA","IDX","A","2014",0.5,
"TZA","WOMENPOLVOICE","QUOTA","IDX","A","2014",0,
"THA","WOMENPOLVOICE","QUOTA","IDX","A","2014",1,
"UKR","WOMENPOLVOICE","QUOTA","IDX","A","2014",1,
"ARE","WOMENPOLVOICE","QUOTA","IDX","A","2014",1,
"URY","WOMENPOLVOICE","QUOTA","IDX","A","2014",0,
"VNM","WOMENPOLVOICE","QUOTA","IDX","A","2014",1,
"ZMB","WOMENPOLVOICE","QUOTA","IDX","A","2014",1,
"SRB","WOMENPOLVOICE","QUOTA","IDX","A","2014",0,
"AUS","WOMENPOLVOICE","POLREPRES","PC","A","2002",25.3,
"AUS","WOMENPOLVOICE","POLREPRES","PC","A","2012",24.7,
"AUS","WOMENPOLVOICE","POLREPRES","PC","A","2014",26,
"AUS","WOMENPOLVOICE","POLREPRES","PC","A","2015",26.7,
"AUS","WOMENPOLVOICE","POLREPRES","PC","A","2017",28.7,
"AUT","WOMENPOLVOICE","POLREPRES","PC","A","2002",26.8,
"AUT","WOMENPOLVOICE","POLREPRES","PC","A","2012",27.9,
"AUT","WOMENPOLVOICE","POLREPRES","PC","A","2014",33,
"AUT","WOMENPOLVOICE","POLREPRES","PC","A","2015",30.6,
"AUT","WOMENPOLVOICE","POLREPRES","PC","A","2017",30.6,
"BEL","WOMENPOLVOICE","POLREPRES","PC","A","2002",23.3,
"BEL","WOMENPOLVOICE","POLREPRES","PC","A","2012",38,
"BEL","WOMENPOLVOICE","POLREPRES","PC","A","2014",38,
"BEL","WOMENPOLVOICE","POLREPRES","PC","A","2015",39.3,
"BEL","WOMENPOLVOICE","POLREPRES","PC","A","2017",38,
"CAN","WOMENPOLVOICE","POLREPRES","PC","A","2002",20.6,
"CAN","WOMENPOLVOICE","POLREPRES","PC","A","2012",24.7,
"CAN","WOMENPOLVOICE","POLREPRES","PC","A","2014",25,
"CAN","WOMENPOLVOICE","POLREPRES","PC","A","2015",25.2,
"CAN","WOMENPOLVOICE","POLREPRES","PC","A","2017",26.3,
"CZE","WOMENPOLVOICE","POLREPRES","PC","A","2002",17,
"CZE","WOMENPOLVOICE","POLREPRES","PC","A","2012",22,
"CZE","WOMENPOLVOICE","POLREPRES","PC","A","2014",20,
"CZE","WOMENPOLVOICE","POLREPRES","PC","A","2015",19,
"CZE","WOMENPOLVOICE","POLREPRES","PC","A","2017",20,
"DNK","WOMENPOLVOICE","POLREPRES","PC","A","2002",38,
"DNK","WOMENPOLVOICE","POLREPRES","PC","A","2012",39.1,
"DNK","WOMENPOLVOICE","POLREPRES","PC","A","2014",39,
"DNK","WOMENPOLVOICE","POLREPRES","PC","A","2015",38,
"DNK","WOMENPOLVOICE","POLREPRES","PC","A","2017",37.4,
"FIN","WOMENPOLVOICE","POLREPRES","PC","A","2002",36.5,
"FIN","WOMENPOLVOICE","POLREPRES","PC","A","2012",42.5,
"FIN","WOMENPOLVOICE","POLREPRES","PC","A","2014",43,
"FIN","WOMENPOLVOICE","POLREPRES","PC","A","2015",42.5,
"FIN","WOMENPOLVOICE","POLREPRES","PC","A","2017",42,
"FRA","WOMENPOLVOICE","POLREPRES","PC","A","2002",12.1,
"FRA","WOMENPOLVOICE","POLREPRES","PC","A","2012",26.9,
"FRA","WOMENPOLVOICE","POLREPRES","PC","A","2014",27,
"FRA","WOMENPOLVOICE","POLREPRES","PC","A","2015",26.2,
"FRA","WOMENPOLVOICE","POLREPRES","PC","A","2017",25.8,
"DEU","WOMENPOLVOICE","POLREPRES","PC","A","2002",32.2,
"DEU","WOMENPOLVOICE","POLREPRES","PC","A","2012",32.9,
"DEU","WOMENPOLVOICE","POLREPRES","PC","A","2014",37,
"DEU","WOMENPOLVOICE","POLREPRES","PC","A","2015",36.5,
"DEU","WOMENPOLVOICE","POLREPRES","PC","A","2017",37,
"GRC","WOMENPOLVOICE","POLREPRES","PC","A","2002",8.7,
"GRC","WOMENPOLVOICE","POLREPRES","PC","A","2012",21,
"GRC","WOMENPOLVOICE","POLREPRES","PC","A","2014",21,
"GRC","WOMENPOLVOICE","POLREPRES","PC","A","2015",23,
"GRC","WOMENPOLVOICE","POLREPRES","PC","A","2017",18.3,
"HUN","WOMENPOLVOICE","POLREPRES","PC","A","2002",9.1,
"HUN","WOMENPOLVOICE","POLREPRES","PC","A","2012",8.8,
"HUN","WOMENPOLVOICE","POLREPRES","PC","A","2014",9,
"HUN","WOMENPOLVOICE","POLREPRES","PC","A","2015",10.1,
"HUN","WOMENPOLVOICE","POLREPRES","PC","A","2017",10.1,
"ISL","WOMENPOLVOICE","POLREPRES","PC","A","2002",34.9,
"ISL","WOMENPOLVOICE","POLREPRES","PC","A","2012",39.7,
"ISL","WOMENPOLVOICE","POLREPRES","PC","A","2014",40,
"ISL","WOMENPOLVOICE","POLREPRES","PC","A","2015",41.3,
"ISL","WOMENPOLVOICE","POLREPRES","PC","A","2017",47.6,
"IRL","WOMENPOLVOICE","POLREPRES","PC","A","2002",13.3,
"IRL","WOMENPOLVOICE","POLREPRES","PC","A","2012",15.1,
"IRL","WOMENPOLVOICE","POLREPRES","PC","A","2014",16,
"IRL","WOMENPOLVOICE","POLREPRES","PC","A","2015",16.3,
"IRL","WOMENPOLVOICE","POLREPRES","PC","A","2017",22.2,
"ITA","WOMENPOLVOICE","POLREPRES","PC","A","2002",9.8,
"ITA","WOMENPOLVOICE","POLREPRES","PC","A","2012",21.6,
"ITA","WOMENPOLVOICE","POLREPRES","PC","A","2014",31,
"ITA","WOMENPOLVOICE","POLREPRES","PC","A","2015",31,
"ITA","WOMENPOLVOICE","POLREPRES","PC","A","2017",31,
"JPN","WOMENPOLVOICE","POLREPRES","PC","A","2002",7.3,
"JPN","WOMENPOLVOICE","POLREPRES","PC","A","2012",10.6,
"JPN","WOMENPOLVOICE","POLREPRES","PC","A","2014",8,
"JPN","WOMENPOLVOICE","POLREPRES","PC","A","2015",9.5,
"JPN","WOMENPOLVOICE","POLREPRES","PC","A","2017",9.3,
"KOR","WOMENPOLVOICE","POLREPRES","PC","A","2002",5.9,
"KOR","WOMENPOLVOICE","POLREPRES","PC","A","2012",15.7,
"KOR","WOMENPOLVOICE","POLREPRES","PC","A","2014",16,
"KOR","WOMENPOLVOICE","POLREPRES","PC","A","2015",16.3,
"KOR","WOMENPOLVOICE","POLREPRES","PC","A","2017",17,
"LUX","WOMENPOLVOICE","POLREPRES","PC","A","2002",16.7,
"LUX","WOMENPOLVOICE","POLREPRES","PC","A","2012",25,
"LUX","WOMENPOLVOICE","POLREPRES","PC","A","2014",23,
"LUX","WOMENPOLVOICE","POLREPRES","PC","A","2015",28.3,
"LUX","WOMENPOLVOICE","POLREPRES","PC","A","2017",28.3,
"MEX","WOMENPOLVOICE","POLREPRES","PC","A","2002",16,
"MEX","WOMENPOLVOICE","POLREPRES","PC","A","2012",36.8,
"MEX","WOMENPOLVOICE","POLREPRES","PC","A","2014",37,
"MEX","WOMENPOLVOICE","POLREPRES","PC","A","2015",38,
"MEX","WOMENPOLVOICE","POLREPRES","PC","A","2017",42.6,
"NLD","WOMENPOLVOICE","POLREPRES","PC","A","2002",34,
"NLD","WOMENPOLVOICE","POLREPRES","PC","A","2012",38.7,
"NLD","WOMENPOLVOICE","POLREPRES","PC","A","2014",39,
"NLD","WOMENPOLVOICE","POLREPRES","PC","A","2015",37.3,
"NLD","WOMENPOLVOICE","POLREPRES","PC","A","2017",38,
"NZL","WOMENPOLVOICE","POLREPRES","PC","A","2002",29.2,
"NZL","WOMENPOLVOICE","POLREPRES","PC","A","2012",32.2,
"NZL","WOMENPOLVOICE","POLREPRES","PC","A","2014",32,
"NZL","WOMENPOLVOICE","POLREPRES","PC","A","2015",31.4,
"NZL","WOMENPOLVOICE","POLREPRES","PC","A","2017",34.2,
"NOR","WOMENPOLVOICE","POLREPRES","PC","A","2002",36.4,
"NOR","WOMENPOLVOICE","POLREPRES","PC","A","2012",39.6,
"NOR","WOMENPOLVOICE","POLREPRES","PC","A","2014",40,
"NOR","WOMENPOLVOICE","POLREPRES","PC","A","2015",39.6,
"NOR","WOMENPOLVOICE","POLREPRES","PC","A","2017",39.6,
"POL","WOMENPOLVOICE","POLREPRES","PC","A","2002",20.2,
"POL","WOMENPOLVOICE","POLREPRES","PC","A","2012",23.7,
"POL","WOMENPOLVOICE","POLREPRES","PC","A","2014",24,
"POL","WOMENPOLVOICE","POLREPRES","PC","A","2015",24.1,
"POL","WOMENPOLVOICE","POLREPRES","PC","A","2017",28,
"PRT","WOMENPOLVOICE","POLREPRES","PC","A","2002",19.1,
"PRT","WOMENPOLVOICE","POLREPRES","PC","A","2012",28.7,
"PRT","WOMENPOLVOICE","POLREPRES","PC","A","2014",29,
"PRT","WOMENPOLVOICE","POLREPRES","PC","A","2015",31.3,
"PRT","WOMENPOLVOICE","POLREPRES","PC","A","2017",34.8,
"SVK","WOMENPOLVOICE","POLREPRES","PC","A","2012",17.3,
"SVK","WOMENPOLVOICE","POLREPRES","PC","A","2014",19,
"SVK","WOMENPOLVOICE","POLREPRES","PC","A","2015",18.7,
"SVK","WOMENPOLVOICE","POLREPRES","PC","A","2017",20,
"ESP","WOMENPOLVOICE","POLREPRES","PC","A","2002",28.3,
"ESP","WOMENPOLVOICE","POLREPRES","PC","A","2012",36,
"ESP","WOMENPOLVOICE","POLREPRES","PC","A","2014",36,
"ESP","WOMENPOLVOICE","POLREPRES","PC","A","2015",41.1,
"ESP","WOMENPOLVOICE","POLREPRES","PC","A","2017",39.1,
"SWE","WOMENPOLVOICE","POLREPRES","PC","A","2002",45,
"SWE","WOMENPOLVOICE","POLREPRES","PC","A","2012",44.7,
"SWE","WOMENPOLVOICE","POLREPRES","PC","A","2014",45,
"SWE","WOMENPOLVOICE","POLREPRES","PC","A","2015",43.6,
"SWE","WOMENPOLVOICE","POLREPRES","PC","A","2017",43.6,
"CHE","WOMENPOLVOICE","POLREPRES","PC","A","2002",23,
"CHE","WOMENPOLVOICE","POLREPRES","PC","A","2012",28.5,
"CHE","WOMENPOLVOICE","POLREPRES","PC","A","2014",29,
"CHE","WOMENPOLVOICE","POLREPRES","PC","A","2015",30.5,
"CHE","WOMENPOLVOICE","POLREPRES","PC","A","2017",32.5,
"TUR","WOMENPOLVOICE","POLREPRES","PC","A","2002",4.2,
"TUR","WOMENPOLVOICE","POLREPRES","PC","A","2012",14.2,
"TUR","WOMENPOLVOICE","POLREPRES","PC","A","2014",14,
"TUR","WOMENPOLVOICE","POLREPRES","PC","A","2015",14.4,
"TUR","WOMENPOLVOICE","POLREPRES","PC","A","2017",14.9,
"GBR","WOMENPOLVOICE","POLREPRES","PC","A","2002",17.9,
"GBR","WOMENPOLVOICE","POLREPRES","PC","A","2012",22.3,
"GBR","WOMENPOLVOICE","POLREPRES","PC","A","2014",23,
"GBR","WOMENPOLVOICE","POLREPRES","PC","A","2015",29.4,
"GBR","WOMENPOLVOICE","POLREPRES","PC","A","2017",30,
"USA","WOMENPOLVOICE","POLREPRES","PC","A","2002",14,
"USA","WOMENPOLVOICE","POLREPRES","PC","A","2012",17,
"USA","WOMENPOLVOICE","POLREPRES","PC","A","2014",18,
"USA","WOMENPOLVOICE","POLREPRES","PC","A","2015",19.4,
"USA","WOMENPOLVOICE","POLREPRES","PC","A","2017",19.1,
"ALB","WOMENPOLVOICE","POLREPRES","PC","A","2014",18,
"DZA","WOMENPOLVOICE","POLREPRES","PC","A","2014",32,
"ARG","WOMENPOLVOICE","POLREPRES","PC","A","2014",37,
"ARM","WOMENPOLVOICE","POLREPRES","PC","A","2014",11,
"AZE","WOMENPOLVOICE","POLREPRES","PC","A","2014",16,
"BGD","WOMENPOLVOICE","POLREPRES","PC","A","2014",20,
"BLR","WOMENPOLVOICE","POLREPRES","PC","A","2014",27,
"BIH","WOMENPOLVOICE","POLREPRES","PC","A","2014",21,
"BRA","WOMENPOLVOICE","POLREPRES","PC","A","2014",9,
"BGR","WOMENPOLVOICE","POLREPRES","PC","A","2014",25,
"KHM","WOMENPOLVOICE","POLREPRES","PC","A","2014",20,
"CHL","WOMENPOLVOICE","POLREPRES","PC","A","2002",12.5,
"CHL","WOMENPOLVOICE","POLREPRES","PC","A","2012",14.2,
"CHL","WOMENPOLVOICE","POLREPRES","PC","A","2014",14,
"CHL","WOMENPOLVOICE","POLREPRES","PC","A","2015",15.8,
"CHL","WOMENPOLVOICE","POLREPRES","PC","A","2017",15.8,
"CHN","WOMENPOLVOICE","POLREPRES","PC","A","2014",23,
"COL","WOMENPOLVOICE","POLREPRES","PC","A","2002",12,
"COL","WOMENPOLVOICE","POLREPRES","PC","A","2012",12,
"COL","WOMENPOLVOICE","POLREPRES","PC","A","2014",12,
"COL","WOMENPOLVOICE","POLREPRES","PC","A","2015",19.9,
"HRV","WOMENPOLVOICE","POLREPRES","PC","A","2014",24,
"CYP","WOMENPOLVOICE","POLREPRES","PC","A","2014",11,
"EGY","WOMENPOLVOICE","POLREPRES","PC","A","2014",2,
"EST","WOMENPOLVOICE","POLREPRES","PC","A","2002",17.8,
"EST","WOMENPOLVOICE","POLREPRES","PC","A","2012",19.8,
"EST","WOMENPOLVOICE","POLREPRES","PC","A","2014",21,
"EST","WOMENPOLVOICE","POLREPRES","PC","A","2015",19.8,
"EST","WOMENPOLVOICE","POLREPRES","PC","A","2017",26.7,
"ETH","WOMENPOLVOICE","POLREPRES","PC","A","2014",28,
"GEO","WOMENPOLVOICE","POLREPRES","PC","A","2014",12,
"GHA","WOMENPOLVOICE","POLREPRES","PC","A","2014",11,
"HTI","WOMENPOLVOICE","POLREPRES","PC","A","2014",4,
"IND","WOMENPOLVOICE","POLREPRES","PC","A","2014",11,
"IDN","WOMENPOLVOICE","POLREPRES","PC","A","2014",19,
"IRN","WOMENPOLVOICE","POLREPRES","PC","A","2014",3,
"ISR","WOMENPOLVOICE","POLREPRES","PC","A","2002",14.2,
"ISR","WOMENPOLVOICE","POLREPRES","PC","A","2012",20,
"ISR","WOMENPOLVOICE","POLREPRES","PC","A","2014",23,
"ISR","WOMENPOLVOICE","POLREPRES","PC","A","2015",22.5,
"ISR","WOMENPOLVOICE","POLREPRES","PC","A","2017",27.5,
"KAZ","WOMENPOLVOICE","POLREPRES","PC","A","2014",24,
"LVA","WOMENPOLVOICE","POLREPRES","PC","A","2002",18,
"LVA","WOMENPOLVOICE","POLREPRES","PC","A","2012",23,
"LVA","WOMENPOLVOICE","POLREPRES","PC","A","2014",23,
"LVA","WOMENPOLVOICE","POLREPRES","PC","A","2015",18,
"LVA","WOMENPOLVOICE","POLREPRES","PC","A","2017",16,
"LTU","WOMENPOLVOICE","POLREPRES","PC","A","2014",24,
"MKD","WOMENPOLVOICE","POLREPRES","PC","A","2014",34,
"MYS","WOMENPOLVOICE","POLREPRES","PC","A","2014",10,
"MDA","WOMENPOLVOICE","POLREPRES","PC","A","2014",20,
"MOZ","WOMENPOLVOICE","POLREPRES","PC","A","2014",39,
"NGA","WOMENPOLVOICE","POLREPRES","PC","A","2014",7,
"PAK","WOMENPOLVOICE","POLREPRES","PC","A","2014",21,
"PRY","WOMENPOLVOICE","POLREPRES","PC","A","2014",18,
"PER","WOMENPOLVOICE","POLREPRES","PC","A","2014",22,
"PHL","WOMENPOLVOICE","POLREPRES","PC","A","2014",27,
"ROU","WOMENPOLVOICE","POLREPRES","PC","A","2014",13,
"RUS","WOMENPOLVOICE","POLREPRES","PC","A","2014",14,
"SAU","WOMENPOLVOICE","POLREPRES","PC","A","2014",20,
"SGP","WOMENPOLVOICE","POLREPRES","PC","A","2014",24,
"SVN","WOMENPOLVOICE","POLREPRES","PC","A","2002",12.2,
"SVN","WOMENPOLVOICE","POLREPRES","PC","A","2012",32.2,
"SVN","WOMENPOLVOICE","POLREPRES","PC","A","2014",32,
"SVN","WOMENPOLVOICE","POLREPRES","PC","A","2015",36.7,
"SVN","WOMENPOLVOICE","POLREPRES","PC","A","2017",36.7,
"ZAF","WOMENPOLVOICE","POLREPRES","PC","A","2014",42,
"SDN","WOMENPOLVOICE","POLREPRES","PC","A","2014",25,
"TZA","WOMENPOLVOICE","POLREPRES","PC","A","2014",36,
"THA","WOMENPOLVOICE","POLREPRES","PC","A","2014",16,
"UKR","WOMENPOLVOICE","POLREPRES","PC","A","2014",9,
"ARE","WOMENPOLVOICE","POLREPRES","PC","A","2014",18,
"URY","WOMENPOLVOICE","POLREPRES","PC","A","2014",12,
"VNM","WOMENPOLVOICE","POLREPRES","PC","A","2014",24,
"ZMB","WOMENPOLVOICE","POLREPRES","PC","A","2014",12,
"SRB","WOMENPOLVOICE","POLREPRES","PC","A","2014",33,
"AFG","WOMENPOLVOICE","QUOTA","IDX","A","2014",0,
"AFG","WOMENPOLVOICE","POLREPRES","PC","A","2014",28,
"AGO","WOMENPOLVOICE","QUOTA","IDX","A","2014",0.5,
"AGO","WOMENPOLVOICE","POLREPRES","PC","A","2014",34,
"BHR","WOMENPOLVOICE","QUOTA","IDX","A","2014",1,
"BHR","WOMENPOLVOICE","POLREPRES","PC","A","2014",10,
"BEN","WOMENPOLVOICE","QUOTA","IDX","A","2014",1,
"BEN","WOMENPOLVOICE","POLREPRES","PC","A","2014",8,
"BTN","WOMENPOLVOICE","QUOTA","IDX","A","2014",1,
"BTN","WOMENPOLVOICE","POLREPRES","PC","A","2014",6,
"BOL","WOMENPOLVOICE","QUOTA","IDX","A","2014",0,
"BOL","WOMENPOLVOICE","POLREPRES","PC","A","2014",25,
"BWA","WOMENPOLVOICE","QUOTA","IDX","A","2014",1,
"BWA","WOMENPOLVOICE","POLREPRES","PC","A","2014",8,
"BFA","WOMENPOLVOICE","QUOTA","IDX","A","2014",0,
"BFA","WOMENPOLVOICE","POLREPRES","PC","A","2014",16,
"BDI","WOMENPOLVOICE","QUOTA","IDX","A","2014",0,
"BDI","WOMENPOLVOICE","POLREPRES","PC","A","2014",31,
"CMR","WOMENPOLVOICE","QUOTA","IDX","A","2014",1,
"CMR","WOMENPOLVOICE","POLREPRES","PC","A","2014",31,
"CAF","WOMENPOLVOICE","QUOTA","IDX","A","2014",1,
"CAF","WOMENPOLVOICE","POLREPRES","PC","A","2014",13,
"TCD","WOMENPOLVOICE","QUOTA","IDX","A","2014",1,
"TCD","WOMENPOLVOICE","POLREPRES","PC","A","2014",15,
"COG","WOMENPOLVOICE","QUOTA","IDX","A","2014",0,
"COG","WOMENPOLVOICE","POLREPRES","PC","A","2014",7,
"CRI","WOMENPOLVOICE","QUOTA","IDX","A","2014",0,
"CRI","WOMENPOLVOICE","POLREPRES","PC","A","2014",39,
"CIV","WOMENPOLVOICE","QUOTA","IDX","A","2014",1,
"CIV","WOMENPOLVOICE","POLREPRES","PC","A","2014",10,
"CUB","WOMENPOLVOICE","QUOTA","IDX","A","2014",1,
"CUB","WOMENPOLVOICE","POLREPRES","PC","A","2014",49,
"PRK","WOMENPOLVOICE","QUOTA","IDX","A","2014",1,
"PRK","WOMENPOLVOICE","POLREPRES","PC","A","2014",16,
"COD","WOMENPOLVOICE","QUOTA","IDX","A","2014",0,
"COD","WOMENPOLVOICE","POLREPRES","PC","A","2014",9,
"DOM","WOMENPOLVOICE","QUOTA","IDX","A","2014",0,
"DOM","WOMENPOLVOICE","POLREPRES","PC","A","2014",21,
"ECU","WOMENPOLVOICE","QUOTA","IDX","A","2014",0,
"ECU","WOMENPOLVOICE","POLREPRES","PC","A","2014",39,
"SLV","WOMENPOLVOICE","QUOTA","IDX","A","2014",0,
"SLV","WOMENPOLVOICE","POLREPRES","PC","A","2014",26,
"GNQ","WOMENPOLVOICE","QUOTA","IDX","A","2014",1,
"GNQ","WOMENPOLVOICE","POLREPRES","PC","A","2014",12,
"ERI","WOMENPOLVOICE","QUOTA","IDX","A","2014",0,
"ERI","WOMENPOLVOICE","POLREPRES","PC","A","2014",22,
"FJI","WOMENPOLVOICE","QUOTA","IDX","A","2014",1,
"FJI","WOMENPOLVOICE","POLREPRES","PC","A","2014",9,
"GAB","WOMENPOLVOICE","QUOTA","IDX","A","2014",1,
"GAB","WOMENPOLVOICE","POLREPRES","PC","A","2014",16,
"GMB","WOMENPOLVOICE","QUOTA","IDX","A","2014",1,
"GMB","WOMENPOLVOICE","POLREPRES","PC","A","2014",8,
"GTM","WOMENPOLVOICE","QUOTA","IDX","A","2014",1,
"GTM","WOMENPOLVOICE","POLREPRES","PC","A","2014",13,
"GIN","WOMENPOLVOICE","QUOTA","IDX","A","2014",0,
"GIN","WOMENPOLVOICE","POLREPRES","PC","A","2014",22,
"GNB","WOMENPOLVOICE","QUOTA","IDX","A","2014",1,
"GNB","WOMENPOLVOICE","POLREPRES","PC","A","2014",14,
"HND","WOMENPOLVOICE","QUOTA","IDX","A","2014",0,
"HND","WOMENPOLVOICE","POLREPRES","PC","A","2014",20,
"IRQ","WOMENPOLVOICE","QUOTA","IDX","A","2014",0,
"IRQ","WOMENPOLVOICE","POLREPRES","PC","A","2014",25,
"JAM","WOMENPOLVOICE","QUOTA","IDX","A","2014",1,
"JAM","WOMENPOLVOICE","POLREPRES","PC","A","2014",13,
"JOR","WOMENPOLVOICE","QUOTA","IDX","A","2014",0,
"JOR","WOMENPOLVOICE","POLREPRES","PC","A","2014",12,
"KEN","WOMENPOLVOICE","QUOTA","IDX","A","2014",0,
"KEN","WOMENPOLVOICE","POLREPRES","PC","A","2014",19,
"KWT","WOMENPOLVOICE","QUOTA","IDX","A","2014",1,
"KWT","WOMENPOLVOICE","POLREPRES","PC","A","2014",6,
"KGZ","WOMENPOLVOICE","QUOTA","IDX","A","2014",0,
"KGZ","WOMENPOLVOICE","POLREPRES","PC","A","2014",23,
"LAO","WOMENPOLVOICE","QUOTA","IDX","A","2014",1,
"LAO","WOMENPOLVOICE","POLREPRES","PC","A","2014",25,
"LBN","WOMENPOLVOICE","QUOTA","IDX","A","2014",1,
"LBN","WOMENPOLVOICE","POLREPRES","PC","A","2014",3,
"LSO","WOMENPOLVOICE","QUOTA","IDX","A","2014",0,
"LSO","WOMENPOLVOICE","POLREPRES","PC","A","2014",27,
"LBR","WOMENPOLVOICE","QUOTA","IDX","A","2014",1,
"LBR","WOMENPOLVOICE","POLREPRES","PC","A","2014",11,
"LBY","WOMENPOLVOICE","QUOTA","IDX","A","2014",1,
"LBY","WOMENPOLVOICE","POLREPRES","PC","A","2014",17,
"MDG","WOMENPOLVOICE","QUOTA","IDX","A","2014",1,
"MDG","WOMENPOLVOICE","POLREPRES","PC","A","2014",18,
"MWI","WOMENPOLVOICE","QUOTA","IDX","A","2014",1,
"MWI","WOMENPOLVOICE","POLREPRES","PC","A","2014",22,
"MLI","WOMENPOLVOICE","QUOTA","IDX","A","2014",1,
"MLI","WOMENPOLVOICE","POLREPRES","PC","A","2014",10,
"MRT","WOMENPOLVOICE","QUOTA","IDX","A","2014",0,
"MRT","WOMENPOLVOICE","POLREPRES","PC","A","2014",22,
"MUS","WOMENPOLVOICE","QUOTA","IDX","A","2014",0.5,
"MUS","WOMENPOLVOICE","POLREPRES","PC","A","2014",19,
"MNG","WOMENPOLVOICE","QUOTA","IDX","A","2014",0,
"MNG","WOMENPOLVOICE","POLREPRES","PC","A","2014",15,
"MAR","WOMENPOLVOICE","QUOTA","IDX","A","2014",0,
"MAR","WOMENPOLVOICE","POLREPRES","PC","A","2014",17,
"MMR","WOMENPOLVOICE","QUOTA","IDX","A","2014",1,
"MMR","WOMENPOLVOICE","POLREPRES","PC","A","2014",6,
"NAM","WOMENPOLVOICE","QUOTA","IDX","A","2014",0.5,
"NAM","WOMENPOLVOICE","POLREPRES","PC","A","2014",24,
"NPL","WOMENPOLVOICE","QUOTA","IDX","A","2014",0,
"NPL","WOMENPOLVOICE","POLREPRES","PC","A","2014",33,
"NIC","WOMENPOLVOICE","QUOTA","IDX","A","2014",1,
"NIC","WOMENPOLVOICE","POLREPRES","PC","A","2014",40,
"NER","WOMENPOLVOICE","QUOTA","IDX","A","2014",0,
"NER","WOMENPOLVOICE","POLREPRES","PC","A","2014",13,
"PSE","WOMENPOLVOICE","QUOTA","IDX","A","2014",0,
"PSE","WOMENPOLVOICE","POLREPRES","PC","A","2014",13,
"OMN","WOMENPOLVOICE","QUOTA","IDX","A","2014",1,
"OMN","WOMENPOLVOICE","POLREPRES","PC","A","2014",1,
"PAN","WOMENPOLVOICE","QUOTA","IDX","A","2014",0.5,
"PAN","WOMENPOLVOICE","POLREPRES","PC","A","2014",9,
"PNG","WOMENPOLVOICE","QUOTA","IDX","A","2014",1,
"PNG","WOMENPOLVOICE","POLREPRES","PC","A","2014",3,
"QAT","WOMENPOLVOICE","QUOTA","IDX","A","2014",1,
"QAT","WOMENPOLVOICE","POLREPRES","PC","A","2014",0,
"RWA","WOMENPOLVOICE","QUOTA","IDX","A","2014",0,
"RWA","WOMENPOLVOICE","POLREPRES","PC","A","2014",64,
"SEN","WOMENPOLVOICE","QUOTA","IDX","A","2014",0,
"SEN","WOMENPOLVOICE","POLREPRES","PC","A","2014",43,
"SLE","WOMENPOLVOICE","QUOTA","IDX","A","2014",0.5,
"SLE","WOMENPOLVOICE","POLREPRES","PC","A","2014",12,
"SOM","WOMENPOLVOICE","QUOTA","IDX","A","2014",0.5,
"SOM","WOMENPOLVOICE","POLREPRES","PC","A","2014",14,
"LKA","WOMENPOLVOICE","QUOTA","IDX","A","2014",1,
"LKA","WOMENPOLVOICE","POLREPRES","PC","A","2014",6,
"SWZ","WOMENPOLVOICE","QUOTA","IDX","A","2014",0.5,
"SWZ","WOMENPOLVOICE","POLREPRES","PC","A","2014",6,
"SYR","WOMENPOLVOICE","QUOTA","IDX","A","2014",1,
"SYR","WOMENPOLVOICE","POLREPRES","PC","A","2014",12,
"TJK","WOMENPOLVOICE","QUOTA","IDX","A","2014",1,
"TJK","WOMENPOLVOICE","POLREPRES","PC","A","2014",19,
"TLS","WOMENPOLVOICE","QUOTA","IDX","A","2014",0.5,
"TLS","WOMENPOLVOICE","POLREPRES","PC","A","2014",39,
"TGO","WOMENPOLVOICE","QUOTA","IDX","A","2014",1,
"TGO","WOMENPOLVOICE","POLREPRES","PC","A","2014",15,
"TTO","WOMENPOLVOICE","QUOTA","IDX","A","2014",1,
"TTO","WOMENPOLVOICE","POLREPRES","PC","A","2014",29,
"TUN","WOMENPOLVOICE","QUOTA","IDX","A","2014",0.5,
"TUN","WOMENPOLVOICE","POLREPRES","PC","A","2014",27,
"TKM","WOMENPOLVOICE","QUOTA","IDX","A","2014",1,
"TKM","WOMENPOLVOICE","POLREPRES","PC","A","2014",17,
"UGA","WOMENPOLVOICE","QUOTA","IDX","A","2014",0,
"UGA","WOMENPOLVOICE","POLREPRES","PC","A","2014",35,
"UZB","WOMENPOLVOICE","QUOTA","IDX","A","2014",0,
"UZB","WOMENPOLVOICE","POLREPRES","PC","A","2014",22,
"VEN","WOMENPOLVOICE","QUOTA","IDX","A","2014",1,
"VEN","WOMENPOLVOICE","POLREPRES","PC","A","2014",17,
"YEM","WOMENPOLVOICE","QUOTA","IDX","A","2014",1,
"YEM","WOMENPOLVOICE","POLREPRES","PC","A","2014",0,
"ZWE","WOMENPOLVOICE","QUOTA","IDX","A","2014",0,
"ZWE","WOMENPOLVOICE","POLREPRES","PC","A","2014",32,
"OAVG","WOMENPOLVOICE","POLREPRES","PC","A","2012",26.4,
"OAVG","WOMENPOLVOICE","POLREPRES","PC","A","2015",27.8,
"OAVG","WOMENPOLVOICE","POLREPRES","PC","A","2017",28.8,
"AUS","WOMENPOLVOICE","MINISTERWOMEN","PC","A","2005",20,
"AUS","WOMENPOLVOICE","MINISTERWOMEN","PC","A","2012",20.7,
"AUS","WOMENPOLVOICE","MINISTERWOMEN","PC","A","2015",17.2,
"AUS","WOMENPOLVOICE","MINISTERWOMEN","PC","A","2017",24.1,
"AUT","WOMENPOLVOICE","MINISTERWOMEN","PC","A","2005",35.3,
"AUT","WOMENPOLVOICE","MINISTERWOMEN","PC","A","2012",46.2,
"AUT","WOMENPOLVOICE","MINISTERWOMEN","PC","A","2015",30.8,
"AUT","WOMENPOLVOICE","MINISTERWOMEN","PC","A","2017",23.1,
"BEL","WOMENPOLVOICE","MINISTERWOMEN","PC","A","2005",21.4,
"BEL","WOMENPOLVOICE","MINISTERWOMEN","PC","A","2012",41.7,
"BEL","WOMENPOLVOICE","MINISTERWOMEN","PC","A","2015",23.1,
"BEL","WOMENPOLVOICE","MINISTERWOMEN","PC","A","2017",23.1,
"CAN","WOMENPOLVOICE","MINISTERWOMEN","PC","A","2005",23.1,
"CAN","WOMENPOLVOICE","MINISTERWOMEN","PC","A","2012",26.9,
"CAN","WOMENPOLVOICE","MINISTERWOMEN","PC","A","2015",30.8,
"CAN","WOMENPOLVOICE","MINISTERWOMEN","PC","A","2017",51.7,
"CZE","WOMENPOLVOICE","MINISTERWOMEN","PC","A","2005",11.1,
"CZE","WOMENPOLVOICE","MINISTERWOMEN","PC","A","2012",13.3,
"CZE","WOMENPOLVOICE","MINISTERWOMEN","PC","A","2015",18.8,
"CZE","WOMENPOLVOICE","MINISTERWOMEN","PC","A","2017",17.6,
"DNK","WOMENPOLVOICE","MINISTERWOMEN","PC","A","2005",33.3,
"DNK","WOMENPOLVOICE","MINISTERWOMEN","PC","A","2012",39.1,
"DNK","WOMENPOLVOICE","MINISTERWOMEN","PC","A","2015",26.3,
"DNK","WOMENPOLVOICE","MINISTERWOMEN","PC","A","2017",42.9,
"FIN","WOMENPOLVOICE","MINISTERWOMEN","PC","A","2005",47.1,
"FIN","WOMENPOLVOICE","MINISTERWOMEN","PC","A","2012",50,
"FIN","WOMENPOLVOICE","MINISTERWOMEN","PC","A","2015",62.5,
"FIN","WOMENPOLVOICE","MINISTERWOMEN","PC","A","2017",38.5,
"FRA","WOMENPOLVOICE","MINISTERWOMEN","PC","A","2005",17.6,
"FRA","WOMENPOLVOICE","MINISTERWOMEN","PC","A","2012",20.8,
"FRA","WOMENPOLVOICE","MINISTERWOMEN","PC","A","2015",50,
"FRA","WOMENPOLVOICE","MINISTERWOMEN","PC","A","2017",52.9,
"DEU","WOMENPOLVOICE","MINISTERWOMEN","PC","A","2005",42.9,
"DEU","WOMENPOLVOICE","MINISTERWOMEN","PC","A","2012",33.3,
"DEU","WOMENPOLVOICE","MINISTERWOMEN","PC","A","2015",33.3,
"DEU","WOMENPOLVOICE","MINISTERWOMEN","PC","A","2017",33.3,
"GRC","WOMENPOLVOICE","MINISTERWOMEN","PC","A","2005",5.6,
"GRC","WOMENPOLVOICE","MINISTERWOMEN","PC","A","2012",5.6,
"GRC","WOMENPOLVOICE","MINISTERWOMEN","PC","A","2015",10,
"GRC","WOMENPOLVOICE","MINISTERWOMEN","PC","A","2017",21.1,
"HUN","WOMENPOLVOICE","MINISTERWOMEN","PC","A","2005",11.8,
"HUN","WOMENPOLVOICE","MINISTERWOMEN","PC","A","2012",10,
"HUN","WOMENPOLVOICE","MINISTERWOMEN","PC","A","2015",0,
"HUN","WOMENPOLVOICE","MINISTERWOMEN","PC","A","2017",0,
"ISL","WOMENPOLVOICE","MINISTERWOMEN","PC","A","2005",27.3,
"ISL","WOMENPOLVOICE","MINISTERWOMEN","PC","A","2012",50,
"ISL","WOMENPOLVOICE","MINISTERWOMEN","PC","A","2015",44.4,
"ISL","WOMENPOLVOICE","MINISTERWOMEN","PC","A","2017",36,
"IRL","WOMENPOLVOICE","MINISTERWOMEN","PC","A","2005",21.4,
"IRL","WOMENPOLVOICE","MINISTERWOMEN","PC","A","2012",14.3,
"IRL","WOMENPOLVOICE","MINISTERWOMEN","PC","A","2015",28.6,
"IRL","WOMENPOLVOICE","MINISTERWOMEN","PC","A","2017",26.7,
"ITA","WOMENPOLVOICE","MINISTERWOMEN","PC","A","2005",8.3,
"ITA","WOMENPOLVOICE","MINISTERWOMEN","PC","A","2012",16.7,
"ITA","WOMENPOLVOICE","MINISTERWOMEN","PC","A","2015",43.8,
"ITA","WOMENPOLVOICE","MINISTERWOMEN","PC","A","2017",27.8,
"JPN","WOMENPOLVOICE","MINISTERWOMEN","PC","A","2005",12.5,
"JPN","WOMENPOLVOICE","MINISTERWOMEN","PC","A","2012",11.8,
"JPN","WOMENPOLVOICE","MINISTERWOMEN","PC","A","2015",22.2,
"JPN","WOMENPOLVOICE","MINISTERWOMEN","PC","A","2017",15.8,
"KOR","WOMENPOLVOICE","MINISTERWOMEN","PC","A","2005",5.6,
"KOR","WOMENPOLVOICE","MINISTERWOMEN","PC","A","2012",11.1,
"KOR","WOMENPOLVOICE","MINISTERWOMEN","PC","A","2015",5.9,
"KOR","WOMENPOLVOICE","MINISTERWOMEN","PC","A","2017",9.1,
"LUX","WOMENPOLVOICE","MINISTERWOMEN","PC","A","2005",14.3,
"LUX","WOMENPOLVOICE","MINISTERWOMEN","PC","A","2012",26.7,
"LUX","WOMENPOLVOICE","MINISTERWOMEN","PC","A","2015",26.7,
"LUX","WOMENPOLVOICE","MINISTERWOMEN","PC","A","2017",20,
"MEX","WOMENPOLVOICE","MINISTERWOMEN","PC","A","2005",9.4,
"MEX","WOMENPOLVOICE","MINISTERWOMEN","PC","A","2012",21.1,
"MEX","WOMENPOLVOICE","MINISTERWOMEN","PC","A","2015",17.6,
"MEX","WOMENPOLVOICE","MINISTERWOMEN","PC","A","2017",15.8,
"NLD","WOMENPOLVOICE","MINISTERWOMEN","PC","A","2005",36,
"NLD","WOMENPOLVOICE","MINISTERWOMEN","PC","A","2012",33.3,
"NLD","WOMENPOLVOICE","MINISTERWOMEN","PC","A","2015",46.7,
"NLD","WOMENPOLVOICE","MINISTERWOMEN","PC","A","2017",37.5,
"NZL","WOMENPOLVOICE","MINISTERWOMEN","PC","A","2005",23.1,
"NZL","WOMENPOLVOICE","MINISTERWOMEN","PC","A","2012",28.6,
"NZL","WOMENPOLVOICE","MINISTERWOMEN","PC","A","2015",33.3,
"NZL","WOMENPOLVOICE","MINISTERWOMEN","PC","A","2017",37,
"NOR","WOMENPOLVOICE","MINISTERWOMEN","PC","A","2005",44.4,
"NOR","WOMENPOLVOICE","MINISTERWOMEN","PC","A","2012",52.6,
"NOR","WOMENPOLVOICE","MINISTERWOMEN","PC","A","2015",47.1,
"NOR","WOMENPOLVOICE","MINISTERWOMEN","PC","A","2017",38.9,
"POL","WOMENPOLVOICE","MINISTERWOMEN","PC","A","2005",5.9,
"POL","WOMENPOLVOICE","MINISTERWOMEN","PC","A","2012",22.2,
"POL","WOMENPOLVOICE","MINISTERWOMEN","PC","A","2015",27.8,
"POL","WOMENPOLVOICE","MINISTERWOMEN","PC","A","2017",22.7,
"PRT","WOMENPOLVOICE","MINISTERWOMEN","PC","A","2005",16.7,
"PRT","WOMENPOLVOICE","MINISTERWOMEN","PC","A","2012",18.2,
"PRT","WOMENPOLVOICE","MINISTERWOMEN","PC","A","2015",28.6,
"PRT","WOMENPOLVOICE","MINISTERWOMEN","PC","A","2017",22.2,
"SVK","WOMENPOLVOICE","MINISTERWOMEN","PC","A","2012",14.3,
"SVK","WOMENPOLVOICE","MINISTERWOMEN","PC","A","2015",0,
"SVK","WOMENPOLVOICE","MINISTERWOMEN","PC","A","2017",14.3,
"ESP","WOMENPOLVOICE","MINISTERWOMEN","PC","A","2005",50,
"ESP","WOMENPOLVOICE","MINISTERWOMEN","PC","A","2012",30.8,
"ESP","WOMENPOLVOICE","MINISTERWOMEN","PC","A","2015",30.8,
"ESP","WOMENPOLVOICE","MINISTERWOMEN","PC","A","2017",38.5,
"SWE","WOMENPOLVOICE","MINISTERWOMEN","PC","A","2005",52.4,
"SWE","WOMENPOLVOICE","MINISTERWOMEN","PC","A","2012",52.2,
"SWE","WOMENPOLVOICE","MINISTERWOMEN","PC","A","2015",52.2,
"SWE","WOMENPOLVOICE","MINISTERWOMEN","PC","A","2017",52.2,
"CHE","WOMENPOLVOICE","MINISTERWOMEN","PC","A","2005",14.3,
"CHE","WOMENPOLVOICE","MINISTERWOMEN","PC","A","2012",42.9,
"CHE","WOMENPOLVOICE","MINISTERWOMEN","PC","A","2015",42.9,
"CHE","WOMENPOLVOICE","MINISTERWOMEN","PC","A","2017",28.6,
"TUR","WOMENPOLVOICE","MINISTERWOMEN","PC","A","2005",4.3,
"TUR","WOMENPOLVOICE","MINISTERWOMEN","PC","A","2012",4,
"TUR","WOMENPOLVOICE","MINISTERWOMEN","PC","A","2015",4,
"TUR","WOMENPOLVOICE","MINISTERWOMEN","PC","A","2017",3.8,
"GBR","WOMENPOLVOICE","MINISTERWOMEN","PC","A","2005",28.6,
"GBR","WOMENPOLVOICE","MINISTERWOMEN","PC","A","2012",17.2,
"GBR","WOMENPOLVOICE","MINISTERWOMEN","PC","A","2015",22.7,
"GBR","WOMENPOLVOICE","MINISTERWOMEN","PC","A","2017",30.8,
"USA","WOMENPOLVOICE","MINISTERWOMEN","PC","A","2005",14.3,
"USA","WOMENPOLVOICE","MINISTERWOMEN","PC","A","2012",27.3,
"USA","WOMENPOLVOICE","MINISTERWOMEN","PC","A","2015",26.1,
"USA","WOMENPOLVOICE","MINISTERWOMEN","PC","A","2017",16.7,
"CHL","WOMENPOLVOICE","MINISTERWOMEN","PC","A","2005",16.7,
"CHL","WOMENPOLVOICE","MINISTERWOMEN","PC","A","2012",18.2,
"CHL","WOMENPOLVOICE","MINISTERWOMEN","PC","A","2015",34.8,
"CHL","WOMENPOLVOICE","MINISTERWOMEN","PC","A","2017",34.8,
"COL","WOMENPOLVOICE","MINISTERWOMEN","PC","A","2005",35.7,
"COL","WOMENPOLVOICE","MINISTERWOMEN","PC","A","2012",33.3,
"COL","WOMENPOLVOICE","MINISTERWOMEN","PC","A","2015",29.4,
"EST","WOMENPOLVOICE","MINISTERWOMEN","PC","A","2005",15.4,
"EST","WOMENPOLVOICE","MINISTERWOMEN","PC","A","2012",8.3,
"EST","WOMENPOLVOICE","MINISTERWOMEN","PC","A","2015",46.2,
"EST","WOMENPOLVOICE","MINISTERWOMEN","PC","A","2017",28.6,
"ISR","WOMENPOLVOICE","MINISTERWOMEN","PC","A","2005",16.7,
"ISR","WOMENPOLVOICE","MINISTERWOMEN","PC","A","2012",10.3,
"ISR","WOMENPOLVOICE","MINISTERWOMEN","PC","A","2015",18.2,
"ISR","WOMENPOLVOICE","MINISTERWOMEN","PC","A","2017",19,
"LVA","WOMENPOLVOICE","MINISTERWOMEN","PC","A","2005",23.5,
"LVA","WOMENPOLVOICE","MINISTERWOMEN","PC","A","2012",30.8,
"LVA","WOMENPOLVOICE","MINISTERWOMEN","PC","A","2015",23.1,
"LVA","WOMENPOLVOICE","MINISTERWOMEN","PC","A","2017",23.1,
"SVN","WOMENPOLVOICE","MINISTERWOMEN","PC","A","2005",6.3,
"SVN","WOMENPOLVOICE","MINISTERWOMEN","PC","A","2012",7.7,
"SVN","WOMENPOLVOICE","MINISTERWOMEN","PC","A","2015",43.8,
"SVN","WOMENPOLVOICE","MINISTERWOMEN","PC","A","2017",50,
"OAVG","WOMENPOLVOICE","MINISTERWOMEN","PC","A","2012",25.1,
"OAVG","WOMENPOLVOICE","MINISTERWOMEN","PC","A","2015",29.2,
"OAVG","WOMENPOLVOICE","MINISTERWOMEN","PC","A","2017",27.9,
