﻿"LOCATION","INDICATOR","SUBJECT","MEASURE","FREQUENCY","TIME","Value","Flag Codes"
"AUS","PUBUNEMPEXP","TOT","PC_GDP","A","1980",0.655,
"AUS","PUBUNEMPEXP","TOT","PC_GDP","A","1981",0.697,
"AUS","PUBUNEMPEXP","TOT","PC_GDP","A","1982",1.189,
"AUS","PUBUNEMPEXP","TOT","PC_GDP","A","1983",1.365,
"AUS","PUBUNEMPEXP","TOT","PC_GDP","A","1984",1.27,
"AUS","PUBUNEMPEXP","TOT","PC_GDP","A","1985",1.2,
"AUS","PUBUNEMPEXP","TOT","PC_GDP","A","1986",1.209,
"AUS","PUBUNEMPEXP","TOT","PC_GDP","A","1987",1.042,
"AUS","PUBUNEMPEXP","TOT","PC_GDP","A","1988",0.831,
"AUS","PUBUNEMPEXP","TOT","PC_GDP","A","1989",0.76,
"AUS","PUBUNEMPEXP","TOT","PC_GDP","A","1990",1.1,
"AUS","PUBUNEMPEXP","TOT","PC_GDP","A","1991",1.595,
"AUS","PUBUNEMPEXP","TOT","PC_GDP","A","1992",1.72,
"AUS","PUBUNEMPEXP","TOT","PC_GDP","A","1993",1.732,
"AUS","PUBUNEMPEXP","TOT","PC_GDP","A","1994",1.496,
"AUS","PUBUNEMPEXP","TOT","PC_GDP","A","1995",1.19,
"AUS","PUBUNEMPEXP","TOT","PC_GDP","A","1996",1.195,
"AUS","PUBUNEMPEXP","TOT","PC_GDP","A","1997",1.182,
"AUS","PUBUNEMPEXP","TOT","PC_GDP","A","1998",1.119,
"AUS","PUBUNEMPEXP","TOT","PC_GDP","A","1999",0.988,
"AUS","PUBUNEMPEXP","TOT","PC_GDP","A","2000",0.927,
"AUS","PUBUNEMPEXP","TOT","PC_GDP","A","2001",0.886,
"AUS","PUBUNEMPEXP","TOT","PC_GDP","A","2002",0.773,
"AUS","PUBUNEMPEXP","TOT","PC_GDP","A","2003",0.701,
"AUS","PUBUNEMPEXP","TOT","PC_GDP","A","2004",0.621,
"AUS","PUBUNEMPEXP","TOT","PC_GDP","A","2005",0.547,
"AUS","PUBUNEMPEXP","TOT","PC_GDP","A","2006",0.485,
"AUS","PUBUNEMPEXP","TOT","PC_GDP","A","2007",0.409,
"AUS","PUBUNEMPEXP","TOT","PC_GDP","A","2008",0.445,
"AUS","PUBUNEMPEXP","TOT","PC_GDP","A","2009",0.542,
"AUS","PUBUNEMPEXP","TOT","PC_GDP","A","2010",0.504,
"AUS","PUBUNEMPEXP","TOT","PC_GDP","A","2011",0.51,
"AUS","PUBUNEMPEXP","TOT","PC_GDP","A","2012",0.567,
"AUS","PUBUNEMPEXP","TOT","PC_GDP","A","2013",0.643,
"AUS","PUBUNEMPEXP","TOT","PC_GDP","A","2014",0.673,
"AUS","PUBUNEMPEXP","TOT","PC_GDP","A","2015",0.683,
"AUS","PUBUNEMPEXP","TOT","PC_GDP","A","2016",0.645,
"AUT","PUBUNEMPEXP","TOT","PC_GDP","A","1980",0.398,
"AUT","PUBUNEMPEXP","TOT","PC_GDP","A","1985",0.911,
"AUT","PUBUNEMPEXP","TOT","PC_GDP","A","1990",0.901,
"AUT","PUBUNEMPEXP","TOT","PC_GDP","A","1991",0.999,
"AUT","PUBUNEMPEXP","TOT","PC_GDP","A","1992",1.051,
"AUT","PUBUNEMPEXP","TOT","PC_GDP","A","1993",1.268,
"AUT","PUBUNEMPEXP","TOT","PC_GDP","A","1994",1.249,
"AUT","PUBUNEMPEXP","TOT","PC_GDP","A","1995",1.26,
"AUT","PUBUNEMPEXP","TOT","PC_GDP","A","1996",1.276,
"AUT","PUBUNEMPEXP","TOT","PC_GDP","A","1997",1.121,
"AUT","PUBUNEMPEXP","TOT","PC_GDP","A","1998",1.096,
"AUT","PUBUNEMPEXP","TOT","PC_GDP","A","1999",1.021,
"AUT","PUBUNEMPEXP","TOT","PC_GDP","A","2000",0.922,
"AUT","PUBUNEMPEXP","TOT","PC_GDP","A","2001",0.909,
"AUT","PUBUNEMPEXP","TOT","PC_GDP","A","2002",1.069,
"AUT","PUBUNEMPEXP","TOT","PC_GDP","A","2003",1.185,
"AUT","PUBUNEMPEXP","TOT","PC_GDP","A","2004",1.179,
"AUT","PUBUNEMPEXP","TOT","PC_GDP","A","2005",1.106,
"AUT","PUBUNEMPEXP","TOT","PC_GDP","A","2006",1.011,
"AUT","PUBUNEMPEXP","TOT","PC_GDP","A","2007",0.886,
"AUT","PUBUNEMPEXP","TOT","PC_GDP","A","2008",0.826,
"AUT","PUBUNEMPEXP","TOT","PC_GDP","A","2009",1.053,
"AUT","PUBUNEMPEXP","TOT","PC_GDP","A","2010",0.995,
"AUT","PUBUNEMPEXP","TOT","PC_GDP","A","2011",0.899,
"AUT","PUBUNEMPEXP","TOT","PC_GDP","A","2012",0.901,
"AUT","PUBUNEMPEXP","TOT","PC_GDP","A","2013",0.984,
"AUT","PUBUNEMPEXP","TOT","PC_GDP","A","2014",1.001,
"AUT","PUBUNEMPEXP","TOT","PC_GDP","A","2015",1.058,
"BEL","PUBUNEMPEXP","TOT","PC_GDP","A","1980",2.382,
"BEL","PUBUNEMPEXP","TOT","PC_GDP","A","1981",3.036,
"BEL","PUBUNEMPEXP","TOT","PC_GDP","A","1982",3.206,
"BEL","PUBUNEMPEXP","TOT","PC_GDP","A","1983",3.537,
"BEL","PUBUNEMPEXP","TOT","PC_GDP","A","1984",3.373,
"BEL","PUBUNEMPEXP","TOT","PC_GDP","A","1985",3.206,
"BEL","PUBUNEMPEXP","TOT","PC_GDP","A","1986",3.104,
"BEL","PUBUNEMPEXP","TOT","PC_GDP","A","1987",3.026,
"BEL","PUBUNEMPEXP","TOT","PC_GDP","A","1988",2.778,
"BEL","PUBUNEMPEXP","TOT","PC_GDP","A","1989",2.538,
"BEL","PUBUNEMPEXP","TOT","PC_GDP","A","1990",2.824,
"BEL","PUBUNEMPEXP","TOT","PC_GDP","A","1991",2.948,
"BEL","PUBUNEMPEXP","TOT","PC_GDP","A","1992",2.856,
"BEL","PUBUNEMPEXP","TOT","PC_GDP","A","1993",3.137,
"BEL","PUBUNEMPEXP","TOT","PC_GDP","A","1994",3.064,
"BEL","PUBUNEMPEXP","TOT","PC_GDP","A","1995",3.175,
"BEL","PUBUNEMPEXP","TOT","PC_GDP","A","1996",3.201,
"BEL","PUBUNEMPEXP","TOT","PC_GDP","A","1997",3.146,
"BEL","PUBUNEMPEXP","TOT","PC_GDP","A","1998",3.041,
"BEL","PUBUNEMPEXP","TOT","PC_GDP","A","1999",2.915,
"BEL","PUBUNEMPEXP","TOT","PC_GDP","A","2000",2.735,
"BEL","PUBUNEMPEXP","TOT","PC_GDP","A","2001",2.758,
"BEL","PUBUNEMPEXP","TOT","PC_GDP","A","2002",2.988,
"BEL","PUBUNEMPEXP","TOT","PC_GDP","A","2003",3.218,
"BEL","PUBUNEMPEXP","TOT","PC_GDP","A","2004",3.227,
"BEL","PUBUNEMPEXP","TOT","PC_GDP","A","2005",3.208,
"BEL","PUBUNEMPEXP","TOT","PC_GDP","A","2006",3.156,
"BEL","PUBUNEMPEXP","TOT","PC_GDP","A","2007",3.005,
"BEL","PUBUNEMPEXP","TOT","PC_GDP","A","2008",3.065,
"BEL","PUBUNEMPEXP","TOT","PC_GDP","A","2009",3.555,
"BEL","PUBUNEMPEXP","TOT","PC_GDP","A","2010",3.508,
"BEL","PUBUNEMPEXP","TOT","PC_GDP","A","2011",3.474,
"BEL","PUBUNEMPEXP","TOT","PC_GDP","A","2012",3.242,
"BEL","PUBUNEMPEXP","TOT","PC_GDP","A","2013",3.237,
"BEL","PUBUNEMPEXP","TOT","PC_GDP","A","2014",3.238,
"BEL","PUBUNEMPEXP","TOT","PC_GDP","A","2015",2.948,
"CAN","PUBUNEMPEXP","TOT","PC_GDP","A","1980",1.2,
"CAN","PUBUNEMPEXP","TOT","PC_GDP","A","1981",1.279,
"CAN","PUBUNEMPEXP","TOT","PC_GDP","A","1982",2.259,
"CAN","PUBUNEMPEXP","TOT","PC_GDP","A","1983",2.105,
"CAN","PUBUNEMPEXP","TOT","PC_GDP","A","1984",1.953,
"CAN","PUBUNEMPEXP","TOT","PC_GDP","A","1985",1.802,
"CAN","PUBUNEMPEXP","TOT","PC_GDP","A","1986",1.782,
"CAN","PUBUNEMPEXP","TOT","PC_GDP","A","1987",1.61,
"CAN","PUBUNEMPEXP","TOT","PC_GDP","A","1988",1.525,
"CAN","PUBUNEMPEXP","TOT","PC_GDP","A","1989",1.537,
"CAN","PUBUNEMPEXP","TOT","PC_GDP","A","1990",1.846,
"CAN","PUBUNEMPEXP","TOT","PC_GDP","A","1991",2.202,
"CAN","PUBUNEMPEXP","TOT","PC_GDP","A","1992",2.179,
"CAN","PUBUNEMPEXP","TOT","PC_GDP","A","1993",1.897,
"CAN","PUBUNEMPEXP","TOT","PC_GDP","A","1994",1.492,
"CAN","PUBUNEMPEXP","TOT","PC_GDP","A","1995",1.258,
"CAN","PUBUNEMPEXP","TOT","PC_GDP","A","1996",1.137,
"CAN","PUBUNEMPEXP","TOT","PC_GDP","A","1997",0.983,
"CAN","PUBUNEMPEXP","TOT","PC_GDP","A","1998",0.915,
"CAN","PUBUNEMPEXP","TOT","PC_GDP","A","1999",0.766,
"CAN","PUBUNEMPEXP","TOT","PC_GDP","A","2000",0.675,
"CAN","PUBUNEMPEXP","TOT","PC_GDP","A","2001",0.764,
"CAN","PUBUNEMPEXP","TOT","PC_GDP","A","2002",0.749,
"CAN","PUBUNEMPEXP","TOT","PC_GDP","A","2003",0.748,
"CAN","PUBUNEMPEXP","TOT","PC_GDP","A","2004",0.665,
"CAN","PUBUNEMPEXP","TOT","PC_GDP","A","2005",0.607,
"CAN","PUBUNEMPEXP","TOT","PC_GDP","A","2006",0.576,
"CAN","PUBUNEMPEXP","TOT","PC_GDP","A","2007",0.544,
"CAN","PUBUNEMPEXP","TOT","PC_GDP","A","2008",0.64,
"CAN","PUBUNEMPEXP","TOT","PC_GDP","A","2009",0.949,
"CAN","PUBUNEMPEXP","TOT","PC_GDP","A","2010",0.792,
"CAN","PUBUNEMPEXP","TOT","PC_GDP","A","2011",0.648,
"CAN","PUBUNEMPEXP","TOT","PC_GDP","A","2012",0.588,
"CAN","PUBUNEMPEXP","TOT","PC_GDP","A","2013",0.563,
"CAN","PUBUNEMPEXP","TOT","PC_GDP","A","2014",0.562,
"CAN","PUBUNEMPEXP","TOT","PC_GDP","A","2015",0.619,
"CZE","PUBUNEMPEXP","TOT","PC_GDP","A","1991",0.192,
"CZE","PUBUNEMPEXP","TOT","PC_GDP","A","1992",0.146,
"CZE","PUBUNEMPEXP","TOT","PC_GDP","A","1993",0.12,
"CZE","PUBUNEMPEXP","TOT","PC_GDP","A","1994",0.135,
"CZE","PUBUNEMPEXP","TOT","PC_GDP","A","1995",0.339,
"CZE","PUBUNEMPEXP","TOT","PC_GDP","A","1996",0.389,
"CZE","PUBUNEMPEXP","TOT","PC_GDP","A","1997",0.465,
"CZE","PUBUNEMPEXP","TOT","PC_GDP","A","1998",0.488,
"CZE","PUBUNEMPEXP","TOT","PC_GDP","A","1999",0.617,
"CZE","PUBUNEMPEXP","TOT","PC_GDP","A","2000",0.567,
"CZE","PUBUNEMPEXP","TOT","PC_GDP","A","2001",0.526,
"CZE","PUBUNEMPEXP","TOT","PC_GDP","A","2002",0.581,
"CZE","PUBUNEMPEXP","TOT","PC_GDP","A","2003",0.703,
"CZE","PUBUNEMPEXP","TOT","PC_GDP","A","2004",0.641,
"CZE","PUBUNEMPEXP","TOT","PC_GDP","A","2005",0.567,
"CZE","PUBUNEMPEXP","TOT","PC_GDP","A","2006",0.492,
"CZE","PUBUNEMPEXP","TOT","PC_GDP","A","2007",0.54,
"CZE","PUBUNEMPEXP","TOT","PC_GDP","A","2008",0.558,
"CZE","PUBUNEMPEXP","TOT","PC_GDP","A","2009",0.967,
"CZE","PUBUNEMPEXP","TOT","PC_GDP","A","2010",0.75,
"CZE","PUBUNEMPEXP","TOT","PC_GDP","A","2011",0.65,
"CZE","PUBUNEMPEXP","TOT","PC_GDP","A","2012",0.62,
"CZE","PUBUNEMPEXP","TOT","PC_GDP","A","2013",0.629,
"CZE","PUBUNEMPEXP","TOT","PC_GDP","A","2014",0.557,
"CZE","PUBUNEMPEXP","TOT","PC_GDP","A","2015",0.478,
"DNK","PUBUNEMPEXP","TOT","PC_GDP","A","1980",0,
"DNK","PUBUNEMPEXP","TOT","PC_GDP","A","1981",0,
"DNK","PUBUNEMPEXP","TOT","PC_GDP","A","1982",0,
"DNK","PUBUNEMPEXP","TOT","PC_GDP","A","1983",0,
"DNK","PUBUNEMPEXP","TOT","PC_GDP","A","1984",0,
"DNK","PUBUNEMPEXP","TOT","PC_GDP","A","1985",0,
"DNK","PUBUNEMPEXP","TOT","PC_GDP","A","1986",0,
"DNK","PUBUNEMPEXP","TOT","PC_GDP","A","1987",0,
"DNK","PUBUNEMPEXP","TOT","PC_GDP","A","1988",0,
"DNK","PUBUNEMPEXP","TOT","PC_GDP","A","1989",0,
"DNK","PUBUNEMPEXP","TOT","PC_GDP","A","1990",0,
"DNK","PUBUNEMPEXP","TOT","PC_GDP","A","1991",0,
"DNK","PUBUNEMPEXP","TOT","PC_GDP","A","1992",0,
"DNK","PUBUNEMPEXP","TOT","PC_GDP","A","1993",0,
"DNK","PUBUNEMPEXP","TOT","PC_GDP","A","1994",0.025,
"DNK","PUBUNEMPEXP","TOT","PC_GDP","A","1995",0.044,
"DNK","PUBUNEMPEXP","TOT","PC_GDP","A","1996",0.009,
"DNK","PUBUNEMPEXP","TOT","PC_GDP","A","1997",0.004,
"DNK","PUBUNEMPEXP","TOT","PC_GDP","A","1998",0.003,
"DNK","PUBUNEMPEXP","TOT","PC_GDP","A","1999",0.001,
"DNK","PUBUNEMPEXP","TOT","PC_GDP","A","2000",0,
"DNK","PUBUNEMPEXP","TOT","PC_GDP","A","2001",0,
"DNK","PUBUNEMPEXP","TOT","PC_GDP","A","2002",0,
"DNK","PUBUNEMPEXP","TOT","PC_GDP","A","2003",0,
"DNK","PUBUNEMPEXP","TOT","PC_GDP","A","2004",0,
"DNK","PUBUNEMPEXP","TOT","PC_GDP","A","2005",0,
"DNK","PUBUNEMPEXP","TOT","PC_GDP","A","2006",0,
"DNK","PUBUNEMPEXP","TOT","PC_GDP","A","2007",0,
"DNK","PUBUNEMPEXP","TOT","PC_GDP","A","2008",0,
"DNK","PUBUNEMPEXP","TOT","PC_GDP","A","2009",0,
"DNK","PUBUNEMPEXP","TOT","PC_GDP","A","2010",0,
"DNK","PUBUNEMPEXP","TOT","PC_GDP","A","2011",0,
"DNK","PUBUNEMPEXP","TOT","PC_GDP","A","2012",0,
"DNK","PUBUNEMPEXP","TOT","PC_GDP","A","2013",0,
"DNK","PUBUNEMPEXP","TOT","PC_GDP","A","2014",0,
"DNK","PUBUNEMPEXP","TOT","PC_GDP","A","2015",0,
"FIN","PUBUNEMPEXP","TOT","PC_GDP","A","1980",0.64,
"FIN","PUBUNEMPEXP","TOT","PC_GDP","A","1981",0.693,
"FIN","PUBUNEMPEXP","TOT","PC_GDP","A","1982",0.843,
"FIN","PUBUNEMPEXP","TOT","PC_GDP","A","1983",0.902,
"FIN","PUBUNEMPEXP","TOT","PC_GDP","A","1984",0.864,
"FIN","PUBUNEMPEXP","TOT","PC_GDP","A","1985",1.267,
"FIN","PUBUNEMPEXP","TOT","PC_GDP","A","1986",1.463,
"FIN","PUBUNEMPEXP","TOT","PC_GDP","A","1987",1.489,
"FIN","PUBUNEMPEXP","TOT","PC_GDP","A","1988",1.339,
"FIN","PUBUNEMPEXP","TOT","PC_GDP","A","1989",1.095,
"FIN","PUBUNEMPEXP","TOT","PC_GDP","A","1990",1.072,
"FIN","PUBUNEMPEXP","TOT","PC_GDP","A","1991",2.073,
"FIN","PUBUNEMPEXP","TOT","PC_GDP","A","1992",3.615,
"FIN","PUBUNEMPEXP","TOT","PC_GDP","A","1993",4.643,
"FIN","PUBUNEMPEXP","TOT","PC_GDP","A","1994",4.427,
"FIN","PUBUNEMPEXP","TOT","PC_GDP","A","1995",3.812,
"FIN","PUBUNEMPEXP","TOT","PC_GDP","A","1996",3.594,
"FIN","PUBUNEMPEXP","TOT","PC_GDP","A","1997",3.146,
"FIN","PUBUNEMPEXP","TOT","PC_GDP","A","1998",2.612,
"FIN","PUBUNEMPEXP","TOT","PC_GDP","A","1999",2.374,
"FIN","PUBUNEMPEXP","TOT","PC_GDP","A","2000",2.118,
"FIN","PUBUNEMPEXP","TOT","PC_GDP","A","2001",1.976,
"FIN","PUBUNEMPEXP","TOT","PC_GDP","A","2002",2.038,
"FIN","PUBUNEMPEXP","TOT","PC_GDP","A","2003",2.084,
"FIN","PUBUNEMPEXP","TOT","PC_GDP","A","2004",2.053,
"FIN","PUBUNEMPEXP","TOT","PC_GDP","A","2005",1.925,
"FIN","PUBUNEMPEXP","TOT","PC_GDP","A","2006",1.742,
"FIN","PUBUNEMPEXP","TOT","PC_GDP","A","2007",1.489,
"FIN","PUBUNEMPEXP","TOT","PC_GDP","A","2008",1.392,
"FIN","PUBUNEMPEXP","TOT","PC_GDP","A","2009",1.884,
"FIN","PUBUNEMPEXP","TOT","PC_GDP","A","2010",1.938,
"FIN","PUBUNEMPEXP","TOT","PC_GDP","A","2011",1.642,
"FIN","PUBUNEMPEXP","TOT","PC_GDP","A","2012",1.724,
"FIN","PUBUNEMPEXP","TOT","PC_GDP","A","2013",1.937,
"FIN","PUBUNEMPEXP","TOT","PC_GDP","A","2014",2.205,
"FIN","PUBUNEMPEXP","TOT","PC_GDP","A","2015",2.369,
"FRA","PUBUNEMPEXP","TOT","PC_GDP","A","1985",2.267,
"FRA","PUBUNEMPEXP","TOT","PC_GDP","A","1986",2.163,
"FRA","PUBUNEMPEXP","TOT","PC_GDP","A","1987",2.096,
"FRA","PUBUNEMPEXP","TOT","PC_GDP","A","1988",1.952,
"FRA","PUBUNEMPEXP","TOT","PC_GDP","A","1989",1.778,
"FRA","PUBUNEMPEXP","TOT","PC_GDP","A","1990",1.633,
"FRA","PUBUNEMPEXP","TOT","PC_GDP","A","1991",1.695,
"FRA","PUBUNEMPEXP","TOT","PC_GDP","A","1992",1.739,
"FRA","PUBUNEMPEXP","TOT","PC_GDP","A","1993",1.816,
"FRA","PUBUNEMPEXP","TOT","PC_GDP","A","1994",1.702,
"FRA","PUBUNEMPEXP","TOT","PC_GDP","A","1995",1.578,
"FRA","PUBUNEMPEXP","TOT","PC_GDP","A","1996",1.666,
"FRA","PUBUNEMPEXP","TOT","PC_GDP","A","1997",1.635,
"FRA","PUBUNEMPEXP","TOT","PC_GDP","A","1998",1.596,
"FRA","PUBUNEMPEXP","TOT","PC_GDP","A","1999",1.547,
"FRA","PUBUNEMPEXP","TOT","PC_GDP","A","2000",1.414,
"FRA","PUBUNEMPEXP","TOT","PC_GDP","A","2001",1.414,
"FRA","PUBUNEMPEXP","TOT","PC_GDP","A","2002",1.636,
"FRA","PUBUNEMPEXP","TOT","PC_GDP","A","2003",1.81,
"FRA","PUBUNEMPEXP","TOT","PC_GDP","A","2004",1.785,
"FRA","PUBUNEMPEXP","TOT","PC_GDP","A","2005",1.67,
"FRA","PUBUNEMPEXP","TOT","PC_GDP","A","2006",1.438,
"FRA","PUBUNEMPEXP","TOT","PC_GDP","A","2007",1.303,
"FRA","PUBUNEMPEXP","TOT","PC_GDP","A","2008",1.251,
"FRA","PUBUNEMPEXP","TOT","PC_GDP","A","2009",1.555,
"FRA","PUBUNEMPEXP","TOT","PC_GDP","A","2010",1.599,
"FRA","PUBUNEMPEXP","TOT","PC_GDP","A","2011",1.506,
"FRA","PUBUNEMPEXP","TOT","PC_GDP","A","2012",1.574,
"FRA","PUBUNEMPEXP","TOT","PC_GDP","A","2013",1.628,
"FRA","PUBUNEMPEXP","TOT","PC_GDP","A","2014",1.626,
"FRA","PUBUNEMPEXP","TOT","PC_GDP","A","2015",1.62,
"DEU","PUBUNEMPEXP","TOT","PC_GDP","A","1980",0.489,
"DEU","PUBUNEMPEXP","TOT","PC_GDP","A","1981",0.801,
"DEU","PUBUNEMPEXP","TOT","PC_GDP","A","1982",1.059,
"DEU","PUBUNEMPEXP","TOT","PC_GDP","A","1983",1.167,
"DEU","PUBUNEMPEXP","TOT","PC_GDP","A","1984",1.001,
"DEU","PUBUNEMPEXP","TOT","PC_GDP","A","1985",0.943,
"DEU","PUBUNEMPEXP","TOT","PC_GDP","A","1986",0.874,
"DEU","PUBUNEMPEXP","TOT","PC_GDP","A","1987",0.91,
"DEU","PUBUNEMPEXP","TOT","PC_GDP","A","1988",0.891,
"DEU","PUBUNEMPEXP","TOT","PC_GDP","A","1989",0.784,
"DEU","PUBUNEMPEXP","TOT","PC_GDP","A","1990",0.824,
"DEU","PUBUNEMPEXP","TOT","PC_GDP","A","1991",1.278,
"DEU","PUBUNEMPEXP","TOT","PC_GDP","A","1992",1.385,
"DEU","PUBUNEMPEXP","TOT","PC_GDP","A","1993",1.819,
"DEU","PUBUNEMPEXP","TOT","PC_GDP","A","1994",1.735,
"DEU","PUBUNEMPEXP","TOT","PC_GDP","A","1995",1.523,
"DEU","PUBUNEMPEXP","TOT","PC_GDP","A","1996",1.616,
"DEU","PUBUNEMPEXP","TOT","PC_GDP","A","1997",1.563,
"DEU","PUBUNEMPEXP","TOT","PC_GDP","A","1998",1.432,
"DEU","PUBUNEMPEXP","TOT","PC_GDP","A","1999",1.368,
"DEU","PUBUNEMPEXP","TOT","PC_GDP","A","2000",1.31,
"DEU","PUBUNEMPEXP","TOT","PC_GDP","A","2001",1.339,
"DEU","PUBUNEMPEXP","TOT","PC_GDP","A","2002",1.489,
"DEU","PUBUNEMPEXP","TOT","PC_GDP","A","2003",1.662,
"DEU","PUBUNEMPEXP","TOT","PC_GDP","A","2004",1.726,
"DEU","PUBUNEMPEXP","TOT","PC_GDP","A","2005",1.828,
"DEU","PUBUNEMPEXP","TOT","PC_GDP","A","2006",1.622,
"DEU","PUBUNEMPEXP","TOT","PC_GDP","A","2007",1.339,
"DEU","PUBUNEMPEXP","TOT","PC_GDP","A","2008",1.225,
"DEU","PUBUNEMPEXP","TOT","PC_GDP","A","2009",1.618,
"DEU","PUBUNEMPEXP","TOT","PC_GDP","A","2010",1.47,
"DEU","PUBUNEMPEXP","TOT","PC_GDP","A","2011",1.131,
"DEU","PUBUNEMPEXP","TOT","PC_GDP","A","2012",1.032,
"DEU","PUBUNEMPEXP","TOT","PC_GDP","A","2013",1.026,
"DEU","PUBUNEMPEXP","TOT","PC_GDP","A","2014",0.965,
"DEU","PUBUNEMPEXP","TOT","PC_GDP","A","2015",0.906,
"GRC","PUBUNEMPEXP","TOT","PC_GDP","A","1980",0.212,
"GRC","PUBUNEMPEXP","TOT","PC_GDP","A","1981",0.252,
"GRC","PUBUNEMPEXP","TOT","PC_GDP","A","1982",0.265,
"GRC","PUBUNEMPEXP","TOT","PC_GDP","A","1983",0.273,
"GRC","PUBUNEMPEXP","TOT","PC_GDP","A","1984",0.278,
"GRC","PUBUNEMPEXP","TOT","PC_GDP","A","1985",0.299,
"GRC","PUBUNEMPEXP","TOT","PC_GDP","A","1986",0.353,
"GRC","PUBUNEMPEXP","TOT","PC_GDP","A","1987",0.328,
"GRC","PUBUNEMPEXP","TOT","PC_GDP","A","1988",0.293,
"GRC","PUBUNEMPEXP","TOT","PC_GDP","A","1989",0.357,
"GRC","PUBUNEMPEXP","TOT","PC_GDP","A","1990",0.387,
"GRC","PUBUNEMPEXP","TOT","PC_GDP","A","1991",0.464,
"GRC","PUBUNEMPEXP","TOT","PC_GDP","A","1992",0.419,
"GRC","PUBUNEMPEXP","TOT","PC_GDP","A","1993",0.37,
"GRC","PUBUNEMPEXP","TOT","PC_GDP","A","1994",0.388,
"GRC","PUBUNEMPEXP","TOT","PC_GDP","A","1995",0.392,
"GRC","PUBUNEMPEXP","TOT","PC_GDP","A","1996",0.397,
"GRC","PUBUNEMPEXP","TOT","PC_GDP","A","1997",0.414,
"GRC","PUBUNEMPEXP","TOT","PC_GDP","A","1998",0.405,
"GRC","PUBUNEMPEXP","TOT","PC_GDP","A","1999",0.387,
"GRC","PUBUNEMPEXP","TOT","PC_GDP","A","2000",0.589,
"GRC","PUBUNEMPEXP","TOT","PC_GDP","A","2001",0.581,
"GRC","PUBUNEMPEXP","TOT","PC_GDP","A","2002",0.594,
"GRC","PUBUNEMPEXP","TOT","PC_GDP","A","2003",0.57,
"GRC","PUBUNEMPEXP","TOT","PC_GDP","A","2004",0.625,
"GRC","PUBUNEMPEXP","TOT","PC_GDP","A","2005",0.635,
"GRC","PUBUNEMPEXP","TOT","PC_GDP","A","2006",0.566,
"GRC","PUBUNEMPEXP","TOT","PC_GDP","A","2007",0.543,
"GRC","PUBUNEMPEXP","TOT","PC_GDP","A","2008",0.658,
"GRC","PUBUNEMPEXP","TOT","PC_GDP","A","2009",0.946,
"GRC","PUBUNEMPEXP","TOT","PC_GDP","A","2010",0.929,
"GRC","PUBUNEMPEXP","TOT","PC_GDP","A","2011",1.048,
"GRC","PUBUNEMPEXP","TOT","PC_GDP","A","2012",0.84,
"GRC","PUBUNEMPEXP","TOT","PC_GDP","A","2013",0.692,
"GRC","PUBUNEMPEXP","TOT","PC_GDP","A","2014",0.516,
"GRC","PUBUNEMPEXP","TOT","PC_GDP","A","2015",0.487,
"HUN","PUBUNEMPEXP","TOT","PC_GDP","A","1992",2.124,
"HUN","PUBUNEMPEXP","TOT","PC_GDP","A","1993",2.05,
"HUN","PUBUNEMPEXP","TOT","PC_GDP","A","1994",1.171,
"HUN","PUBUNEMPEXP","TOT","PC_GDP","A","1995",0.863,
"HUN","PUBUNEMPEXP","TOT","PC_GDP","A","1996",0.728,
"HUN","PUBUNEMPEXP","TOT","PC_GDP","A","1997",0.606,
"HUN","PUBUNEMPEXP","TOT","PC_GDP","A","1998",0.597,
"HUN","PUBUNEMPEXP","TOT","PC_GDP","A","1999",0.819,
"HUN","PUBUNEMPEXP","TOT","PC_GDP","A","2000",0.686,
"HUN","PUBUNEMPEXP","TOT","PC_GDP","A","2001",0.547,
"HUN","PUBUNEMPEXP","TOT","PC_GDP","A","2002",0.503,
"HUN","PUBUNEMPEXP","TOT","PC_GDP","A","2003",0.5,
"HUN","PUBUNEMPEXP","TOT","PC_GDP","A","2004",0.526,
"HUN","PUBUNEMPEXP","TOT","PC_GDP","A","2005",0.547,
"HUN","PUBUNEMPEXP","TOT","PC_GDP","A","2006",0.575,
"HUN","PUBUNEMPEXP","TOT","PC_GDP","A","2007",0.664,
"HUN","PUBUNEMPEXP","TOT","PC_GDP","A","2008",0.718,
"HUN","PUBUNEMPEXP","TOT","PC_GDP","A","2009",0.849,
"HUN","PUBUNEMPEXP","TOT","PC_GDP","A","2010",0.797,
"HUN","PUBUNEMPEXP","TOT","PC_GDP","A","2011",0.75,
"HUN","PUBUNEMPEXP","TOT","PC_GDP","A","2012",0.541,
"HUN","PUBUNEMPEXP","TOT","PC_GDP","A","2013",0.468,
"HUN","PUBUNEMPEXP","TOT","PC_GDP","A","2014",0.357,
"HUN","PUBUNEMPEXP","TOT","PC_GDP","A","2015",0.31,
"ISL","PUBUNEMPEXP","TOT","PC_GDP","A","1990",0.294,
"ISL","PUBUNEMPEXP","TOT","PC_GDP","A","1991",0.243,
"ISL","PUBUNEMPEXP","TOT","PC_GDP","A","1992",0.468,
"ISL","PUBUNEMPEXP","TOT","PC_GDP","A","1993",0.678,
"ISL","PUBUNEMPEXP","TOT","PC_GDP","A","1994",0.737,
"ISL","PUBUNEMPEXP","TOT","PC_GDP","A","1995",0.787,
"ISL","PUBUNEMPEXP","TOT","PC_GDP","A","1996",0.6,
"ISL","PUBUNEMPEXP","TOT","PC_GDP","A","1997",0.518,
"ISL","PUBUNEMPEXP","TOT","PC_GDP","A","1998",0.379,
"ISL","PUBUNEMPEXP","TOT","PC_GDP","A","1999",0.265,
"ISL","PUBUNEMPEXP","TOT","PC_GDP","A","2000",0.186,
"ISL","PUBUNEMPEXP","TOT","PC_GDP","A","2001",0.183,
"ISL","PUBUNEMPEXP","TOT","PC_GDP","A","2002",0.33,
"ISL","PUBUNEMPEXP","TOT","PC_GDP","A","2003",0.452,
"ISL","PUBUNEMPEXP","TOT","PC_GDP","A","2004",0.442,
"ISL","PUBUNEMPEXP","TOT","PC_GDP","A","2005",0.299,
"ISL","PUBUNEMPEXP","TOT","PC_GDP","A","2006",0.199,
"ISL","PUBUNEMPEXP","TOT","PC_GDP","A","2007",0.182,
"ISL","PUBUNEMPEXP","TOT","PC_GDP","A","2008",0.309,
"ISL","PUBUNEMPEXP","TOT","PC_GDP","A","2009",1.57,
"ISL","PUBUNEMPEXP","TOT","PC_GDP","A","2010",1.492,
"ISL","PUBUNEMPEXP","TOT","PC_GDP","A","2011",1.393,
"ISL","PUBUNEMPEXP","TOT","PC_GDP","A","2012",1.21,
"ISL","PUBUNEMPEXP","TOT","PC_GDP","A","2013",0.878,
"ISL","PUBUNEMPEXP","TOT","PC_GDP","A","2014",0.678,
"ISL","PUBUNEMPEXP","TOT","PC_GDP","A","2015",0.502,
"IRL","PUBUNEMPEXP","TOT","PC_GDP","A","1985",3.245,
"IRL","PUBUNEMPEXP","TOT","PC_GDP","A","1986",3.26,
"IRL","PUBUNEMPEXP","TOT","PC_GDP","A","1987",3.116,
"IRL","PUBUNEMPEXP","TOT","PC_GDP","A","1988",2.829,
"IRL","PUBUNEMPEXP","TOT","PC_GDP","A","1989",2.542,
"IRL","PUBUNEMPEXP","TOT","PC_GDP","A","1990",2.08,
"IRL","PUBUNEMPEXP","TOT","PC_GDP","A","1991",2.39,
"IRL","PUBUNEMPEXP","TOT","PC_GDP","A","1992",2.673,
"IRL","PUBUNEMPEXP","TOT","PC_GDP","A","1993",2.686,
"IRL","PUBUNEMPEXP","TOT","PC_GDP","A","1994",2.438,
"IRL","PUBUNEMPEXP","TOT","PC_GDP","A","1995",2.228,
"IRL","PUBUNEMPEXP","TOT","PC_GDP","A","1996",2.104,
"IRL","PUBUNEMPEXP","TOT","PC_GDP","A","1997",1.65,
"IRL","PUBUNEMPEXP","TOT","PC_GDP","A","1998",1.339,
"IRL","PUBUNEMPEXP","TOT","PC_GDP","A","1999",1.035,
"IRL","PUBUNEMPEXP","TOT","PC_GDP","A","2000",0.832,
"IRL","PUBUNEMPEXP","TOT","PC_GDP","A","2001",0.748,
"IRL","PUBUNEMPEXP","TOT","PC_GDP","A","2002",0.871,
"IRL","PUBUNEMPEXP","TOT","PC_GDP","A","2003",0.93,
"IRL","PUBUNEMPEXP","TOT","PC_GDP","A","2004",0.967,
"IRL","PUBUNEMPEXP","TOT","PC_GDP","A","2005",0.909,
"IRL","PUBUNEMPEXP","TOT","PC_GDP","A","2006",0.937,
"IRL","PUBUNEMPEXP","TOT","PC_GDP","A","2007",0.999,
"IRL","PUBUNEMPEXP","TOT","PC_GDP","A","2008",1.386,
"IRL","PUBUNEMPEXP","TOT","PC_GDP","A","2009",2.529,
"IRL","PUBUNEMPEXP","TOT","PC_GDP","A","2010",3.208,
"IRL","PUBUNEMPEXP","TOT","PC_GDP","A","2011",2.926,
"IRL","PUBUNEMPEXP","TOT","PC_GDP","A","2012",2.783,
"IRL","PUBUNEMPEXP","TOT","PC_GDP","A","2013",2.531,
"IRL","PUBUNEMPEXP","TOT","PC_GDP","A","2014",2.135,
"IRL","PUBUNEMPEXP","TOT","PC_GDP","A","2015",1.485,
"ITA","PUBUNEMPEXP","TOT","PC_GDP","A","1980",0.563,
"ITA","PUBUNEMPEXP","TOT","PC_GDP","A","1981",0.809,
"ITA","PUBUNEMPEXP","TOT","PC_GDP","A","1982",1.071,
"ITA","PUBUNEMPEXP","TOT","PC_GDP","A","1983",1.218,
"ITA","PUBUNEMPEXP","TOT","PC_GDP","A","1984",1.312,
"ITA","PUBUNEMPEXP","TOT","PC_GDP","A","1985",1.257,
"ITA","PUBUNEMPEXP","TOT","PC_GDP","A","1986",1.178,
"ITA","PUBUNEMPEXP","TOT","PC_GDP","A","1987",1.015,
"ITA","PUBUNEMPEXP","TOT","PC_GDP","A","1988",0.965,
"ITA","PUBUNEMPEXP","TOT","PC_GDP","A","1989",0.881,
"ITA","PUBUNEMPEXP","TOT","PC_GDP","A","1990",0.578,
"ITA","PUBUNEMPEXP","TOT","PC_GDP","A","1991",0.617,
"ITA","PUBUNEMPEXP","TOT","PC_GDP","A","1992",0.684,
"ITA","PUBUNEMPEXP","TOT","PC_GDP","A","1993",0.763,
"ITA","PUBUNEMPEXP","TOT","PC_GDP","A","1994",0.73,
"ITA","PUBUNEMPEXP","TOT","PC_GDP","A","1995",0.665,
"ITA","PUBUNEMPEXP","TOT","PC_GDP","A","1996",0.61,
"ITA","PUBUNEMPEXP","TOT","PC_GDP","A","1997",0.576,
"ITA","PUBUNEMPEXP","TOT","PC_GDP","A","1998",0.529,
"ITA","PUBUNEMPEXP","TOT","PC_GDP","A","1999",0.47,
"ITA","PUBUNEMPEXP","TOT","PC_GDP","A","2000",0.394,
"ITA","PUBUNEMPEXP","TOT","PC_GDP","A","2001",0.375,
"ITA","PUBUNEMPEXP","TOT","PC_GDP","A","2002",0.402,
"ITA","PUBUNEMPEXP","TOT","PC_GDP","A","2003",0.42,
"ITA","PUBUNEMPEXP","TOT","PC_GDP","A","2004",0.443,
"ITA","PUBUNEMPEXP","TOT","PC_GDP","A","2005",0.47,
"ITA","PUBUNEMPEXP","TOT","PC_GDP","A","2006",0.476,
"ITA","PUBUNEMPEXP","TOT","PC_GDP","A","2007",0.424,
"ITA","PUBUNEMPEXP","TOT","PC_GDP","A","2008",0.49,
"ITA","PUBUNEMPEXP","TOT","PC_GDP","A","2009",0.773,
"ITA","PUBUNEMPEXP","TOT","PC_GDP","A","2010",0.821,
"ITA","PUBUNEMPEXP","TOT","PC_GDP","A","2011",0.796,
"ITA","PUBUNEMPEXP","TOT","PC_GDP","A","2012",0.91,
"ITA","PUBUNEMPEXP","TOT","PC_GDP","A","2013",1.045,
"ITA","PUBUNEMPEXP","TOT","PC_GDP","A","2014",1.017,
"ITA","PUBUNEMPEXP","TOT","PC_GDP","A","2015",0.996,
"JPN","PUBUNEMPEXP","TOT","PC_GDP","A","1980",0.481,
"JPN","PUBUNEMPEXP","TOT","PC_GDP","A","1981",0.518,
"JPN","PUBUNEMPEXP","TOT","PC_GDP","A","1982",0.52,
"JPN","PUBUNEMPEXP","TOT","PC_GDP","A","1983",0.513,
"JPN","PUBUNEMPEXP","TOT","PC_GDP","A","1984",0.494,
"JPN","PUBUNEMPEXP","TOT","PC_GDP","A","1985",0.396,
"JPN","PUBUNEMPEXP","TOT","PC_GDP","A","1986",0.41,
"JPN","PUBUNEMPEXP","TOT","PC_GDP","A","1987",0.417,
"JPN","PUBUNEMPEXP","TOT","PC_GDP","A","1988",0.387,
"JPN","PUBUNEMPEXP","TOT","PC_GDP","A","1989",0.364,
"JPN","PUBUNEMPEXP","TOT","PC_GDP","A","1990",0.313,
"JPN","PUBUNEMPEXP","TOT","PC_GDP","A","1991",0.303,
"JPN","PUBUNEMPEXP","TOT","PC_GDP","A","1992",0.346,
"JPN","PUBUNEMPEXP","TOT","PC_GDP","A","1993",0.416,
"JPN","PUBUNEMPEXP","TOT","PC_GDP","A","1994",0.452,
"JPN","PUBUNEMPEXP","TOT","PC_GDP","A","1995",0.497,
"JPN","PUBUNEMPEXP","TOT","PC_GDP","A","1996",0.483,
"JPN","PUBUNEMPEXP","TOT","PC_GDP","A","1997",0.493,
"JPN","PUBUNEMPEXP","TOT","PC_GDP","A","1998",0.561,
"JPN","PUBUNEMPEXP","TOT","PC_GDP","A","1999",0.586,
"JPN","PUBUNEMPEXP","TOT","PC_GDP","A","2000",0.56,
"JPN","PUBUNEMPEXP","TOT","PC_GDP","A","2001",0.573,
"JPN","PUBUNEMPEXP","TOT","PC_GDP","A","2002",0.531,
"JPN","PUBUNEMPEXP","TOT","PC_GDP","A","2003",0.395,
"JPN","PUBUNEMPEXP","TOT","PC_GDP","A","2004",0.291,
"JPN","PUBUNEMPEXP","TOT","PC_GDP","A","2005",0.272,
"JPN","PUBUNEMPEXP","TOT","PC_GDP","A","2006",0.253,
"JPN","PUBUNEMPEXP","TOT","PC_GDP","A","2007",0.237,
"JPN","PUBUNEMPEXP","TOT","PC_GDP","A","2008",0.212,
"JPN","PUBUNEMPEXP","TOT","PC_GDP","A","2009",0.343,
"JPN","PUBUNEMPEXP","TOT","PC_GDP","A","2010",0.259,
"JPN","PUBUNEMPEXP","TOT","PC_GDP","A","2011",0.255,
"JPN","PUBUNEMPEXP","TOT","PC_GDP","A","2012",0.237,
"JPN","PUBUNEMPEXP","TOT","PC_GDP","A","2013",0.212,
"JPN","PUBUNEMPEXP","TOT","PC_GDP","A","2014",0.185,
"JPN","PUBUNEMPEXP","TOT","PC_GDP","A","2015",0.174,
"KOR","PUBUNEMPEXP","TOT","PC_GDP","A","1996",0.002,
"KOR","PUBUNEMPEXP","TOT","PC_GDP","A","1997",0.015,
"KOR","PUBUNEMPEXP","TOT","PC_GDP","A","1998",0.152,
"KOR","PUBUNEMPEXP","TOT","PC_GDP","A","1999",0.162,
"KOR","PUBUNEMPEXP","TOT","PC_GDP","A","2000",0.074,
"KOR","PUBUNEMPEXP","TOT","PC_GDP","A","2001",0.123,
"KOR","PUBUNEMPEXP","TOT","PC_GDP","A","2002",0.11,
"KOR","PUBUNEMPEXP","TOT","PC_GDP","A","2003",0.127,
"KOR","PUBUNEMPEXP","TOT","PC_GDP","A","2004",0.165,
"KOR","PUBUNEMPEXP","TOT","PC_GDP","A","2005",0.19,
"KOR","PUBUNEMPEXP","TOT","PC_GDP","A","2006",0.215,
"KOR","PUBUNEMPEXP","TOT","PC_GDP","A","2007",0.233,
"KOR","PUBUNEMPEXP","TOT","PC_GDP","A","2008",0.259,
"KOR","PUBUNEMPEXP","TOT","PC_GDP","A","2009",0.357,
"KOR","PUBUNEMPEXP","TOT","PC_GDP","A","2010",0.291,
"KOR","PUBUNEMPEXP","TOT","PC_GDP","A","2011",0.267,
"KOR","PUBUNEMPEXP","TOT","PC_GDP","A","2012",0.267,
"KOR","PUBUNEMPEXP","TOT","PC_GDP","A","2013",0.272,
"KOR","PUBUNEMPEXP","TOT","PC_GDP","A","2014",0.28,
"KOR","PUBUNEMPEXP","TOT","PC_GDP","A","2015",0.291,
"KOR","PUBUNEMPEXP","TOT","PC_GDP","A","2016",0.298,
"KOR","PUBUNEMPEXP","TOT","PC_GDP","A","2017",0.303,
"LUX","PUBUNEMPEXP","TOT","PC_GDP","A","1980",0.397,
"LUX","PUBUNEMPEXP","TOT","PC_GDP","A","1981",0.48,
"LUX","PUBUNEMPEXP","TOT","PC_GDP","A","1982",0.52,
"LUX","PUBUNEMPEXP","TOT","PC_GDP","A","1983",0.676,
"LUX","PUBUNEMPEXP","TOT","PC_GDP","A","1984",0.743,
"LUX","PUBUNEMPEXP","TOT","PC_GDP","A","1985",0.772,
"LUX","PUBUNEMPEXP","TOT","PC_GDP","A","1986",0.676,
"LUX","PUBUNEMPEXP","TOT","PC_GDP","A","1987",0.734,
"LUX","PUBUNEMPEXP","TOT","PC_GDP","A","1988",0.688,
"LUX","PUBUNEMPEXP","TOT","PC_GDP","A","1989",0.526,
"LUX","PUBUNEMPEXP","TOT","PC_GDP","A","1990",0.444,
"LUX","PUBUNEMPEXP","TOT","PC_GDP","A","1991",0.431,
"LUX","PUBUNEMPEXP","TOT","PC_GDP","A","1992",0.44,
"LUX","PUBUNEMPEXP","TOT","PC_GDP","A","1993",0.502,
"LUX","PUBUNEMPEXP","TOT","PC_GDP","A","1994",0.375,
"LUX","PUBUNEMPEXP","TOT","PC_GDP","A","1995",0.48,
"LUX","PUBUNEMPEXP","TOT","PC_GDP","A","1996",0.467,
"LUX","PUBUNEMPEXP","TOT","PC_GDP","A","1997",0.459,
"LUX","PUBUNEMPEXP","TOT","PC_GDP","A","1998",0.395,
"LUX","PUBUNEMPEXP","TOT","PC_GDP","A","1999",0.339,
"LUX","PUBUNEMPEXP","TOT","PC_GDP","A","2000",0.339,
"LUX","PUBUNEMPEXP","TOT","PC_GDP","A","2001",0.637,
"LUX","PUBUNEMPEXP","TOT","PC_GDP","A","2002",0.656,
"LUX","PUBUNEMPEXP","TOT","PC_GDP","A","2003",0.851,
"LUX","PUBUNEMPEXP","TOT","PC_GDP","A","2004",0.923,
"LUX","PUBUNEMPEXP","TOT","PC_GDP","A","2005",0.977,
"LUX","PUBUNEMPEXP","TOT","PC_GDP","A","2006",0.91,
"LUX","PUBUNEMPEXP","TOT","PC_GDP","A","2007",0.859,
"LUX","PUBUNEMPEXP","TOT","PC_GDP","A","2008",0.865,
"LUX","PUBUNEMPEXP","TOT","PC_GDP","A","2009",1.185,
"LUX","PUBUNEMPEXP","TOT","PC_GDP","A","2010",1.159,
"LUX","PUBUNEMPEXP","TOT","PC_GDP","A","2011",1.086,
"LUX","PUBUNEMPEXP","TOT","PC_GDP","A","2012",1.233,
"LUX","PUBUNEMPEXP","TOT","PC_GDP","A","2013",1.427,
"LUX","PUBUNEMPEXP","TOT","PC_GDP","A","2014",1.377,
"LUX","PUBUNEMPEXP","TOT","PC_GDP","A","2015",1.384,
"NLD","PUBUNEMPEXP","TOT","PC_GDP","A","1980",1.527,
"NLD","PUBUNEMPEXP","TOT","PC_GDP","A","1981",2.132,
"NLD","PUBUNEMPEXP","TOT","PC_GDP","A","1982",2.98,
"NLD","PUBUNEMPEXP","TOT","PC_GDP","A","1983",3.614,
"NLD","PUBUNEMPEXP","TOT","PC_GDP","A","1984",3.448,
"NLD","PUBUNEMPEXP","TOT","PC_GDP","A","1985",3.111,
"NLD","PUBUNEMPEXP","TOT","PC_GDP","A","1986",2.883,
"NLD","PUBUNEMPEXP","TOT","PC_GDP","A","1987",2.859,
"NLD","PUBUNEMPEXP","TOT","PC_GDP","A","1988",2.709,
"NLD","PUBUNEMPEXP","TOT","PC_GDP","A","1989",2.507,
"NLD","PUBUNEMPEXP","TOT","PC_GDP","A","1990",2.36,
"NLD","PUBUNEMPEXP","TOT","PC_GDP","A","1991",2.298,
"NLD","PUBUNEMPEXP","TOT","PC_GDP","A","1992",2.417,
"NLD","PUBUNEMPEXP","TOT","PC_GDP","A","1993",2.673,
"NLD","PUBUNEMPEXP","TOT","PC_GDP","A","1994",2.767,
"NLD","PUBUNEMPEXP","TOT","PC_GDP","A","1995",2.514,
"NLD","PUBUNEMPEXP","TOT","PC_GDP","A","1996",3.707,
"NLD","PUBUNEMPEXP","TOT","PC_GDP","A","1997",2.445,
"NLD","PUBUNEMPEXP","TOT","PC_GDP","A","1998",1.904,
"NLD","PUBUNEMPEXP","TOT","PC_GDP","A","1999",1.617,
"NLD","PUBUNEMPEXP","TOT","PC_GDP","A","2000",1.383,
"NLD","PUBUNEMPEXP","TOT","PC_GDP","A","2001",1.362,
"NLD","PUBUNEMPEXP","TOT","PC_GDP","A","2002",1.13,
"NLD","PUBUNEMPEXP","TOT","PC_GDP","A","2003",1.35,
"NLD","PUBUNEMPEXP","TOT","PC_GDP","A","2004",1.492,
"NLD","PUBUNEMPEXP","TOT","PC_GDP","A","2005",1.45,
"NLD","PUBUNEMPEXP","TOT","PC_GDP","A","2006",1.232,
"NLD","PUBUNEMPEXP","TOT","PC_GDP","A","2007",1.003,
"NLD","PUBUNEMPEXP","TOT","PC_GDP","A","2008",0.868,
"NLD","PUBUNEMPEXP","TOT","PC_GDP","A","2009",1.122,
"NLD","PUBUNEMPEXP","TOT","PC_GDP","A","2010",1.318,
"NLD","PUBUNEMPEXP","TOT","PC_GDP","A","2011",1.271,
"NLD","PUBUNEMPEXP","TOT","PC_GDP","A","2012",1.405,
"NLD","PUBUNEMPEXP","TOT","PC_GDP","A","2013",1.678,
"NLD","PUBUNEMPEXP","TOT","PC_GDP","A","2014",1.582,
"NLD","PUBUNEMPEXP","TOT","PC_GDP","A","2015",1.456,
"NZL","PUBUNEMPEXP","TOT","PC_GDP","A","1980",0.492,
"NZL","PUBUNEMPEXP","TOT","PC_GDP","A","1981",0.532,
"NZL","PUBUNEMPEXP","TOT","PC_GDP","A","1982",0.586,
"NZL","PUBUNEMPEXP","TOT","PC_GDP","A","1983",0.849,
"NZL","PUBUNEMPEXP","TOT","PC_GDP","A","1984",0.651,
"NZL","PUBUNEMPEXP","TOT","PC_GDP","A","1985",0.597,
"NZL","PUBUNEMPEXP","TOT","PC_GDP","A","1986",0.788,
"NZL","PUBUNEMPEXP","TOT","PC_GDP","A","1987",1.025,
"NZL","PUBUNEMPEXP","TOT","PC_GDP","A","1988",1.399,
"NZL","PUBUNEMPEXP","TOT","PC_GDP","A","1989",1.652,
"NZL","PUBUNEMPEXP","TOT","PC_GDP","A","1990",1.829,
"NZL","PUBUNEMPEXP","TOT","PC_GDP","A","1991",1.762,
"NZL","PUBUNEMPEXP","TOT","PC_GDP","A","1992",1.833,
"NZL","PUBUNEMPEXP","TOT","PC_GDP","A","1993",1.561,
"NZL","PUBUNEMPEXP","TOT","PC_GDP","A","1994",1.241,
"NZL","PUBUNEMPEXP","TOT","PC_GDP","A","1995",1.101,
"NZL","PUBUNEMPEXP","TOT","PC_GDP","A","1996",1.124,
"NZL","PUBUNEMPEXP","TOT","PC_GDP","A","1997",1.378,
"NZL","PUBUNEMPEXP","TOT","PC_GDP","A","1998",1.453,
"NZL","PUBUNEMPEXP","TOT","PC_GDP","A","1999",1.466,
"NZL","PUBUNEMPEXP","TOT","PC_GDP","A","2000",1.301,
"NZL","PUBUNEMPEXP","TOT","PC_GDP","A","2001",1.077,
"NZL","PUBUNEMPEXP","TOT","PC_GDP","A","2002",1.014,
"NZL","PUBUNEMPEXP","TOT","PC_GDP","A","2003",0.817,
"NZL","PUBUNEMPEXP","TOT","PC_GDP","A","2004",0.548,
"NZL","PUBUNEMPEXP","TOT","PC_GDP","A","2005",0.445,
"NZL","PUBUNEMPEXP","TOT","PC_GDP","A","2006",0.362,
"NZL","PUBUNEMPEXP","TOT","PC_GDP","A","2007",0.25,
"NZL","PUBUNEMPEXP","TOT","PC_GDP","A","2008",0.297,
"NZL","PUBUNEMPEXP","TOT","PC_GDP","A","2009",0.485,
"NZL","PUBUNEMPEXP","TOT","PC_GDP","A","2010",0.567,
"NZL","PUBUNEMPEXP","TOT","PC_GDP","A","2011",0.417,
"NZL","PUBUNEMPEXP","TOT","PC_GDP","A","2012",0.386,
"NZL","PUBUNEMPEXP","TOT","PC_GDP","A","2013",0.429,
"NZL","PUBUNEMPEXP","TOT","PC_GDP","A","2014",0.4,
"NZL","PUBUNEMPEXP","TOT","PC_GDP","A","2015",0.341,
"NZL","PUBUNEMPEXP","TOT","PC_GDP","A","2016",0.309,
"NZL","PUBUNEMPEXP","TOT","PC_GDP","A","2017",0.269,
"NOR","PUBUNEMPEXP","TOT","PC_GDP","A","1980",0.351,
"NOR","PUBUNEMPEXP","TOT","PC_GDP","A","1985",0.47,
"NOR","PUBUNEMPEXP","TOT","PC_GDP","A","1986",0.379,
"NOR","PUBUNEMPEXP","TOT","PC_GDP","A","1987",0.369,
"NOR","PUBUNEMPEXP","TOT","PC_GDP","A","1988",0.547,
"NOR","PUBUNEMPEXP","TOT","PC_GDP","A","1989",0.989,
"NOR","PUBUNEMPEXP","TOT","PC_GDP","A","1990",1.042,
"NOR","PUBUNEMPEXP","TOT","PC_GDP","A","1991",1.082,
"NOR","PUBUNEMPEXP","TOT","PC_GDP","A","1992",1.31,
"NOR","PUBUNEMPEXP","TOT","PC_GDP","A","1993",1.386,
"NOR","PUBUNEMPEXP","TOT","PC_GDP","A","1994",1.244,
"NOR","PUBUNEMPEXP","TOT","PC_GDP","A","1995",1.075,
"NOR","PUBUNEMPEXP","TOT","PC_GDP","A","1996",0.887,
"NOR","PUBUNEMPEXP","TOT","PC_GDP","A","1997",0.686,
"NOR","PUBUNEMPEXP","TOT","PC_GDP","A","1998",0.499,
"NOR","PUBUNEMPEXP","TOT","PC_GDP","A","1999",0.468,
"NOR","PUBUNEMPEXP","TOT","PC_GDP","A","2000",0.445,
"NOR","PUBUNEMPEXP","TOT","PC_GDP","A","2001",0.459,
"NOR","PUBUNEMPEXP","TOT","PC_GDP","A","2002",0.571,
"NOR","PUBUNEMPEXP","TOT","PC_GDP","A","2003",0.729,
"NOR","PUBUNEMPEXP","TOT","PC_GDP","A","2004",0.661,
"NOR","PUBUNEMPEXP","TOT","PC_GDP","A","2005",0.521,
"NOR","PUBUNEMPEXP","TOT","PC_GDP","A","2006",0.31,
"NOR","PUBUNEMPEXP","TOT","PC_GDP","A","2007",0.211,
"NOR","PUBUNEMPEXP","TOT","PC_GDP","A","2008",0.187,
"NOR","PUBUNEMPEXP","TOT","PC_GDP","A","2009",0.417,
"NOR","PUBUNEMPEXP","TOT","PC_GDP","A","2010",0.488,
"NOR","PUBUNEMPEXP","TOT","PC_GDP","A","2011",0.407,
"NOR","PUBUNEMPEXP","TOT","PC_GDP","A","2012",0.346,
"NOR","PUBUNEMPEXP","TOT","PC_GDP","A","2013",0.341,
"NOR","PUBUNEMPEXP","TOT","PC_GDP","A","2014",0.373,
"NOR","PUBUNEMPEXP","TOT","PC_GDP","A","2015",0.445,
"POL","PUBUNEMPEXP","TOT","PC_GDP","A","1990",0.003,
"POL","PUBUNEMPEXP","TOT","PC_GDP","A","1991",1.231,
"POL","PUBUNEMPEXP","TOT","PC_GDP","A","1992",2.224,
"POL","PUBUNEMPEXP","TOT","PC_GDP","A","1993",1.674,
"POL","PUBUNEMPEXP","TOT","PC_GDP","A","1994",1.566,
"POL","PUBUNEMPEXP","TOT","PC_GDP","A","1995",1.599,
"POL","PUBUNEMPEXP","TOT","PC_GDP","A","1996",1.531,
"POL","PUBUNEMPEXP","TOT","PC_GDP","A","1997",0.996,
"POL","PUBUNEMPEXP","TOT","PC_GDP","A","1998",0.505,
"POL","PUBUNEMPEXP","TOT","PC_GDP","A","1999",0.587,
"POL","PUBUNEMPEXP","TOT","PC_GDP","A","2000",0.865,
"POL","PUBUNEMPEXP","TOT","PC_GDP","A","2001",0.873,
"POL","PUBUNEMPEXP","TOT","PC_GDP","A","2002",0.881,
"POL","PUBUNEMPEXP","TOT","PC_GDP","A","2003",0.798,
"POL","PUBUNEMPEXP","TOT","PC_GDP","A","2004",0.655,
"POL","PUBUNEMPEXP","TOT","PC_GDP","A","2005",0.533,
"POL","PUBUNEMPEXP","TOT","PC_GDP","A","2006",0.467,
"POL","PUBUNEMPEXP","TOT","PC_GDP","A","2007",0.31,
"POL","PUBUNEMPEXP","TOT","PC_GDP","A","2008",0.247,
"POL","PUBUNEMPEXP","TOT","PC_GDP","A","2009",0.273,
"POL","PUBUNEMPEXP","TOT","PC_GDP","A","2010",0.271,
"POL","PUBUNEMPEXP","TOT","PC_GDP","A","2011",0.229,
"POL","PUBUNEMPEXP","TOT","PC_GDP","A","2012",0.232,
"POL","PUBUNEMPEXP","TOT","PC_GDP","A","2013",0.249,
"POL","PUBUNEMPEXP","TOT","PC_GDP","A","2014",0.2,
"PRT","PUBUNEMPEXP","TOT","PC_GDP","A","1980",0.273,
"PRT","PUBUNEMPEXP","TOT","PC_GDP","A","1981",0.265,
"PRT","PUBUNEMPEXP","TOT","PC_GDP","A","1982",0.248,
"PRT","PUBUNEMPEXP","TOT","PC_GDP","A","1983",0.166,
"PRT","PUBUNEMPEXP","TOT","PC_GDP","A","1984",0.239,
"PRT","PUBUNEMPEXP","TOT","PC_GDP","A","1985",0.271,
"PRT","PUBUNEMPEXP","TOT","PC_GDP","A","1986",0.309,
"PRT","PUBUNEMPEXP","TOT","PC_GDP","A","1987",0.285,
"PRT","PUBUNEMPEXP","TOT","PC_GDP","A","1988",0.226,
"PRT","PUBUNEMPEXP","TOT","PC_GDP","A","1989",0.212,
"PRT","PUBUNEMPEXP","TOT","PC_GDP","A","1990",0.3,
"PRT","PUBUNEMPEXP","TOT","PC_GDP","A","1991",0.386,
"PRT","PUBUNEMPEXP","TOT","PC_GDP","A","1992",0.529,
"PRT","PUBUNEMPEXP","TOT","PC_GDP","A","1993",0.811,
"PRT","PUBUNEMPEXP","TOT","PC_GDP","A","1994",0.915,
"PRT","PUBUNEMPEXP","TOT","PC_GDP","A","1995",0.901,
"PRT","PUBUNEMPEXP","TOT","PC_GDP","A","1996",0.87,
"PRT","PUBUNEMPEXP","TOT","PC_GDP","A","1997",0.813,
"PRT","PUBUNEMPEXP","TOT","PC_GDP","A","1998",0.765,
"PRT","PUBUNEMPEXP","TOT","PC_GDP","A","1999",0.612,
"PRT","PUBUNEMPEXP","TOT","PC_GDP","A","2000",0.626,
"PRT","PUBUNEMPEXP","TOT","PC_GDP","A","2001",0.641,
"PRT","PUBUNEMPEXP","TOT","PC_GDP","A","2002",0.767,
"PRT","PUBUNEMPEXP","TOT","PC_GDP","A","2003",1.022,
"PRT","PUBUNEMPEXP","TOT","PC_GDP","A","2004",1.094,
"PRT","PUBUNEMPEXP","TOT","PC_GDP","A","2005",1.332,
"PRT","PUBUNEMPEXP","TOT","PC_GDP","A","2006",1.287,
"PRT","PUBUNEMPEXP","TOT","PC_GDP","A","2007",1.139,
"PRT","PUBUNEMPEXP","TOT","PC_GDP","A","2008",0.876,
"PRT","PUBUNEMPEXP","TOT","PC_GDP","A","2009",1.166,
"PRT","PUBUNEMPEXP","TOT","PC_GDP","A","2010",1.235,
"PRT","PUBUNEMPEXP","TOT","PC_GDP","A","2011",1.194,
"PRT","PUBUNEMPEXP","TOT","PC_GDP","A","2012",1.54,
"PRT","PUBUNEMPEXP","TOT","PC_GDP","A","2013",1.608,
"PRT","PUBUNEMPEXP","TOT","PC_GDP","A","2014",1.294,
"PRT","PUBUNEMPEXP","TOT","PC_GDP","A","2015",0.979,
"SVK","PUBUNEMPEXP","TOT","PC_GDP","A","1995",0.42,
"SVK","PUBUNEMPEXP","TOT","PC_GDP","A","1996",0.431,
"SVK","PUBUNEMPEXP","TOT","PC_GDP","A","1997",0.523,
"SVK","PUBUNEMPEXP","TOT","PC_GDP","A","1998",0.636,
"SVK","PUBUNEMPEXP","TOT","PC_GDP","A","1999",0.799,
"SVK","PUBUNEMPEXP","TOT","PC_GDP","A","2000",0.64,
"SVK","PUBUNEMPEXP","TOT","PC_GDP","A","2001",0.403,
"SVK","PUBUNEMPEXP","TOT","PC_GDP","A","2002",0.343,
"SVK","PUBUNEMPEXP","TOT","PC_GDP","A","2003",0.305,
"SVK","PUBUNEMPEXP","TOT","PC_GDP","A","2004",0.331,
"SVK","PUBUNEMPEXP","TOT","PC_GDP","A","2005",0.262,
"SVK","PUBUNEMPEXP","TOT","PC_GDP","A","2006",0.331,
"SVK","PUBUNEMPEXP","TOT","PC_GDP","A","2007",0.358,
"SVK","PUBUNEMPEXP","TOT","PC_GDP","A","2008",0.427,
"SVK","PUBUNEMPEXP","TOT","PC_GDP","A","2009",0.664,
"SVK","PUBUNEMPEXP","TOT","PC_GDP","A","2010",0.665,
"SVK","PUBUNEMPEXP","TOT","PC_GDP","A","2011",0.548,
"SVK","PUBUNEMPEXP","TOT","PC_GDP","A","2012",0.469,
"SVK","PUBUNEMPEXP","TOT","PC_GDP","A","2013",0.424,
"SVK","PUBUNEMPEXP","TOT","PC_GDP","A","2014",0.35,
"SVK","PUBUNEMPEXP","TOT","PC_GDP","A","2015",0.355,
"ESP","PUBUNEMPEXP","TOT","PC_GDP","A","1980",1.914,
"ESP","PUBUNEMPEXP","TOT","PC_GDP","A","1981",2.283,
"ESP","PUBUNEMPEXP","TOT","PC_GDP","A","1982",2.017,
"ESP","PUBUNEMPEXP","TOT","PC_GDP","A","1983",2.122,
"ESP","PUBUNEMPEXP","TOT","PC_GDP","A","1984",2.102,
"ESP","PUBUNEMPEXP","TOT","PC_GDP","A","1985",2.659,
"ESP","PUBUNEMPEXP","TOT","PC_GDP","A","1986",2.383,
"ESP","PUBUNEMPEXP","TOT","PC_GDP","A","1987",2.326,
"ESP","PUBUNEMPEXP","TOT","PC_GDP","A","1988",2.237,
"ESP","PUBUNEMPEXP","TOT","PC_GDP","A","1989",2.042,
"ESP","PUBUNEMPEXP","TOT","PC_GDP","A","1990",3.075,
"ESP","PUBUNEMPEXP","TOT","PC_GDP","A","1991",3.528,
"ESP","PUBUNEMPEXP","TOT","PC_GDP","A","1992",3.854,
"ESP","PUBUNEMPEXP","TOT","PC_GDP","A","1993",4.568,
"ESP","PUBUNEMPEXP","TOT","PC_GDP","A","1994",3.786,
"ESP","PUBUNEMPEXP","TOT","PC_GDP","A","1995",3.089,
"ESP","PUBUNEMPEXP","TOT","PC_GDP","A","1996",2.69,
"ESP","PUBUNEMPEXP","TOT","PC_GDP","A","1997",2.443,
"ESP","PUBUNEMPEXP","TOT","PC_GDP","A","1998",2.2,
"ESP","PUBUNEMPEXP","TOT","PC_GDP","A","1999",2.019,
"ESP","PUBUNEMPEXP","TOT","PC_GDP","A","2000",1.637,
"ESP","PUBUNEMPEXP","TOT","PC_GDP","A","2001",1.753,
"ESP","PUBUNEMPEXP","TOT","PC_GDP","A","2002",1.844,
"ESP","PUBUNEMPEXP","TOT","PC_GDP","A","2003",1.833,
"ESP","PUBUNEMPEXP","TOT","PC_GDP","A","2004",1.819,
"ESP","PUBUNEMPEXP","TOT","PC_GDP","A","2005",1.806,
"ESP","PUBUNEMPEXP","TOT","PC_GDP","A","2006",1.779,
"ESP","PUBUNEMPEXP","TOT","PC_GDP","A","2007",1.74,
"ESP","PUBUNEMPEXP","TOT","PC_GDP","A","2008",2.184,
"ESP","PUBUNEMPEXP","TOT","PC_GDP","A","2009",3.352,
"ESP","PUBUNEMPEXP","TOT","PC_GDP","A","2010",3.003,
"ESP","PUBUNEMPEXP","TOT","PC_GDP","A","2011",3.34,
"ESP","PUBUNEMPEXP","TOT","PC_GDP","A","2012",3.232,
"ESP","PUBUNEMPEXP","TOT","PC_GDP","A","2013",3.116,
"ESP","PUBUNEMPEXP","TOT","PC_GDP","A","2014",2.534,
"ESP","PUBUNEMPEXP","TOT","PC_GDP","A","2015",2.025,
"SWE","PUBUNEMPEXP","TOT","PC_GDP","A","1980",0.346,
"SWE","PUBUNEMPEXP","TOT","PC_GDP","A","1981",0.501,
"SWE","PUBUNEMPEXP","TOT","PC_GDP","A","1982",0.66,
"SWE","PUBUNEMPEXP","TOT","PC_GDP","A","1983",0.877,
"SWE","PUBUNEMPEXP","TOT","PC_GDP","A","1984",0.841,
"SWE","PUBUNEMPEXP","TOT","PC_GDP","A","1985",0.815,
"SWE","PUBUNEMPEXP","TOT","PC_GDP","A","1986",0.823,
"SWE","PUBUNEMPEXP","TOT","PC_GDP","A","1987",0.754,
"SWE","PUBUNEMPEXP","TOT","PC_GDP","A","1988",0.637,
"SWE","PUBUNEMPEXP","TOT","PC_GDP","A","1989",0.596,
"SWE","PUBUNEMPEXP","TOT","PC_GDP","A","1990",0.817,
"SWE","PUBUNEMPEXP","TOT","PC_GDP","A","1991",1.468,
"SWE","PUBUNEMPEXP","TOT","PC_GDP","A","1992",2.392,
"SWE","PUBUNEMPEXP","TOT","PC_GDP","A","1993",2.609,
"SWE","PUBUNEMPEXP","TOT","PC_GDP","A","1994",2.356,
"SWE","PUBUNEMPEXP","TOT","PC_GDP","A","1995",2.186,
"SWE","PUBUNEMPEXP","TOT","PC_GDP","A","1996",2.052,
"SWE","PUBUNEMPEXP","TOT","PC_GDP","A","1997",2.019,
"SWE","PUBUNEMPEXP","TOT","PC_GDP","A","1998",1.742,
"SWE","PUBUNEMPEXP","TOT","PC_GDP","A","1999",1.563,
"SWE","PUBUNEMPEXP","TOT","PC_GDP","A","2000",1.31,
"SWE","PUBUNEMPEXP","TOT","PC_GDP","A","2001",1.019,
"SWE","PUBUNEMPEXP","TOT","PC_GDP","A","2002",0.996,
"SWE","PUBUNEMPEXP","TOT","PC_GDP","A","2003",1.143,
"SWE","PUBUNEMPEXP","TOT","PC_GDP","A","2004",1.236,
"SWE","PUBUNEMPEXP","TOT","PC_GDP","A","2005",1.131,
"SWE","PUBUNEMPEXP","TOT","PC_GDP","A","2006",0.922,
"SWE","PUBUNEMPEXP","TOT","PC_GDP","A","2007",0.632,
"SWE","PUBUNEMPEXP","TOT","PC_GDP","A","2008",0.435,
"SWE","PUBUNEMPEXP","TOT","PC_GDP","A","2009",0.686,
"SWE","PUBUNEMPEXP","TOT","PC_GDP","A","2010",0.566,
"SWE","PUBUNEMPEXP","TOT","PC_GDP","A","2011",0.419,
"SWE","PUBUNEMPEXP","TOT","PC_GDP","A","2012",0.455,
"SWE","PUBUNEMPEXP","TOT","PC_GDP","A","2013",0.464,
"SWE","PUBUNEMPEXP","TOT","PC_GDP","A","2014",0.388,
"SWE","PUBUNEMPEXP","TOT","PC_GDP","A","2015",0.331,
"CHE","PUBUNEMPEXP","TOT","PC_GDP","A","1980",0.067,
"CHE","PUBUNEMPEXP","TOT","PC_GDP","A","1981",0.064,
"CHE","PUBUNEMPEXP","TOT","PC_GDP","A","1982",0.177,
"CHE","PUBUNEMPEXP","TOT","PC_GDP","A","1983",0.324,
"CHE","PUBUNEMPEXP","TOT","PC_GDP","A","1984",0.272,
"CHE","PUBUNEMPEXP","TOT","PC_GDP","A","1985",0.227,
"CHE","PUBUNEMPEXP","TOT","PC_GDP","A","1986",0.185,
"CHE","PUBUNEMPEXP","TOT","PC_GDP","A","1987",0.186,
"CHE","PUBUNEMPEXP","TOT","PC_GDP","A","1988",0.148,
"CHE","PUBUNEMPEXP","TOT","PC_GDP","A","1989",0.107,
"CHE","PUBUNEMPEXP","TOT","PC_GDP","A","1990",0.107,
"CHE","PUBUNEMPEXP","TOT","PC_GDP","A","1991",0.301,
"CHE","PUBUNEMPEXP","TOT","PC_GDP","A","1992",0.796,
"CHE","PUBUNEMPEXP","TOT","PC_GDP","A","1993",1.379,
"CHE","PUBUNEMPEXP","TOT","PC_GDP","A","1994",1.233,
"CHE","PUBUNEMPEXP","TOT","PC_GDP","A","1995",1.026,
"CHE","PUBUNEMPEXP","TOT","PC_GDP","A","1996",1.134,
"CHE","PUBUNEMPEXP","TOT","PC_GDP","A","1997",1.248,
"CHE","PUBUNEMPEXP","TOT","PC_GDP","A","1998",1.073,
"CHE","PUBUNEMPEXP","TOT","PC_GDP","A","1999",0.731,
"CHE","PUBUNEMPEXP","TOT","PC_GDP","A","2000",0.506,
"CHE","PUBUNEMPEXP","TOT","PC_GDP","A","2001",0.448,
"CHE","PUBUNEMPEXP","TOT","PC_GDP","A","2002",0.717,
"CHE","PUBUNEMPEXP","TOT","PC_GDP","A","2003",1.034,
"CHE","PUBUNEMPEXP","TOT","PC_GDP","A","2004",1.036,
"CHE","PUBUNEMPEXP","TOT","PC_GDP","A","2005",0.94,
"CHE","PUBUNEMPEXP","TOT","PC_GDP","A","2006",0.812,
"CHE","PUBUNEMPEXP","TOT","PC_GDP","A","2007",0.617,
"CHE","PUBUNEMPEXP","TOT","PC_GDP","A","2008",0.549,
"CHE","PUBUNEMPEXP","TOT","PC_GDP","A","2009",0.958,
"CHE","PUBUNEMPEXP","TOT","PC_GDP","A","2010",0.954,
"CHE","PUBUNEMPEXP","TOT","PC_GDP","A","2011",0.662,
"CHE","PUBUNEMPEXP","TOT","PC_GDP","A","2012",0.694,
"CHE","PUBUNEMPEXP","TOT","PC_GDP","A","2013",0.775,
"CHE","PUBUNEMPEXP","TOT","PC_GDP","A","2014",0.768,
"CHE","PUBUNEMPEXP","TOT","PC_GDP","A","2015",0.809,
"TUR","PUBUNEMPEXP","TOT","PC_GDP","A","1980",0.286,
"TUR","PUBUNEMPEXP","TOT","PC_GDP","A","1981",0.272,
"TUR","PUBUNEMPEXP","TOT","PC_GDP","A","1982",0.294,
"TUR","PUBUNEMPEXP","TOT","PC_GDP","A","1983",0.324,
"TUR","PUBUNEMPEXP","TOT","PC_GDP","A","1984",0.3,
"TUR","PUBUNEMPEXP","TOT","PC_GDP","A","1985",0.278,
"TUR","PUBUNEMPEXP","TOT","PC_GDP","A","1986",0.291,
"TUR","PUBUNEMPEXP","TOT","PC_GDP","A","1987",0.301,
"TUR","PUBUNEMPEXP","TOT","PC_GDP","A","1988",0.324,
"TUR","PUBUNEMPEXP","TOT","PC_GDP","A","1989",0.361,
"TUR","PUBUNEMPEXP","TOT","PC_GDP","A","1990",0.425,
"TUR","PUBUNEMPEXP","TOT","PC_GDP","A","1991",0.528,
"TUR","PUBUNEMPEXP","TOT","PC_GDP","A","1992",0.486,
"TUR","PUBUNEMPEXP","TOT","PC_GDP","A","1993",0.475,
"TUR","PUBUNEMPEXP","TOT","PC_GDP","A","1994",0.519,
"TUR","PUBUNEMPEXP","TOT","PC_GDP","A","1995",0.493,
"TUR","PUBUNEMPEXP","TOT","PC_GDP","A","1996",0.767,
"TUR","PUBUNEMPEXP","TOT","PC_GDP","A","1997",0.603,
"TUR","PUBUNEMPEXP","TOT","PC_GDP","A","1998",0.465,
"TUR","PUBUNEMPEXP","TOT","PC_GDP","A","1999",0.642,
"TUR","PUBUNEMPEXP","TOT","PC_GDP","A","2000",0.006,
"TUR","PUBUNEMPEXP","TOT","PC_GDP","A","2001",0.005,
"TUR","PUBUNEMPEXP","TOT","PC_GDP","A","2002",0.019,
"TUR","PUBUNEMPEXP","TOT","PC_GDP","A","2003",0.031,
"TUR","PUBUNEMPEXP","TOT","PC_GDP","A","2004",0.048,
"TUR","PUBUNEMPEXP","TOT","PC_GDP","A","2005",0.063,
"TUR","PUBUNEMPEXP","TOT","PC_GDP","A","2006",0.065,
"TUR","PUBUNEMPEXP","TOT","PC_GDP","A","2007",0.063,
"TUR","PUBUNEMPEXP","TOT","PC_GDP","A","2008",0.066,
"TUR","PUBUNEMPEXP","TOT","PC_GDP","A","2009",0.169,
"TUR","PUBUNEMPEXP","TOT","PC_GDP","A","2010",0.115,
"TUR","PUBUNEMPEXP","TOT","PC_GDP","A","2011",0.105,
"TUR","PUBUNEMPEXP","TOT","PC_GDP","A","2012",0.129,
"TUR","PUBUNEMPEXP","TOT","PC_GDP","A","2013",0.119,
"TUR","PUBUNEMPEXP","TOT","PC_GDP","A","2014",0.136,
"TUR","PUBUNEMPEXP","TOT","PC_GDP","A","2015",0.202,
"TUR","PUBUNEMPEXP","TOT","PC_GDP","A","2016",0.295,
"GBR","PUBUNEMPEXP","TOT","PC_GDP","A","1980",1.15,
"GBR","PUBUNEMPEXP","TOT","PC_GDP","A","1981",1.581,
"GBR","PUBUNEMPEXP","TOT","PC_GDP","A","1982",1.872,
"GBR","PUBUNEMPEXP","TOT","PC_GDP","A","1983",1.947,
"GBR","PUBUNEMPEXP","TOT","PC_GDP","A","1984",1.953,
"GBR","PUBUNEMPEXP","TOT","PC_GDP","A","1985",1.928,
"GBR","PUBUNEMPEXP","TOT","PC_GDP","A","1986",1.813,
"GBR","PUBUNEMPEXP","TOT","PC_GDP","A","1987",1.452,
"GBR","PUBUNEMPEXP","TOT","PC_GDP","A","1988",1.018,
"GBR","PUBUNEMPEXP","TOT","PC_GDP","A","1989",0.759,
"GBR","PUBUNEMPEXP","TOT","PC_GDP","A","1990",0.658,
"GBR","PUBUNEMPEXP","TOT","PC_GDP","A","1991",0.988,
"GBR","PUBUNEMPEXP","TOT","PC_GDP","A","1992",1.151,
"GBR","PUBUNEMPEXP","TOT","PC_GDP","A","1993",1.121,
"GBR","PUBUNEMPEXP","TOT","PC_GDP","A","1994",0.912,
"GBR","PUBUNEMPEXP","TOT","PC_GDP","A","1995",0.746,
"GBR","PUBUNEMPEXP","TOT","PC_GDP","A","1996",0.606,
"GBR","PUBUNEMPEXP","TOT","PC_GDP","A","1997",0.438,
"GBR","PUBUNEMPEXP","TOT","PC_GDP","A","1998",0.388,
"GBR","PUBUNEMPEXP","TOT","PC_GDP","A","1999",0.343,
"GBR","PUBUNEMPEXP","TOT","PC_GDP","A","2000",0.29,
"GBR","PUBUNEMPEXP","TOT","PC_GDP","A","2001",0.451,
"GBR","PUBUNEMPEXP","TOT","PC_GDP","A","2002",0.254,
"GBR","PUBUNEMPEXP","TOT","PC_GDP","A","2003",0.232,
"GBR","PUBUNEMPEXP","TOT","PC_GDP","A","2004",0.223,
"GBR","PUBUNEMPEXP","TOT","PC_GDP","A","2005",0.228,
"GBR","PUBUNEMPEXP","TOT","PC_GDP","A","2006",0.218,
"GBR","PUBUNEMPEXP","TOT","PC_GDP","A","2007",0.203,
"GBR","PUBUNEMPEXP","TOT","PC_GDP","A","2008",0.287,
"GBR","PUBUNEMPEXP","TOT","PC_GDP","A","2009",0.446,
"GBR","PUBUNEMPEXP","TOT","PC_GDP","A","2010",0.374,
"GBR","PUBUNEMPEXP","TOT","PC_GDP","A","2011",0.394,
"GBR","PUBUNEMPEXP","TOT","PC_GDP","A","2012",0.39,
"GBR","PUBUNEMPEXP","TOT","PC_GDP","A","2013",0.314,
"GBR","PUBUNEMPEXP","TOT","PC_GDP","A","2014",0.214,
"GBR","PUBUNEMPEXP","TOT","PC_GDP","A","2015",0.173,
"USA","PUBUNEMPEXP","TOT","PC_GDP","A","1980",0.666,
"USA","PUBUNEMPEXP","TOT","PC_GDP","A","1981",0.643,
"USA","PUBUNEMPEXP","TOT","PC_GDP","A","1982",0.685,
"USA","PUBUNEMPEXP","TOT","PC_GDP","A","1983",0.848,
"USA","PUBUNEMPEXP","TOT","PC_GDP","A","1984",0.435,
"USA","PUBUNEMPEXP","TOT","PC_GDP","A","1985",0.383,
"USA","PUBUNEMPEXP","TOT","PC_GDP","A","1986",0.532,
"USA","PUBUNEMPEXP","TOT","PC_GDP","A","1987",0.489,
"USA","PUBUNEMPEXP","TOT","PC_GDP","A","1988",0.406,
"USA","PUBUNEMPEXP","TOT","PC_GDP","A","1989",0.382,
"USA","PUBUNEMPEXP","TOT","PC_GDP","A","1990",0.415,
"USA","PUBUNEMPEXP","TOT","PC_GDP","A","1991",0.461,
"USA","PUBUNEMPEXP","TOT","PC_GDP","A","1992",0.63,
"USA","PUBUNEMPEXP","TOT","PC_GDP","A","1993",0.571,
"USA","PUBUNEMPEXP","TOT","PC_GDP","A","1994",0.416,
"USA","PUBUNEMPEXP","TOT","PC_GDP","A","1995",0.334,
"USA","PUBUNEMPEXP","TOT","PC_GDP","A","1996",0.327,
"USA","PUBUNEMPEXP","TOT","PC_GDP","A","1997",0.252,
"USA","PUBUNEMPEXP","TOT","PC_GDP","A","1998",0.24,
"USA","PUBUNEMPEXP","TOT","PC_GDP","A","1999",0.247,
"USA","PUBUNEMPEXP","TOT","PC_GDP","A","2000",0.229,
"USA","PUBUNEMPEXP","TOT","PC_GDP","A","2001",0.297,
"USA","PUBUNEMPEXP","TOT","PC_GDP","A","2002",0.496,
"USA","PUBUNEMPEXP","TOT","PC_GDP","A","2003",0.506,
"USA","PUBUNEMPEXP","TOT","PC_GDP","A","2004",0.379,
"USA","PUBUNEMPEXP","TOT","PC_GDP","A","2005",0.28,
"USA","PUBUNEMPEXP","TOT","PC_GDP","A","2006",0.255,
"USA","PUBUNEMPEXP","TOT","PC_GDP","A","2007",0.254,
"USA","PUBUNEMPEXP","TOT","PC_GDP","A","2008",0.317,
"USA","PUBUNEMPEXP","TOT","PC_GDP","A","2009",0.844,
"USA","PUBUNEMPEXP","TOT","PC_GDP","A","2010",1.091,
"USA","PUBUNEMPEXP","TOT","PC_GDP","A","2011",0.79,
"USA","PUBUNEMPEXP","TOT","PC_GDP","A","2012",0.592,
"USA","PUBUNEMPEXP","TOT","PC_GDP","A","2013",0.426,
"USA","PUBUNEMPEXP","TOT","PC_GDP","A","2014",0.266,
"USA","PUBUNEMPEXP","TOT","PC_GDP","A","2015",0.198,
"USA","PUBUNEMPEXP","TOT","PC_GDP","A","2016",0.194,
"CHL","PUBUNEMPEXP","TOT","PC_GDP","A","1987",0.065,
"CHL","PUBUNEMPEXP","TOT","PC_GDP","A","1988",0.042,
"CHL","PUBUNEMPEXP","TOT","PC_GDP","A","1989",0.029,
"CHL","PUBUNEMPEXP","TOT","PC_GDP","A","1990",0.021,
"CHL","PUBUNEMPEXP","TOT","PC_GDP","A","1991",0.021,
"CHL","PUBUNEMPEXP","TOT","PC_GDP","A","1992",0.016,
"CHL","PUBUNEMPEXP","TOT","PC_GDP","A","1993",0.015,
"CHL","PUBUNEMPEXP","TOT","PC_GDP","A","1994",0.015,
"CHL","PUBUNEMPEXP","TOT","PC_GDP","A","1995",0.015,
"CHL","PUBUNEMPEXP","TOT","PC_GDP","A","1996",0.016,
"CHL","PUBUNEMPEXP","TOT","PC_GDP","A","1997",0.016,
"CHL","PUBUNEMPEXP","TOT","PC_GDP","A","1998",0.017,
"CHL","PUBUNEMPEXP","TOT","PC_GDP","A","1999",0.026,
"CHL","PUBUNEMPEXP","TOT","PC_GDP","A","2000",0.054,
"CHL","PUBUNEMPEXP","TOT","PC_GDP","A","2001",0.041,
"CHL","PUBUNEMPEXP","TOT","PC_GDP","A","2002",0.05,
"CHL","PUBUNEMPEXP","TOT","PC_GDP","A","2003",0.05,
"CHL","PUBUNEMPEXP","TOT","PC_GDP","A","2004",0.049,
"CHL","PUBUNEMPEXP","TOT","PC_GDP","A","2005",0.035,
"CHL","PUBUNEMPEXP","TOT","PC_GDP","A","2006",0.032,
"CHL","PUBUNEMPEXP","TOT","PC_GDP","A","2007",0.03,
"CHL","PUBUNEMPEXP","TOT","PC_GDP","A","2008",0.057,
"CHL","PUBUNEMPEXP","TOT","PC_GDP","A","2009",0.066,
"CHL","PUBUNEMPEXP","TOT","PC_GDP","A","2010",0.104,
"CHL","PUBUNEMPEXP","TOT","PC_GDP","A","2011",0.035,
"CHL","PUBUNEMPEXP","TOT","PC_GDP","A","2012",0.017,
"CHL","PUBUNEMPEXP","TOT","PC_GDP","A","2013",0.052,
"CHL","PUBUNEMPEXP","TOT","PC_GDP","A","2014",0.055,
"CHL","PUBUNEMPEXP","TOT","PC_GDP","A","2015",0.085,
"CHL","PUBUNEMPEXP","TOT","PC_GDP","A","2016",0.02,
"CHL","PUBUNEMPEXP","TOT","PC_GDP","A","2017",0.078,
"EST","PUBUNEMPEXP","TOT","PC_GDP","A","2000",0.128,
"EST","PUBUNEMPEXP","TOT","PC_GDP","A","2001",0.122,
"EST","PUBUNEMPEXP","TOT","PC_GDP","A","2002",0.086,
"EST","PUBUNEMPEXP","TOT","PC_GDP","A","2003",0.177,
"EST","PUBUNEMPEXP","TOT","PC_GDP","A","2004",0.164,
"EST","PUBUNEMPEXP","TOT","PC_GDP","A","2005",0.108,
"EST","PUBUNEMPEXP","TOT","PC_GDP","A","2006",0.064,
"EST","PUBUNEMPEXP","TOT","PC_GDP","A","2007",0.091,
"EST","PUBUNEMPEXP","TOT","PC_GDP","A","2008",0.25,
"EST","PUBUNEMPEXP","TOT","PC_GDP","A","2009",1.065,
"EST","PUBUNEMPEXP","TOT","PC_GDP","A","2010",0.587,
"EST","PUBUNEMPEXP","TOT","PC_GDP","A","2011",0.307,
"EST","PUBUNEMPEXP","TOT","PC_GDP","A","2012",0.272,
"EST","PUBUNEMPEXP","TOT","PC_GDP","A","2013",0.328,
"EST","PUBUNEMPEXP","TOT","PC_GDP","A","2014",0.297,
"EST","PUBUNEMPEXP","TOT","PC_GDP","A","2015",0.331,
"ISR","PUBUNEMPEXP","TOT","PC_GDP","A","1995",0.465,
"ISR","PUBUNEMPEXP","TOT","PC_GDP","A","1996",0.457,
"ISR","PUBUNEMPEXP","TOT","PC_GDP","A","1997",0.574,
"ISR","PUBUNEMPEXP","TOT","PC_GDP","A","1998",0.628,
"ISR","PUBUNEMPEXP","TOT","PC_GDP","A","1999",0.617,
"ISR","PUBUNEMPEXP","TOT","PC_GDP","A","2000",0.559,
"ISR","PUBUNEMPEXP","TOT","PC_GDP","A","2001",0.649,
"ISR","PUBUNEMPEXP","TOT","PC_GDP","A","2002",0.632,
"ISR","PUBUNEMPEXP","TOT","PC_GDP","A","2003",0.451,
"ISR","PUBUNEMPEXP","TOT","PC_GDP","A","2004",0.381,
"ISR","PUBUNEMPEXP","TOT","PC_GDP","A","2005",0.346,
"ISR","PUBUNEMPEXP","TOT","PC_GDP","A","2006",0.306,
"ISR","PUBUNEMPEXP","TOT","PC_GDP","A","2007",0.268,
"ISR","PUBUNEMPEXP","TOT","PC_GDP","A","2008",0.261,
"ISR","PUBUNEMPEXP","TOT","PC_GDP","A","2009",0.397,
"ISR","PUBUNEMPEXP","TOT","PC_GDP","A","2010",0.321,
"ISR","PUBUNEMPEXP","TOT","PC_GDP","A","2011",0.293,
"ISR","PUBUNEMPEXP","TOT","PC_GDP","A","2012",0.314,
"ISR","PUBUNEMPEXP","TOT","PC_GDP","A","2013",0.33,
"ISR","PUBUNEMPEXP","TOT","PC_GDP","A","2014",0.328,
"ISR","PUBUNEMPEXP","TOT","PC_GDP","A","2015",0.308,
"ISR","PUBUNEMPEXP","TOT","PC_GDP","A","2016",0.283,
"ISR","PUBUNEMPEXP","TOT","PC_GDP","A","2017",0.275,
"SVN","PUBUNEMPEXP","TOT","PC_GDP","A","1996",0.859,
"SVN","PUBUNEMPEXP","TOT","PC_GDP","A","1997",1.031,
"SVN","PUBUNEMPEXP","TOT","PC_GDP","A","1998",1.074,
"SVN","PUBUNEMPEXP","TOT","PC_GDP","A","1999",1.006,
"SVN","PUBUNEMPEXP","TOT","PC_GDP","A","2000",0.855,
"SVN","PUBUNEMPEXP","TOT","PC_GDP","A","2001",0.712,
"SVN","PUBUNEMPEXP","TOT","PC_GDP","A","2002",0.62,
"SVN","PUBUNEMPEXP","TOT","PC_GDP","A","2003",0.593,
"SVN","PUBUNEMPEXP","TOT","PC_GDP","A","2004",0.582,
"SVN","PUBUNEMPEXP","TOT","PC_GDP","A","2005",0.591,
"SVN","PUBUNEMPEXP","TOT","PC_GDP","A","2006",0.515,
"SVN","PUBUNEMPEXP","TOT","PC_GDP","A","2007",0.331,
"SVN","PUBUNEMPEXP","TOT","PC_GDP","A","2008",0.284,
"SVN","PUBUNEMPEXP","TOT","PC_GDP","A","2009",0.468,
"SVN","PUBUNEMPEXP","TOT","PC_GDP","A","2010",0.541,
"SVN","PUBUNEMPEXP","TOT","PC_GDP","A","2011",0.677,
"SVN","PUBUNEMPEXP","TOT","PC_GDP","A","2012",0.665,
"SVN","PUBUNEMPEXP","TOT","PC_GDP","A","2013",0.741,
"SVN","PUBUNEMPEXP","TOT","PC_GDP","A","2014",0.608,
"SVN","PUBUNEMPEXP","TOT","PC_GDP","A","2015",0.545,
"OECD","PUBUNEMPEXP","TOT","PC_GDP","A","1980",0.588,
"OECD","PUBUNEMPEXP","TOT","PC_GDP","A","1981",0.721,
"OECD","PUBUNEMPEXP","TOT","PC_GDP","A","1982",0.876,
"OECD","PUBUNEMPEXP","TOT","PC_GDP","A","1983",0.977,
"OECD","PUBUNEMPEXP","TOT","PC_GDP","A","1984",0.922,
"OECD","PUBUNEMPEXP","TOT","PC_GDP","A","1985",1.043,
"OECD","PUBUNEMPEXP","TOT","PC_GDP","A","1986",1.026,
"OECD","PUBUNEMPEXP","TOT","PC_GDP","A","1987",0.986,
"OECD","PUBUNEMPEXP","TOT","PC_GDP","A","1988",0.913,
"OECD","PUBUNEMPEXP","TOT","PC_GDP","A","1989",0.844,
"OECD","PUBUNEMPEXP","TOT","PC_GDP","A","1990",0.894,
"OECD","PUBUNEMPEXP","TOT","PC_GDP","A","1991",1.074,
"OECD","PUBUNEMPEXP","TOT","PC_GDP","A","1992",1.245,
"OECD","PUBUNEMPEXP","TOT","PC_GDP","A","1993",1.377,
"OECD","PUBUNEMPEXP","TOT","PC_GDP","A","1994",1.258,
"OECD","PUBUNEMPEXP","TOT","PC_GDP","A","1995",1.132,
"OECD","PUBUNEMPEXP","TOT","PC_GDP","A","1996",1.153,
"OECD","PUBUNEMPEXP","TOT","PC_GDP","A","1997",1.042,
"OECD","PUBUNEMPEXP","TOT","PC_GDP","A","1998",0.936,
"OECD","PUBUNEMPEXP","TOT","PC_GDP","A","1999",0.853,
"OECD","PUBUNEMPEXP","TOT","PC_GDP","A","2000",0.743,
"OECD","PUBUNEMPEXP","TOT","PC_GDP","A","2001",0.723,
"OECD","PUBUNEMPEXP","TOT","PC_GDP","A","2002",0.748,
"OECD","PUBUNEMPEXP","TOT","PC_GDP","A","2003",0.791,
"OECD","PUBUNEMPEXP","TOT","PC_GDP","A","2004",0.778,
"OECD","PUBUNEMPEXP","TOT","PC_GDP","A","2005",0.749,
"OECD","PUBUNEMPEXP","TOT","PC_GDP","A","2006",0.691,
"OECD","PUBUNEMPEXP","TOT","PC_GDP","A","2007",0.623,
"OECD","PUBUNEMPEXP","TOT","PC_GDP","A","2008",0.652,
"OECD","PUBUNEMPEXP","TOT","PC_GDP","A","2009",1.027,
"OECD","PUBUNEMPEXP","TOT","PC_GDP","A","2010",0.996,
"OECD","PUBUNEMPEXP","TOT","PC_GDP","A","2011",0.899,
"OECD","PUBUNEMPEXP","TOT","PC_GDP","A","2012",0.873,
"OECD","PUBUNEMPEXP","TOT","PC_GDP","A","2013",0.877,
"OECD","PUBUNEMPEXP","TOT","PC_GDP","A","2014",0.802,
"OECD","PUBUNEMPEXP","TOT","PC_GDP","A","2015",0.676,
"LVA","PUBUNEMPEXP","TOT","PC_GDP","A","1994",0,
"LVA","PUBUNEMPEXP","TOT","PC_GDP","A","1995",0,
"LVA","PUBUNEMPEXP","TOT","PC_GDP","A","1996",0,
"LVA","PUBUNEMPEXP","TOT","PC_GDP","A","1997",0.302,
"LVA","PUBUNEMPEXP","TOT","PC_GDP","A","1998",0.348,
"LVA","PUBUNEMPEXP","TOT","PC_GDP","A","1999",0.624,
"LVA","PUBUNEMPEXP","TOT","PC_GDP","A","2000",0.549,
"LVA","PUBUNEMPEXP","TOT","PC_GDP","A","2001",0.425,
"LVA","PUBUNEMPEXP","TOT","PC_GDP","A","2002",0.439,
"LVA","PUBUNEMPEXP","TOT","PC_GDP","A","2003",0.444,
"LVA","PUBUNEMPEXP","TOT","PC_GDP","A","2004",0.42,
"LVA","PUBUNEMPEXP","TOT","PC_GDP","A","2005",0.368,
"LVA","PUBUNEMPEXP","TOT","PC_GDP","A","2006",0.352,
"LVA","PUBUNEMPEXP","TOT","PC_GDP","A","2007",0.335,
"LVA","PUBUNEMPEXP","TOT","PC_GDP","A","2008",0.449,
"LVA","PUBUNEMPEXP","TOT","PC_GDP","A","2009",1.439,
"LVA","PUBUNEMPEXP","TOT","PC_GDP","A","2010",1.069,
"LVA","PUBUNEMPEXP","TOT","PC_GDP","A","2011",0.545,
"LVA","PUBUNEMPEXP","TOT","PC_GDP","A","2012",0.424,
"LVA","PUBUNEMPEXP","TOT","PC_GDP","A","2013",0.486,
"LVA","PUBUNEMPEXP","TOT","PC_GDP","A","2014",0.487,
"LVA","PUBUNEMPEXP","TOT","PC_GDP","A","2015",0.527,
"LTU","PUBUNEMPEXP","TOT","PC_GDP","A","1996",0.154,
"LTU","PUBUNEMPEXP","TOT","PC_GDP","A","1997",0.121,
"LTU","PUBUNEMPEXP","TOT","PC_GDP","A","1998",0.113,
"LTU","PUBUNEMPEXP","TOT","PC_GDP","A","1999",0.138,
"LTU","PUBUNEMPEXP","TOT","PC_GDP","A","2000",0.174,
"LTU","PUBUNEMPEXP","TOT","PC_GDP","A","2001",0.146,
"LTU","PUBUNEMPEXP","TOT","PC_GDP","A","2002",0.16,
"LTU","PUBUNEMPEXP","TOT","PC_GDP","A","2003",0.155,
"LTU","PUBUNEMPEXP","TOT","PC_GDP","A","2004",0.116,
"LTU","PUBUNEMPEXP","TOT","PC_GDP","A","2005",0.153,
"LTU","PUBUNEMPEXP","TOT","PC_GDP","A","2006",0.171,
"LTU","PUBUNEMPEXP","TOT","PC_GDP","A","2007",0.16,
"LTU","PUBUNEMPEXP","TOT","PC_GDP","A","2008",0.199,
"LTU","PUBUNEMPEXP","TOT","PC_GDP","A","2009",0.667,
"LTU","PUBUNEMPEXP","TOT","PC_GDP","A","2010",0.558,
"LTU","PUBUNEMPEXP","TOT","PC_GDP","A","2011",0.374,
"LTU","PUBUNEMPEXP","TOT","PC_GDP","A","2012",0.237,
"LTU","PUBUNEMPEXP","TOT","PC_GDP","A","2013",0.221,
"LTU","PUBUNEMPEXP","TOT","PC_GDP","A","2014",0.192,
"LTU","PUBUNEMPEXP","TOT","PC_GDP","A","2015",0.226,
