﻿"LOCATION","INDICATOR","SUBJECT","MEASURE","FREQUENCY","TIME","Value","Flag Codes"
"AUS","POVERTY","0_17","RT","A","2012",0.129,
"AUS","POVERTY","0_17","RT","A","2014",0.13,
"AUS","POVERTY","0_17","RT","A","2016",0.125,
"AUS","POVERTY","TOT","RT","A","2012",0.14,
"AUS","POVERTY","TOT","RT","A","2014",0.128,
"AUS","POVERTY","TOT","RT","A","2016",0.121,
"AUS","POVERTY","18_65","RT","A","2012",0.107,
"AUS","POVERTY","18_65","RT","A","2014",0.102,
"AUS","POVERTY","18_65","RT","A","2016",0.094,
"AUT","POVERTY","0_17","RT","A","2007",0.097,
"AUT","POVERTY","0_17","RT","A","2008",0.097,
"AUT","POVERTY","0_17","RT","A","2009",0.109,
"AUT","POVERTY","0_17","RT","A","2010",0.1,
"AUT","POVERTY","0_17","RT","A","2011",0.091,
"AUT","POVERTY","0_17","RT","A","2012",0.104,
"AUT","POVERTY","0_17","RT","A","2013",0.104,
"AUT","POVERTY","0_17","RT","A","2014",0.106,
"AUT","POVERTY","0_17","RT","A","2015",0.096,
"AUT","POVERTY","0_17","RT","A","2016",0.115,
"AUT","POVERTY","TOT","RT","A","2007",0.097,
"AUT","POVERTY","TOT","RT","A","2008",0.092,
"AUT","POVERTY","TOT","RT","A","2009",0.096,
"AUT","POVERTY","TOT","RT","A","2010",0.089,
"AUT","POVERTY","TOT","RT","A","2011",0.091,
"AUT","POVERTY","TOT","RT","A","2012",0.096,
"AUT","POVERTY","TOT","RT","A","2013",0.09,
"AUT","POVERTY","TOT","RT","A","2014",0.09,
"AUT","POVERTY","TOT","RT","A","2015",0.087,
"AUT","POVERTY","TOT","RT","A","2016",0.098,
"AUT","POVERTY","18_65","RT","A","2007",0.088,
"AUT","POVERTY","18_65","RT","A","2008",0.082,
"AUT","POVERTY","18_65","RT","A","2009",0.087,
"AUT","POVERTY","18_65","RT","A","2010",0.079,
"AUT","POVERTY","18_65","RT","A","2011",0.087,
"AUT","POVERTY","18_65","RT","A","2012",0.09,
"AUT","POVERTY","18_65","RT","A","2013",0.084,
"AUT","POVERTY","18_65","RT","A","2014",0.086,
"AUT","POVERTY","18_65","RT","A","2015",0.087,
"AUT","POVERTY","18_65","RT","A","2016",0.096,
"BEL","POVERTY","0_17","RT","A","2004",0.098,
"BEL","POVERTY","0_17","RT","A","2005",0.094,
"BEL","POVERTY","0_17","RT","A","2006",0.11,
"BEL","POVERTY","0_17","RT","A","2007",0.102,
"BEL","POVERTY","0_17","RT","A","2008",0.112,
"BEL","POVERTY","0_17","RT","A","2009",0.129,
"BEL","POVERTY","0_17","RT","A","2010",0.133,
"BEL","POVERTY","0_17","RT","A","2011",0.11,
"BEL","POVERTY","0_17","RT","A","2012",0.114,
"BEL","POVERTY","0_17","RT","A","2013",0.125,
"BEL","POVERTY","0_17","RT","A","2014",0.109,
"BEL","POVERTY","0_17","RT","A","2015",0.11,
"BEL","POVERTY","0_17","RT","A","2016",0.123,
"BEL","POVERTY","TOT","RT","A","2004",0.086,
"BEL","POVERTY","TOT","RT","A","2005",0.092,
"BEL","POVERTY","TOT","RT","A","2006",0.101,
"BEL","POVERTY","TOT","RT","A","2007",0.092,
"BEL","POVERTY","TOT","RT","A","2008",0.094,
"BEL","POVERTY","TOT","RT","A","2009",0.098,
"BEL","POVERTY","TOT","RT","A","2010",0.099,
"BEL","POVERTY","TOT","RT","A","2011",0.097,
"BEL","POVERTY","TOT","RT","A","2012",0.1,
"BEL","POVERTY","TOT","RT","A","2013",0.098,
"BEL","POVERTY","TOT","RT","A","2014",0.091,
"BEL","POVERTY","TOT","RT","A","2015",0.098,
"BEL","POVERTY","TOT","RT","A","2016",0.097,
"BEL","POVERTY","18_65","RT","A","2004",0.069,
"BEL","POVERTY","18_65","RT","A","2005",0.076,
"BEL","POVERTY","18_65","RT","A","2006",0.083,
"BEL","POVERTY","18_65","RT","A","2007",0.077,
"BEL","POVERTY","18_65","RT","A","2008",0.081,
"BEL","POVERTY","18_65","RT","A","2009",0.082,
"BEL","POVERTY","18_65","RT","A","2010",0.085,
"BEL","POVERTY","18_65","RT","A","2011",0.089,
"BEL","POVERTY","18_65","RT","A","2012",0.096,
"BEL","POVERTY","18_65","RT","A","2013",0.092,
"BEL","POVERTY","18_65","RT","A","2014",0.088,
"BEL","POVERTY","18_65","RT","A","2015",0.095,
"BEL","POVERTY","18_65","RT","A","2016",0.093,
"CAN","POVERTY","0_17","RT","A","1976",0.143,
"CAN","POVERTY","0_17","RT","A","1977",0.146,
"CAN","POVERTY","0_17","RT","A","1978",0.139,
"CAN","POVERTY","0_17","RT","A","1979",0.143,
"CAN","POVERTY","0_17","RT","A","1980",0.144,
"CAN","POVERTY","0_17","RT","A","1981",0.147,
"CAN","POVERTY","0_17","RT","A","1982",0.154,
"CAN","POVERTY","0_17","RT","A","1983",0.163,
"CAN","POVERTY","0_17","RT","A","1984",0.167,
"CAN","POVERTY","0_17","RT","A","1985",0.16,
"CAN","POVERTY","0_17","RT","A","1986",0.152,
"CAN","POVERTY","0_17","RT","A","1987",0.154,
"CAN","POVERTY","0_17","RT","A","1988",0.143,
"CAN","POVERTY","0_17","RT","A","1989",0.139,
"CAN","POVERTY","0_17","RT","A","1990",0.159,
"CAN","POVERTY","0_17","RT","A","1991",0.157,
"CAN","POVERTY","0_17","RT","A","1992",0.155,
"CAN","POVERTY","0_17","RT","A","1993",0.16,
"CAN","POVERTY","0_17","RT","A","1994",0.15,
"CAN","POVERTY","0_17","RT","A","1995",0.157,
"CAN","POVERTY","0_17","RT","A","1996",0.169,
"CAN","POVERTY","0_17","RT","A","1997",0.161,
"CAN","POVERTY","0_17","RT","A","1998",0.161,
"CAN","POVERTY","0_17","RT","A","1999",0.147,
"CAN","POVERTY","0_17","RT","A","2000",0.15,
"CAN","POVERTY","0_17","RT","A","2001",0.147,
"CAN","POVERTY","0_17","RT","A","2002",0.154,
"CAN","POVERTY","0_17","RT","A","2003",0.156,
"CAN","POVERTY","0_17","RT","A","2004",0.166,
"CAN","POVERTY","0_17","RT","A","2005",0.15,
"CAN","POVERTY","0_17","RT","A","2006",0.162,
"CAN","POVERTY","0_17","RT","A","2007",0.168,
"CAN","POVERTY","0_17","RT","A","2008",0.156,
"CAN","POVERTY","0_17","RT","A","2009",0.163,
"CAN","POVERTY","0_17","RT","A","2010",0.157,
"CAN","POVERTY","0_17","RT","A","2011",0.157,
"CAN","POVERTY","0_17","RT","A","2012",0.168,
"CAN","POVERTY","0_17","RT","A","2013",0.171,
"CAN","POVERTY","0_17","RT","A","2014",0.15,
"CAN","POVERTY","0_17","RT","A","2015",0.171,
"CAN","POVERTY","0_17","RT","A","2016",0.142,
"CAN","POVERTY","TOT","RT","A","1976",0.131,
"CAN","POVERTY","TOT","RT","A","1977",0.139,
"CAN","POVERTY","TOT","RT","A","1978",0.132,
"CAN","POVERTY","TOT","RT","A","1979",0.133,
"CAN","POVERTY","TOT","RT","A","1980",0.131,
"CAN","POVERTY","TOT","RT","A","1981",0.123,
"CAN","POVERTY","TOT","RT","A","1982",0.125,
"CAN","POVERTY","TOT","RT","A","1983",0.132,
"CAN","POVERTY","TOT","RT","A","1984",0.133,
"CAN","POVERTY","TOT","RT","A","1985",0.124,
"CAN","POVERTY","TOT","RT","A","1986",0.119,
"CAN","POVERTY","TOT","RT","A","1987",0.12,
"CAN","POVERTY","TOT","RT","A","1988",0.114,
"CAN","POVERTY","TOT","RT","A","1989",0.109,
"CAN","POVERTY","TOT","RT","A","1990",0.119,
"CAN","POVERTY","TOT","RT","A","1991",0.118,
"CAN","POVERTY","TOT","RT","A","1992",0.121,
"CAN","POVERTY","TOT","RT","A","1993",0.119,
"CAN","POVERTY","TOT","RT","A","1994",0.117,
"CAN","POVERTY","TOT","RT","A","1995",0.118,
"CAN","POVERTY","TOT","RT","A","1996",0.124,
"CAN","POVERTY","TOT","RT","A","1997",0.125,
"CAN","POVERTY","TOT","RT","A","1998",0.124,
"CAN","POVERTY","TOT","RT","A","1999",0.117,
"CAN","POVERTY","TOT","RT","A","2000",0.12,
"CAN","POVERTY","TOT","RT","A","2001",0.117,
"CAN","POVERTY","TOT","RT","A","2002",0.123,
"CAN","POVERTY","TOT","RT","A","2003",0.124,
"CAN","POVERTY","TOT","RT","A","2004",0.129,
"CAN","POVERTY","TOT","RT","A","2005",0.123,
"CAN","POVERTY","TOT","RT","A","2006",0.129,
"CAN","POVERTY","TOT","RT","A","2007",0.129,
"CAN","POVERTY","TOT","RT","A","2008",0.127,
"CAN","POVERTY","TOT","RT","A","2009",0.134,
"CAN","POVERTY","TOT","RT","A","2010",0.131,
"CAN","POVERTY","TOT","RT","A","2011",0.131,
"CAN","POVERTY","TOT","RT","A","2012",0.133,
"CAN","POVERTY","TOT","RT","A","2013",0.133,
"CAN","POVERTY","TOT","RT","A","2014",0.126,
"CAN","POVERTY","TOT","RT","A","2015",0.142,
"CAN","POVERTY","TOT","RT","A","2016",0.124,
"CAN","POVERTY","18_65","RT","A","1976",0.103,
"CAN","POVERTY","18_65","RT","A","1977",0.111,
"CAN","POVERTY","18_65","RT","A","1978",0.105,
"CAN","POVERTY","18_65","RT","A","1979",0.109,
"CAN","POVERTY","18_65","RT","A","1980",0.109,
"CAN","POVERTY","18_65","RT","A","1981",0.101,
"CAN","POVERTY","18_65","RT","A","1982",0.109,
"CAN","POVERTY","18_65","RT","A","1983",0.117,
"CAN","POVERTY","18_65","RT","A","1984",0.12,
"CAN","POVERTY","18_65","RT","A","1985",0.111,
"CAN","POVERTY","18_65","RT","A","1986",0.109,
"CAN","POVERTY","18_65","RT","A","1987",0.11,
"CAN","POVERTY","18_65","RT","A","1988",0.102,
"CAN","POVERTY","18_65","RT","A","1989",0.098,
"CAN","POVERTY","18_65","RT","A","1990",0.11,
"CAN","POVERTY","18_65","RT","A","1991",0.115,
"CAN","POVERTY","18_65","RT","A","1992",0.121,
"CAN","POVERTY","18_65","RT","A","1993",0.114,
"CAN","POVERTY","18_65","RT","A","1994",0.118,
"CAN","POVERTY","18_65","RT","A","1995",0.118,
"CAN","POVERTY","18_65","RT","A","1996",0.121,
"CAN","POVERTY","18_65","RT","A","1997",0.126,
"CAN","POVERTY","18_65","RT","A","1998",0.124,
"CAN","POVERTY","18_65","RT","A","1999",0.119,
"CAN","POVERTY","18_65","RT","A","2000",0.122,
"CAN","POVERTY","18_65","RT","A","2001",0.118,
"CAN","POVERTY","18_65","RT","A","2002",0.124,
"CAN","POVERTY","18_65","RT","A","2003",0.125,
"CAN","POVERTY","18_65","RT","A","2004",0.129,
"CAN","POVERTY","18_65","RT","A","2005",0.124,
"CAN","POVERTY","18_65","RT","A","2006",0.128,
"CAN","POVERTY","18_65","RT","A","2007",0.126,
"CAN","POVERTY","18_65","RT","A","2008",0.124,
"CAN","POVERTY","18_65","RT","A","2009",0.133,
"CAN","POVERTY","18_65","RT","A","2010",0.13,
"CAN","POVERTY","18_65","RT","A","2011",0.129,
"CAN","POVERTY","18_65","RT","A","2012",0.132,
"CAN","POVERTY","18_65","RT","A","2013",0.131,
"CAN","POVERTY","18_65","RT","A","2014",0.127,
"CAN","POVERTY","18_65","RT","A","2015",0.141,
"CAN","POVERTY","18_65","RT","A","2016",0.124,
"CZE","POVERTY","0_17","RT","A","2004",0.102,
"CZE","POVERTY","0_17","RT","A","2005",0.096,
"CZE","POVERTY","0_17","RT","A","2006",0.097,
"CZE","POVERTY","0_17","RT","A","2007",0.088,
"CZE","POVERTY","0_17","RT","A","2008",0.093,
"CZE","POVERTY","0_17","RT","A","2009",0.107,
"CZE","POVERTY","0_17","RT","A","2010",0.106,
"CZE","POVERTY","0_17","RT","A","2011",0.096,
"CZE","POVERTY","0_17","RT","A","2012",0.082,
"CZE","POVERTY","0_17","RT","A","2013",0.101,
"CZE","POVERTY","0_17","RT","A","2014",0.103,
"CZE","POVERTY","0_17","RT","A","2015",0.105,
"CZE","POVERTY","0_17","RT","A","2016",0.085,
"CZE","POVERTY","TOT","RT","A","2004",0.058,
"CZE","POVERTY","TOT","RT","A","2005",0.055,
"CZE","POVERTY","TOT","RT","A","2006",0.056,
"CZE","POVERTY","TOT","RT","A","2007",0.055,
"CZE","POVERTY","TOT","RT","A","2008",0.059,
"CZE","POVERTY","TOT","RT","A","2009",0.06,
"CZE","POVERTY","TOT","RT","A","2010",0.065,
"CZE","POVERTY","TOT","RT","A","2011",0.059,
"CZE","POVERTY","TOT","RT","A","2012",0.051,
"CZE","POVERTY","TOT","RT","A","2013",0.059,
"CZE","POVERTY","TOT","RT","A","2014",0.059,
"CZE","POVERTY","TOT","RT","A","2015",0.064,
"CZE","POVERTY","TOT","RT","A","2016",0.056,
"CZE","POVERTY","18_65","RT","A","2004",0.052,
"CZE","POVERTY","18_65","RT","A","2005",0.049,
"CZE","POVERTY","18_65","RT","A","2006",0.05,
"CZE","POVERTY","18_65","RT","A","2007",0.049,
"CZE","POVERTY","18_65","RT","A","2008",0.052,
"CZE","POVERTY","18_65","RT","A","2009",0.054,
"CZE","POVERTY","18_65","RT","A","2010",0.06,
"CZE","POVERTY","18_65","RT","A","2011",0.057,
"CZE","POVERTY","18_65","RT","A","2012",0.05,
"CZE","POVERTY","18_65","RT","A","2013",0.055,
"CZE","POVERTY","18_65","RT","A","2014",0.053,
"CZE","POVERTY","18_65","RT","A","2015",0.058,
"CZE","POVERTY","18_65","RT","A","2016",0.05,
"DNK","POVERTY","0_17","RT","A","2011",0.035,
"DNK","POVERTY","0_17","RT","A","2012",0.027,
"DNK","POVERTY","0_17","RT","A","2013",0.027,
"DNK","POVERTY","0_17","RT","A","2014",0.029,
"DNK","POVERTY","0_17","RT","A","2015",0.029,
"DNK","POVERTY","TOT","RT","A","2011",0.058,
"DNK","POVERTY","TOT","RT","A","2012",0.054,
"DNK","POVERTY","TOT","RT","A","2013",0.054,
"DNK","POVERTY","TOT","RT","A","2014",0.055,
"DNK","POVERTY","TOT","RT","A","2015",0.055,
"DNK","POVERTY","18_65","RT","A","2011",0.066,
"DNK","POVERTY","18_65","RT","A","2012",0.065,
"DNK","POVERTY","18_65","RT","A","2013",0.067,
"DNK","POVERTY","18_65","RT","A","2014",0.07,
"DNK","POVERTY","18_65","RT","A","2015",0.07,
"FIN","POVERTY","0_17","RT","A","1987",0.03,
"FIN","POVERTY","0_17","RT","A","1988",0.029,
"FIN","POVERTY","0_17","RT","A","1989",0.031,
"FIN","POVERTY","0_17","RT","A","1990",0.019,
"FIN","POVERTY","0_17","RT","A","1991",0.023,
"FIN","POVERTY","0_17","RT","A","1992",0.026,
"FIN","POVERTY","0_17","RT","A","1993",0.026,
"FIN","POVERTY","0_17","RT","A","1994",0.023,
"FIN","POVERTY","0_17","RT","A","1995",0.02,
"FIN","POVERTY","0_17","RT","A","1996",0.021,
"FIN","POVERTY","0_17","RT","A","1997",0.027,
"FIN","POVERTY","0_17","RT","A","1998",0.027,
"FIN","POVERTY","0_17","RT","A","1999",0.031,
"FIN","POVERTY","0_17","RT","A","2000",0.03,
"FIN","POVERTY","0_17","RT","A","2001",0.04,
"FIN","POVERTY","0_17","RT","A","2002",0.042,
"FIN","POVERTY","0_17","RT","A","2003",0.04,
"FIN","POVERTY","0_17","RT","A","2004",0.038,
"FIN","POVERTY","0_17","RT","A","2005",0.034,
"FIN","POVERTY","0_17","RT","A","2006",0.039,
"FIN","POVERTY","0_17","RT","A","2007",0.052,
"FIN","POVERTY","0_17","RT","A","2008",0.052,
"FIN","POVERTY","0_17","RT","A","2009",0.044,
"FIN","POVERTY","0_17","RT","A","2010",0.039,
"FIN","POVERTY","0_17","RT","A","2011",0.04,
"FIN","POVERTY","0_17","RT","A","2012",0.029,
"FIN","POVERTY","0_17","RT","A","2013",0.046,
"FIN","POVERTY","0_17","RT","A","2014",0.036,
"FIN","POVERTY","0_17","RT","A","2015",0.037,
"FIN","POVERTY","0_17","RT","A","2016",0.033,
"FIN","POVERTY","0_17","RT","A","2017",0.036,
"FIN","POVERTY","TOT","RT","A","1987",0.052,
"FIN","POVERTY","TOT","RT","A","1988",0.056,
"FIN","POVERTY","TOT","RT","A","1989",0.057,
"FIN","POVERTY","TOT","RT","A","1990",0.056,
"FIN","POVERTY","TOT","RT","A","1991",0.054,
"FIN","POVERTY","TOT","RT","A","1992",0.05,
"FIN","POVERTY","TOT","RT","A","1993",0.042,
"FIN","POVERTY","TOT","RT","A","1994",0.042,
"FIN","POVERTY","TOT","RT","A","1995",0.042,
"FIN","POVERTY","TOT","RT","A","1996",0.046,
"FIN","POVERTY","TOT","RT","A","1997",0.048,
"FIN","POVERTY","TOT","RT","A","1998",0.05,
"FIN","POVERTY","TOT","RT","A","1999",0.052,
"FIN","POVERTY","TOT","RT","A","2000",0.053,
"FIN","POVERTY","TOT","RT","A","2001",0.063,
"FIN","POVERTY","TOT","RT","A","2002",0.062,
"FIN","POVERTY","TOT","RT","A","2003",0.056,
"FIN","POVERTY","TOT","RT","A","2004",0.065,
"FIN","POVERTY","TOT","RT","A","2005",0.066,
"FIN","POVERTY","TOT","RT","A","2006",0.069,
"FIN","POVERTY","TOT","RT","A","2007",0.078,
"FIN","POVERTY","TOT","RT","A","2008",0.079,
"FIN","POVERTY","TOT","RT","A","2009",0.074,
"FIN","POVERTY","TOT","RT","A","2010",0.072,
"FIN","POVERTY","TOT","RT","A","2011",0.075,
"FIN","POVERTY","TOT","RT","A","2012",0.065,
"FIN","POVERTY","TOT","RT","A","2013",0.071,
"FIN","POVERTY","TOT","RT","A","2014",0.068,
"FIN","POVERTY","TOT","RT","A","2015",0.063,
"FIN","POVERTY","TOT","RT","A","2016",0.058,
"FIN","POVERTY","TOT","RT","A","2017",0.063,
"FIN","POVERTY","18_65","RT","A","1987",0.05,
"FIN","POVERTY","18_65","RT","A","1988",0.053,
"FIN","POVERTY","18_65","RT","A","1989",0.049,
"FIN","POVERTY","18_65","RT","A","1990",0.047,
"FIN","POVERTY","18_65","RT","A","1991",0.052,
"FIN","POVERTY","18_65","RT","A","1992",0.05,
"FIN","POVERTY","18_65","RT","A","1993",0.046,
"FIN","POVERTY","18_65","RT","A","1994",0.048,
"FIN","POVERTY","18_65","RT","A","1995",0.047,
"FIN","POVERTY","18_65","RT","A","1996",0.051,
"FIN","POVERTY","18_65","RT","A","1997",0.051,
"FIN","POVERTY","18_65","RT","A","1998",0.053,
"FIN","POVERTY","18_65","RT","A","1999",0.054,
"FIN","POVERTY","18_65","RT","A","2000",0.055,
"FIN","POVERTY","18_65","RT","A","2001",0.066,
"FIN","POVERTY","18_65","RT","A","2002",0.065,
"FIN","POVERTY","18_65","RT","A","2003",0.055,
"FIN","POVERTY","18_65","RT","A","2004",0.065,
"FIN","POVERTY","18_65","RT","A","2005",0.066,
"FIN","POVERTY","18_65","RT","A","2006",0.071,
"FIN","POVERTY","18_65","RT","A","2007",0.073,
"FIN","POVERTY","18_65","RT","A","2008",0.076,
"FIN","POVERTY","18_65","RT","A","2009",0.076,
"FIN","POVERTY","18_65","RT","A","2010",0.077,
"FIN","POVERTY","18_65","RT","A","2011",0.078,
"FIN","POVERTY","18_65","RT","A","2012",0.07,
"FIN","POVERTY","18_65","RT","A","2013",0.078,
"FIN","POVERTY","18_65","RT","A","2014",0.079,
"FIN","POVERTY","18_65","RT","A","2015",0.075,
"FIN","POVERTY","18_65","RT","A","2016",0.068,
"FIN","POVERTY","18_65","RT","A","2017",0.072,
"FRA","POVERTY","0_17","RT","A","2012",0.12,
"FRA","POVERTY","0_17","RT","A","2013",0.114,
"FRA","POVERTY","0_17","RT","A","2014",0.115,
"FRA","POVERTY","0_17","RT","A","2015",0.113,
"FRA","POVERTY","0_17","RT","A","2016",0.115,
"FRA","POVERTY","TOT","RT","A","2012",0.085,
"FRA","POVERTY","TOT","RT","A","2013",0.079,
"FRA","POVERTY","TOT","RT","A","2014",0.081,
"FRA","POVERTY","TOT","RT","A","2015",0.081,
"FRA","POVERTY","TOT","RT","A","2016",0.083,
"FRA","POVERTY","18_65","RT","A","2012",0.086,
"FRA","POVERTY","18_65","RT","A","2013",0.078,
"FRA","POVERTY","18_65","RT","A","2014",0.082,
"FRA","POVERTY","18_65","RT","A","2015",0.083,
"FRA","POVERTY","18_65","RT","A","2016",0.085,
"DEU","POVERTY","0_17","RT","A","2008",0.084,
"DEU","POVERTY","0_17","RT","A","2011",0.08,
"DEU","POVERTY","0_17","RT","A","2012",0.074,
"DEU","POVERTY","0_17","RT","A","2013",0.098,
"DEU","POVERTY","0_17","RT","A","2014",0.095,
"DEU","POVERTY","0_17","RT","A","2015",0.112,
"DEU","POVERTY","0_17","RT","A","2016",0.123,
"DEU","POVERTY","TOT","RT","A","2008",0.09,
"DEU","POVERTY","TOT","RT","A","2011",0.087,
"DEU","POVERTY","TOT","RT","A","2012",0.084,
"DEU","POVERTY","TOT","RT","A","2013",0.091,
"DEU","POVERTY","TOT","RT","A","2014",0.095,
"DEU","POVERTY","TOT","RT","A","2015",0.101,
"DEU","POVERTY","TOT","RT","A","2016",0.104,
"DEU","POVERTY","18_65","RT","A","2008",0.085,
"DEU","POVERTY","18_65","RT","A","2011",0.087,
"DEU","POVERTY","18_65","RT","A","2012",0.083,
"DEU","POVERTY","18_65","RT","A","2013",0.091,
"DEU","POVERTY","18_65","RT","A","2014",0.095,
"DEU","POVERTY","18_65","RT","A","2015",0.1,
"DEU","POVERTY","18_65","RT","A","2016",0.102,
"GRC","POVERTY","0_17","RT","A","2004",0.125,
"GRC","POVERTY","0_17","RT","A","2005",0.143,
"GRC","POVERTY","0_17","RT","A","2006",0.152,
"GRC","POVERTY","0_17","RT","A","2007",0.156,
"GRC","POVERTY","0_17","RT","A","2008",0.161,
"GRC","POVERTY","0_17","RT","A","2009",0.156,
"GRC","POVERTY","0_17","RT","A","2010",0.156,
"GRC","POVERTY","0_17","RT","A","2011",0.201,
"GRC","POVERTY","0_17","RT","A","2012",0.208,
"GRC","POVERTY","0_17","RT","A","2013",0.188,
"GRC","POVERTY","0_17","RT","A","2014",0.191,
"GRC","POVERTY","0_17","RT","A","2015",0.189,
"GRC","POVERTY","0_17","RT","A","2016",0.176,
"GRC","POVERTY","TOT","RT","A","2004",0.12,
"GRC","POVERTY","TOT","RT","A","2005",0.129,
"GRC","POVERTY","TOT","RT","A","2006",0.127,
"GRC","POVERTY","TOT","RT","A","2007",0.132,
"GRC","POVERTY","TOT","RT","A","2008",0.129,
"GRC","POVERTY","TOT","RT","A","2009",0.129,
"GRC","POVERTY","TOT","RT","A","2010",0.141,
"GRC","POVERTY","TOT","RT","A","2011",0.151,
"GRC","POVERTY","TOT","RT","A","2012",0.149,
"GRC","POVERTY","TOT","RT","A","2013",0.151,
"GRC","POVERTY","TOT","RT","A","2014",0.148,
"GRC","POVERTY","TOT","RT","A","2015",0.149,
"GRC","POVERTY","TOT","RT","A","2016",0.144,
"GRC","POVERTY","18_65","RT","A","2004",0.1,
"GRC","POVERTY","18_65","RT","A","2005",0.11,
"GRC","POVERTY","18_65","RT","A","2006",0.113,
"GRC","POVERTY","18_65","RT","A","2007",0.12,
"GRC","POVERTY","18_65","RT","A","2008",0.118,
"GRC","POVERTY","18_65","RT","A","2009",0.12,
"GRC","POVERTY","18_65","RT","A","2010",0.127,
"GRC","POVERTY","18_65","RT","A","2011",0.157,
"GRC","POVERTY","18_65","RT","A","2012",0.155,
"GRC","POVERTY","18_65","RT","A","2013",0.161,
"GRC","POVERTY","18_65","RT","A","2014",0.154,
"GRC","POVERTY","18_65","RT","A","2015",0.16,
"GRC","POVERTY","18_65","RT","A","2016",0.154,
"HUN","POVERTY","0_17","RT","A","2007",0.075,
"HUN","POVERTY","0_17","RT","A","2009",0.098,
"HUN","POVERTY","0_17","RT","A","2012",0.165,
"HUN","POVERTY","0_17","RT","A","2014",0.118,
"HUN","POVERTY","TOT","RT","A","2007",0.066,
"HUN","POVERTY","TOT","RT","A","2009",0.068,
"HUN","POVERTY","TOT","RT","A","2012",0.103,
"HUN","POVERTY","TOT","RT","A","2014",0.101,
"HUN","POVERTY","18_65","RT","A","2007",0.067,
"HUN","POVERTY","18_65","RT","A","2009",0.072,
"HUN","POVERTY","18_65","RT","A","2012",0.097,
"HUN","POVERTY","18_65","RT","A","2014",0.1,
"ISL","POVERTY","0_17","RT","A","2004",0.06,
"ISL","POVERTY","0_17","RT","A","2005",0.078,
"ISL","POVERTY","0_17","RT","A","2006",0.064,
"ISL","POVERTY","0_17","RT","A","2007",0.068,
"ISL","POVERTY","0_17","RT","A","2008",0.059,
"ISL","POVERTY","0_17","RT","A","2009",0.074,
"ISL","POVERTY","0_17","RT","A","2010",0.078,
"ISL","POVERTY","0_17","RT","A","2011",0.075,
"ISL","POVERTY","0_17","RT","A","2012",0.081,
"ISL","POVERTY","0_17","RT","A","2013",0.054,
"ISL","POVERTY","0_17","RT","A","2014",0.072,
"ISL","POVERTY","0_17","RT","A","2015",0.058,
"ISL","POVERTY","TOT","RT","A","2004",0.059,
"ISL","POVERTY","TOT","RT","A","2005",0.063,
"ISL","POVERTY","TOT","RT","A","2006",0.058,
"ISL","POVERTY","TOT","RT","A","2007",0.066,
"ISL","POVERTY","TOT","RT","A","2008",0.065,
"ISL","POVERTY","TOT","RT","A","2009",0.062,
"ISL","POVERTY","TOT","RT","A","2010",0.067,
"ISL","POVERTY","TOT","RT","A","2011",0.058,
"ISL","POVERTY","TOT","RT","A","2012",0.061,
"ISL","POVERTY","TOT","RT","A","2013",0.045,
"ISL","POVERTY","TOT","RT","A","2014",0.065,
"ISL","POVERTY","TOT","RT","A","2015",0.054,
"ISL","POVERTY","18_65","RT","A","2004",0.061,
"ISL","POVERTY","18_65","RT","A","2005",0.06,
"ISL","POVERTY","18_65","RT","A","2006",0.052,
"ISL","POVERTY","18_65","RT","A","2007",0.058,
"ISL","POVERTY","18_65","RT","A","2008",0.068,
"ISL","POVERTY","18_65","RT","A","2009",0.062,
"ISL","POVERTY","18_65","RT","A","2010",0.068,
"ISL","POVERTY","18_65","RT","A","2011",0.055,
"ISL","POVERTY","18_65","RT","A","2012",0.059,
"ISL","POVERTY","18_65","RT","A","2013",0.044,
"ISL","POVERTY","18_65","RT","A","2014",0.065,
"ISL","POVERTY","18_65","RT","A","2015",0.058,
"IRL","POVERTY","0_17","RT","A","2004",0.157,
"IRL","POVERTY","0_17","RT","A","2005",0.136,
"IRL","POVERTY","0_17","RT","A","2006",0.126,
"IRL","POVERTY","0_17","RT","A","2007",0.107,
"IRL","POVERTY","0_17","RT","A","2008",0.117,
"IRL","POVERTY","0_17","RT","A","2009",0.107,
"IRL","POVERTY","0_17","RT","A","2010",0.1,
"IRL","POVERTY","0_17","RT","A","2011",0.108,
"IRL","POVERTY","0_17","RT","A","2012",0.099,
"IRL","POVERTY","0_17","RT","A","2013",0.093,
"IRL","POVERTY","0_17","RT","A","2014",0.092,
"IRL","POVERTY","0_17","RT","A","2015",0.108,
"IRL","POVERTY","TOT","RT","A","2004",0.134,
"IRL","POVERTY","TOT","RT","A","2005",0.114,
"IRL","POVERTY","TOT","RT","A","2006",0.114,
"IRL","POVERTY","TOT","RT","A","2007",0.096,
"IRL","POVERTY","TOT","RT","A","2008",0.09,
"IRL","POVERTY","TOT","RT","A","2009",0.089,
"IRL","POVERTY","TOT","RT","A","2010",0.091,
"IRL","POVERTY","TOT","RT","A","2011",0.1,
"IRL","POVERTY","TOT","RT","A","2012",0.094,
"IRL","POVERTY","TOT","RT","A","2013",0.088,
"IRL","POVERTY","TOT","RT","A","2014",0.092,
"IRL","POVERTY","TOT","RT","A","2015",0.098,
"IRL","POVERTY","18_65","RT","A","2004",0.107,
"IRL","POVERTY","18_65","RT","A","2005",0.093,
"IRL","POVERTY","18_65","RT","A","2006",0.094,
"IRL","POVERTY","18_65","RT","A","2007",0.088,
"IRL","POVERTY","18_65","RT","A","2008",0.079,
"IRL","POVERTY","18_65","RT","A","2009",0.085,
"IRL","POVERTY","18_65","RT","A","2010",0.09,
"IRL","POVERTY","18_65","RT","A","2011",0.098,
"IRL","POVERTY","18_65","RT","A","2012",0.096,
"IRL","POVERTY","18_65","RT","A","2013",0.09,
"IRL","POVERTY","18_65","RT","A","2014",0.097,
"IRL","POVERTY","18_65","RT","A","2015",0.099,
"ITA","POVERTY","0_17","RT","A","2004",0.156,
"ITA","POVERTY","0_17","RT","A","2005",0.16,
"ITA","POVERTY","0_17","RT","A","2006",0.154,
"ITA","POVERTY","0_17","RT","A","2007",0.155,
"ITA","POVERTY","0_17","RT","A","2008",0.161,
"ITA","POVERTY","0_17","RT","A","2009",0.171,
"ITA","POVERTY","0_17","RT","A","2010",0.18,
"ITA","POVERTY","0_17","RT","A","2011",0.178,
"ITA","POVERTY","0_17","RT","A","2012",0.178,
"ITA","POVERTY","0_17","RT","A","2013",0.177,
"ITA","POVERTY","0_17","RT","A","2014",0.193,
"ITA","POVERTY","0_17","RT","A","2015",0.183,
"ITA","POVERTY","0_17","RT","A","2016",0.173,
"ITA","POVERTY","TOT","RT","A","2004",0.122,
"ITA","POVERTY","TOT","RT","A","2005",0.126,
"ITA","POVERTY","TOT","RT","A","2006",0.123,
"ITA","POVERTY","TOT","RT","A","2007",0.119,
"ITA","POVERTY","TOT","RT","A","2008",0.119,
"ITA","POVERTY","TOT","RT","A","2009",0.12,
"ITA","POVERTY","TOT","RT","A","2010",0.134,
"ITA","POVERTY","TOT","RT","A","2011",0.128,
"ITA","POVERTY","TOT","RT","A","2012",0.13,
"ITA","POVERTY","TOT","RT","A","2013",0.133,
"ITA","POVERTY","TOT","RT","A","2014",0.137,
"ITA","POVERTY","TOT","RT","A","2015",0.144,
"ITA","POVERTY","TOT","RT","A","2016",0.137,
"ITA","POVERTY","18_65","RT","A","2004",0.105,
"ITA","POVERTY","18_65","RT","A","2005",0.111,
"ITA","POVERTY","18_65","RT","A","2006",0.107,
"ITA","POVERTY","18_65","RT","A","2007",0.102,
"ITA","POVERTY","18_65","RT","A","2008",0.103,
"ITA","POVERTY","18_65","RT","A","2009",0.109,
"ITA","POVERTY","18_65","RT","A","2010",0.127,
"ITA","POVERTY","18_65","RT","A","2011",0.122,
"ITA","POVERTY","18_65","RT","A","2012",0.129,
"ITA","POVERTY","18_65","RT","A","2013",0.134,
"ITA","POVERTY","18_65","RT","A","2014",0.136,
"ITA","POVERTY","18_65","RT","A","2015",0.147,
"ITA","POVERTY","18_65","RT","A","2016",0.139,
"KOR","POVERTY","TOT","RT","A","2015",0.175,
"KOR","POVERTY","TOT","RT","A","2016",0.176,
"KOR","POVERTY","TOT","RT","A","2017",0.174,
"KOR","POVERTY","18_65","RT","A","2015",0.129,
"KOR","POVERTY","18_65","RT","A","2016",0.129,
"KOR","POVERTY","18_65","RT","A","2017",0.127,
"LUX","POVERTY","0_17","RT","A","2015",0.137,
"LUX","POVERTY","0_17","RT","A","2016",0.13,
"LUX","POVERTY","TOT","RT","A","2015",0.109,
"LUX","POVERTY","TOT","RT","A","2016",0.111,
"LUX","POVERTY","18_65","RT","A","2015",0.109,
"LUX","POVERTY","18_65","RT","A","2016",0.112,
"MEX","POVERTY","0_17","RT","A","2012",0.227,
"MEX","POVERTY","0_17","RT","A","2014",0.197,
"MEX","POVERTY","0_17","RT","A","2016",0.198,
"MEX","POVERTY","TOT","RT","A","2012",0.189,
"MEX","POVERTY","TOT","RT","A","2014",0.167,
"MEX","POVERTY","TOT","RT","A","2016",0.166,
"MEX","POVERTY","18_65","RT","A","2012",0.159,
"MEX","POVERTY","18_65","RT","A","2014",0.139,
"MEX","POVERTY","18_65","RT","A","2016",0.138,
"NLD","POVERTY","0_17","RT","A","2011",0.087,
"NLD","POVERTY","0_17","RT","A","2012",0.092,
"NLD","POVERTY","0_17","RT","A","2013",0.105,
"NLD","POVERTY","0_17","RT","A","2014",0.107,
"NLD","POVERTY","0_17","RT","A","2015",0.104,
"NLD","POVERTY","0_17","RT","A","2016",0.109,"P"
"NLD","POVERTY","TOT","RT","A","2011",0.066,
"NLD","POVERTY","TOT","RT","A","2012",0.069,
"NLD","POVERTY","TOT","RT","A","2013",0.079,
"NLD","POVERTY","TOT","RT","A","2014",0.078,
"NLD","POVERTY","TOT","RT","A","2015",0.078,
"NLD","POVERTY","TOT","RT","A","2016",0.083,"P"
"NLD","POVERTY","18_65","RT","A","2011",0.069,
"NLD","POVERTY","18_65","RT","A","2012",0.072,
"NLD","POVERTY","18_65","RT","A","2013",0.083,
"NLD","POVERTY","18_65","RT","A","2014",0.083,
"NLD","POVERTY","18_65","RT","A","2015",0.083,
"NLD","POVERTY","18_65","RT","A","2016",0.088,"P"
"NZL","POVERTY","0_17","RT","A","2011",0.14,
"NZL","POVERTY","0_17","RT","A","2012",0.128,
"NZL","POVERTY","0_17","RT","A","2014",0.141,
"NZL","POVERTY","TOT","RT","A","2011",0.098,
"NZL","POVERTY","TOT","RT","A","2012",0.099,
"NZL","POVERTY","TOT","RT","A","2014",0.109,
"NZL","POVERTY","18_65","RT","A","2011",0.083,
"NZL","POVERTY","18_65","RT","A","2012",0.091,
"NZL","POVERTY","18_65","RT","A","2014",0.097,
"NOR","POVERTY","0_17","RT","A","2004",0.04,
"NOR","POVERTY","0_17","RT","A","2008",0.055,
"NOR","POVERTY","0_17","RT","A","2009",0.049,
"NOR","POVERTY","0_17","RT","A","2010",0.051,
"NOR","POVERTY","0_17","RT","A","2011",0.053,
"NOR","POVERTY","0_17","RT","A","2012",0.059,
"NOR","POVERTY","0_17","RT","A","2013",0.068,
"NOR","POVERTY","0_17","RT","A","2014",0.072,
"NOR","POVERTY","0_17","RT","A","2015",0.073,
"NOR","POVERTY","0_17","RT","A","2016",0.077,
"NOR","POVERTY","0_17","RT","A","2017",0.08,
"NOR","POVERTY","TOT","RT","A","2004",0.069,
"NOR","POVERTY","TOT","RT","A","2008",0.078,
"NOR","POVERTY","TOT","RT","A","2009",0.075,
"NOR","POVERTY","TOT","RT","A","2010",0.075,
"NOR","POVERTY","TOT","RT","A","2011",0.077,
"NOR","POVERTY","TOT","RT","A","2012",0.081,
"NOR","POVERTY","TOT","RT","A","2013",0.078,
"NOR","POVERTY","TOT","RT","A","2014",0.081,
"NOR","POVERTY","TOT","RT","A","2015",0.081,
"NOR","POVERTY","TOT","RT","A","2016",0.082,
"NOR","POVERTY","TOT","RT","A","2017",0.084,
"NOR","POVERTY","18_65","RT","A","2004",0.075,
"NOR","POVERTY","18_65","RT","A","2008",0.086,
"NOR","POVERTY","18_65","RT","A","2009",0.086,
"NOR","POVERTY","18_65","RT","A","2010",0.088,
"NOR","POVERTY","18_65","RT","A","2011",0.093,
"NOR","POVERTY","18_65","RT","A","2012",0.097,
"NOR","POVERTY","18_65","RT","A","2013",0.09,
"NOR","POVERTY","18_65","RT","A","2014",0.093,
"NOR","POVERTY","18_65","RT","A","2015",0.093,
"NOR","POVERTY","18_65","RT","A","2016",0.093,
"NOR","POVERTY","18_65","RT","A","2017",0.095,
"POL","POVERTY","0_17","RT","A","2004",0.23,
"POL","POVERTY","0_17","RT","A","2005",0.178,
"POL","POVERTY","0_17","RT","A","2006",0.153,
"POL","POVERTY","0_17","RT","A","2007",0.124,
"POL","POVERTY","0_17","RT","A","2008",0.137,
"POL","POVERTY","0_17","RT","A","2009",0.138,
"POL","POVERTY","0_17","RT","A","2010",0.133,
"POL","POVERTY","0_17","RT","A","2011",0.123,
"POL","POVERTY","0_17","RT","A","2012",0.126,
"POL","POVERTY","0_17","RT","A","2013",0.134,
"POL","POVERTY","0_17","RT","A","2014",0.128,
"POL","POVERTY","0_17","RT","A","2015",0.134,
"POL","POVERTY","0_17","RT","A","2016",0.093,
"POL","POVERTY","TOT","RT","A","2004",0.17,
"POL","POVERTY","TOT","RT","A","2005",0.124,
"POL","POVERTY","TOT","RT","A","2006",0.109,
"POL","POVERTY","TOT","RT","A","2007",0.096,
"POL","POVERTY","TOT","RT","A","2008",0.107,
"POL","POVERTY","TOT","RT","A","2009",0.109,
"POL","POVERTY","TOT","RT","A","2010",0.107,
"POL","POVERTY","TOT","RT","A","2011",0.106,
"POL","POVERTY","TOT","RT","A","2012",0.102,
"POL","POVERTY","TOT","RT","A","2013",0.105,
"POL","POVERTY","TOT","RT","A","2014",0.104,
"POL","POVERTY","TOT","RT","A","2015",0.111,
"POL","POVERTY","TOT","RT","A","2016",0.103,
"POL","POVERTY","18_65","RT","A","2004",0.15,
"POL","POVERTY","18_65","RT","A","2005",0.122,
"POL","POVERTY","18_65","RT","A","2006",0.108,
"POL","POVERTY","18_65","RT","A","2007",0.091,
"POL","POVERTY","18_65","RT","A","2008",0.1,
"POL","POVERTY","18_65","RT","A","2009",0.102,
"POL","POVERTY","18_65","RT","A","2010",0.102,
"POL","POVERTY","18_65","RT","A","2011",0.102,
"POL","POVERTY","18_65","RT","A","2012",0.1,
"POL","POVERTY","18_65","RT","A","2013",0.104,
"POL","POVERTY","18_65","RT","A","2014",0.103,
"POL","POVERTY","18_65","RT","A","2015",0.11,
"POL","POVERTY","18_65","RT","A","2016",0.107,
"PRT","POVERTY","0_17","RT","A","2004",0.168,
"PRT","POVERTY","0_17","RT","A","2005",0.145,
"PRT","POVERTY","0_17","RT","A","2006",0.148,
"PRT","POVERTY","0_17","RT","A","2007",0.172,
"PRT","POVERTY","0_17","RT","A","2008",0.153,
"PRT","POVERTY","0_17","RT","A","2009",0.145,
"PRT","POVERTY","0_17","RT","A","2010",0.155,
"PRT","POVERTY","0_17","RT","A","2011",0.157,
"PRT","POVERTY","0_17","RT","A","2012",0.179,
"PRT","POVERTY","0_17","RT","A","2013",0.183,
"PRT","POVERTY","0_17","RT","A","2014",0.183,
"PRT","POVERTY","0_17","RT","A","2015",0.155,
"PRT","POVERTY","0_17","RT","A","2016",0.155,
"PRT","POVERTY","TOT","RT","A","2004",0.131,
"PRT","POVERTY","TOT","RT","A","2005",0.126,
"PRT","POVERTY","TOT","RT","A","2006",0.124,
"PRT","POVERTY","TOT","RT","A","2007",0.128,
"PRT","POVERTY","TOT","RT","A","2008",0.112,
"PRT","POVERTY","TOT","RT","A","2009",0.116,
"PRT","POVERTY","TOT","RT","A","2010",0.11,
"PRT","POVERTY","TOT","RT","A","2011",0.114,
"PRT","POVERTY","TOT","RT","A","2012",0.129,
"PRT","POVERTY","TOT","RT","A","2013",0.135,
"PRT","POVERTY","TOT","RT","A","2014",0.135,
"PRT","POVERTY","TOT","RT","A","2015",0.126,
"PRT","POVERTY","TOT","RT","A","2016",0.125,
"PRT","POVERTY","18_65","RT","A","2004",0.109,
"PRT","POVERTY","18_65","RT","A","2005",0.105,
"PRT","POVERTY","18_65","RT","A","2006",0.105,
"PRT","POVERTY","18_65","RT","A","2007",0.109,
"PRT","POVERTY","18_65","RT","A","2008",0.098,
"PRT","POVERTY","18_65","RT","A","2009",0.103,
"PRT","POVERTY","18_65","RT","A","2010",0.1,
"PRT","POVERTY","18_65","RT","A","2011",0.111,
"PRT","POVERTY","18_65","RT","A","2012",0.129,
"PRT","POVERTY","18_65","RT","A","2013",0.133,
"PRT","POVERTY","18_65","RT","A","2014",0.134,
"PRT","POVERTY","18_65","RT","A","2015",0.123,
"PRT","POVERTY","18_65","RT","A","2016",0.126,
"SVK","POVERTY","0_17","RT","A","2004",0.111,
"SVK","POVERTY","0_17","RT","A","2005",0.097,
"SVK","POVERTY","0_17","RT","A","2006",0.095,
"SVK","POVERTY","0_17","RT","A","2007",0.094,
"SVK","POVERTY","0_17","RT","A","2008",0.1,
"SVK","POVERTY","0_17","RT","A","2009",0.125,
"SVK","POVERTY","0_17","RT","A","2010",0.122,
"SVK","POVERTY","0_17","RT","A","2011",0.127,
"SVK","POVERTY","0_17","RT","A","2012",0.148,
"SVK","POVERTY","0_17","RT","A","2013",0.135,
"SVK","POVERTY","0_17","RT","A","2014",0.145,
"SVK","POVERTY","0_17","RT","A","2015",0.148,
"SVK","POVERTY","0_17","RT","A","2016",0.14,
"SVK","POVERTY","TOT","RT","A","2004",0.082,
"SVK","POVERTY","TOT","RT","A","2005",0.073,
"SVK","POVERTY","TOT","RT","A","2006",0.065,
"SVK","POVERTY","TOT","RT","A","2007",0.068,
"SVK","POVERTY","TOT","RT","A","2008",0.072,
"SVK","POVERTY","TOT","RT","A","2009",0.079,
"SVK","POVERTY","TOT","RT","A","2010",0.08,
"SVK","POVERTY","TOT","RT","A","2011",0.082,
"SVK","POVERTY","TOT","RT","A","2012",0.083,
"SVK","POVERTY","TOT","RT","A","2013",0.083,
"SVK","POVERTY","TOT","RT","A","2014",0.087,
"SVK","POVERTY","TOT","RT","A","2015",0.084,
"SVK","POVERTY","TOT","RT","A","2016",0.085,
"SVK","POVERTY","18_65","RT","A","2004",0.076,
"SVK","POVERTY","18_65","RT","A","2005",0.064,
"SVK","POVERTY","18_65","RT","A","2006",0.053,
"SVK","POVERTY","18_65","RT","A","2007",0.054,
"SVK","POVERTY","18_65","RT","A","2008",0.061,
"SVK","POVERTY","18_65","RT","A","2009",0.072,
"SVK","POVERTY","18_65","RT","A","2010",0.076,
"SVK","POVERTY","18_65","RT","A","2011",0.075,
"SVK","POVERTY","18_65","RT","A","2012",0.075,
"SVK","POVERTY","18_65","RT","A","2013",0.079,
"SVK","POVERTY","18_65","RT","A","2014",0.081,
"SVK","POVERTY","18_65","RT","A","2015",0.076,
"SVK","POVERTY","18_65","RT","A","2016",0.078,
"ESP","POVERTY","0_17","RT","A","2007",0.204,
"ESP","POVERTY","0_17","RT","A","2008",0.208,
"ESP","POVERTY","0_17","RT","A","2009",0.217,
"ESP","POVERTY","0_17","RT","A","2010",0.203,
"ESP","POVERTY","0_17","RT","A","2011",0.212,
"ESP","POVERTY","0_17","RT","A","2012",0.209,
"ESP","POVERTY","0_17","RT","A","2013",0.235,
"ESP","POVERTY","0_17","RT","A","2014",0.227,
"ESP","POVERTY","0_17","RT","A","2015",0.221,
"ESP","POVERTY","0_17","RT","A","2016",0.22,
"ESP","POVERTY","TOT","RT","A","2007",0.142,
"ESP","POVERTY","TOT","RT","A","2008",0.144,
"ESP","POVERTY","TOT","RT","A","2009",0.149,
"ESP","POVERTY","TOT","RT","A","2010",0.139,
"ESP","POVERTY","TOT","RT","A","2011",0.147,
"ESP","POVERTY","TOT","RT","A","2012",0.14,
"ESP","POVERTY","TOT","RT","A","2013",0.159,
"ESP","POVERTY","TOT","RT","A","2014",0.153,
"ESP","POVERTY","TOT","RT","A","2015",0.153,
"ESP","POVERTY","TOT","RT","A","2016",0.155,
"ESP","POVERTY","18_65","RT","A","2007",0.113,
"ESP","POVERTY","18_65","RT","A","2008",0.117,
"ESP","POVERTY","18_65","RT","A","2009",0.126,
"ESP","POVERTY","18_65","RT","A","2010",0.127,
"ESP","POVERTY","18_65","RT","A","2011",0.142,
"ESP","POVERTY","18_65","RT","A","2012",0.139,
"ESP","POVERTY","18_65","RT","A","2013",0.165,
"ESP","POVERTY","18_65","RT","A","2014",0.158,
"ESP","POVERTY","18_65","RT","A","2015",0.159,
"ESP","POVERTY","18_65","RT","A","2016",0.154,
"SWE","POVERTY","0_17","RT","A","2013",0.09,
"SWE","POVERTY","0_17","RT","A","2014",0.092,
"SWE","POVERTY","0_17","RT","A","2015",0.091,
"SWE","POVERTY","0_17","RT","A","2016",0.089,
"SWE","POVERTY","0_17","RT","A","2017",0.093,
"SWE","POVERTY","TOT","RT","A","2013",0.086,
"SWE","POVERTY","TOT","RT","A","2014",0.09,
"SWE","POVERTY","TOT","RT","A","2015",0.092,
"SWE","POVERTY","TOT","RT","A","2016",0.091,
"SWE","POVERTY","TOT","RT","A","2017",0.093,
"SWE","POVERTY","18_65","RT","A","2013",0.084,
"SWE","POVERTY","18_65","RT","A","2014",0.085,
"SWE","POVERTY","18_65","RT","A","2015",0.085,
"SWE","POVERTY","18_65","RT","A","2016",0.084,
"SWE","POVERTY","18_65","RT","A","2017",0.086,
"CHE","POVERTY","0_17","RT","A","2006",0.11,
"CHE","POVERTY","0_17","RT","A","2007",0.099,
"CHE","POVERTY","0_17","RT","A","2008",0.097,
"CHE","POVERTY","0_17","RT","A","2009",0.098,
"CHE","POVERTY","0_17","RT","A","2010",0.093,
"CHE","POVERTY","0_17","RT","A","2011",0.11,
"CHE","POVERTY","0_17","RT","A","2012",0.08,
"CHE","POVERTY","0_17","RT","A","2013",0.071,
"CHE","POVERTY","0_17","RT","A","2014",0.099,
"CHE","POVERTY","0_17","RT","A","2015",0.095,
"CHE","POVERTY","TOT","RT","A","2006",0.097,
"CHE","POVERTY","TOT","RT","A","2007",0.094,
"CHE","POVERTY","TOT","RT","A","2008",0.097,
"CHE","POVERTY","TOT","RT","A","2009",0.094,
"CHE","POVERTY","TOT","RT","A","2010",0.094,
"CHE","POVERTY","TOT","RT","A","2011",0.105,
"CHE","POVERTY","TOT","RT","A","2012",0.091,
"CHE","POVERTY","TOT","RT","A","2013",0.086,
"CHE","POVERTY","TOT","RT","A","2014",0.099,
"CHE","POVERTY","TOT","RT","A","2015",0.091,
"CHE","POVERTY","18_65","RT","A","2006",0.077,
"CHE","POVERTY","18_65","RT","A","2007",0.068,
"CHE","POVERTY","18_65","RT","A","2008",0.063,
"CHE","POVERTY","18_65","RT","A","2009",0.067,
"CHE","POVERTY","18_65","RT","A","2010",0.068,
"CHE","POVERTY","18_65","RT","A","2011",0.073,
"CHE","POVERTY","18_65","RT","A","2012",0.062,
"CHE","POVERTY","18_65","RT","A","2013",0.063,
"CHE","POVERTY","18_65","RT","A","2014",0.075,
"CHE","POVERTY","18_65","RT","A","2015",0.064,
"TUR","POVERTY","0_17","RT","A","2011",0.275,
"TUR","POVERTY","0_17","RT","A","2012",0.263,
"TUR","POVERTY","0_17","RT","A","2013",0.252,
"TUR","POVERTY","0_17","RT","A","2014",0.253,
"TUR","POVERTY","0_17","RT","A","2015",0.253,
"TUR","POVERTY","TOT","RT","A","2011",0.186,
"TUR","POVERTY","TOT","RT","A","2012",0.177,
"TUR","POVERTY","TOT","RT","A","2013",0.171,
"TUR","POVERTY","TOT","RT","A","2014",0.173,
"TUR","POVERTY","TOT","RT","A","2015",0.172,
"TUR","POVERTY","18_65","RT","A","2011",0.143,
"TUR","POVERTY","18_65","RT","A","2012",0.136,
"TUR","POVERTY","18_65","RT","A","2013",0.131,
"TUR","POVERTY","18_65","RT","A","2014",0.134,
"TUR","POVERTY","18_65","RT","A","2015",0.135,
"GBR","POVERTY","0_17","RT","A","2002",0.144,
"GBR","POVERTY","0_17","RT","A","2003",0.141,
"GBR","POVERTY","0_17","RT","A","2004",0.131,
"GBR","POVERTY","0_17","RT","A","2005",0.138,
"GBR","POVERTY","0_17","RT","A","2006",0.144,
"GBR","POVERTY","0_17","RT","A","2007",0.141,
"GBR","POVERTY","0_17","RT","A","2008",0.136,
"GBR","POVERTY","0_17","RT","A","2009",0.121,
"GBR","POVERTY","0_17","RT","A","2010",0.105,
"GBR","POVERTY","0_17","RT","A","2011",0.102,
"GBR","POVERTY","0_17","RT","A","2012",0.104,
"GBR","POVERTY","0_17","RT","A","2013",0.099,
"GBR","POVERTY","0_17","RT","A","2014",0.11,
"GBR","POVERTY","0_17","RT","A","2015",0.112,
"GBR","POVERTY","0_17","RT","A","2016",0.118,
"GBR","POVERTY","TOT","RT","A","2002",0.126,
"GBR","POVERTY","TOT","RT","A","2003",0.124,
"GBR","POVERTY","TOT","RT","A","2004",0.116,
"GBR","POVERTY","TOT","RT","A","2005",0.12,
"GBR","POVERTY","TOT","RT","A","2006",0.126,
"GBR","POVERTY","TOT","RT","A","2007",0.128,
"GBR","POVERTY","TOT","RT","A","2008",0.123,
"GBR","POVERTY","TOT","RT","A","2009",0.112,
"GBR","POVERTY","TOT","RT","A","2010",0.11,
"GBR","POVERTY","TOT","RT","A","2011",0.104,
"GBR","POVERTY","TOT","RT","A","2012",0.105,
"GBR","POVERTY","TOT","RT","A","2013",0.104,
"GBR","POVERTY","TOT","RT","A","2014",0.105,
"GBR","POVERTY","TOT","RT","A","2015",0.109,
"GBR","POVERTY","TOT","RT","A","2016",0.111,
"GBR","POVERTY","18_65","RT","A","2002",0.103,
"GBR","POVERTY","18_65","RT","A","2003",0.102,
"GBR","POVERTY","18_65","RT","A","2004",0.096,
"GBR","POVERTY","18_65","RT","A","2005",0.102,
"GBR","POVERTY","18_65","RT","A","2006",0.104,
"GBR","POVERTY","18_65","RT","A","2007",0.109,
"GBR","POVERTY","18_65","RT","A","2008",0.108,
"GBR","POVERTY","18_65","RT","A","2009",0.101,
"GBR","POVERTY","18_65","RT","A","2010",0.103,
"GBR","POVERTY","18_65","RT","A","2011",0.097,
"GBR","POVERTY","18_65","RT","A","2012",0.098,
"GBR","POVERTY","18_65","RT","A","2013",0.098,
"GBR","POVERTY","18_65","RT","A","2014",0.097,
"GBR","POVERTY","18_65","RT","A","2015",0.1,
"GBR","POVERTY","18_65","RT","A","2016",0.101,
"USA","POVERTY","0_17","RT","A","2013",0.205,
"USA","POVERTY","0_17","RT","A","2014",0.202,
"USA","POVERTY","0_17","RT","A","2015",0.199,
"USA","POVERTY","0_17","RT","A","2016",0.209,
"USA","POVERTY","TOT","RT","A","2013",0.172,
"USA","POVERTY","TOT","RT","A","2014",0.175,
"USA","POVERTY","TOT","RT","A","2015",0.168,
"USA","POVERTY","TOT","RT","A","2016",0.178,
"USA","POVERTY","18_65","RT","A","2013",0.153,
"USA","POVERTY","18_65","RT","A","2014",0.157,
"USA","POVERTY","18_65","RT","A","2015",0.148,
"USA","POVERTY","18_65","RT","A","2016",0.155,
"EST","POVERTY","0_17","RT","A","2013",0.139,
"EST","POVERTY","0_17","RT","A","2014",0.147,
"EST","POVERTY","0_17","RT","A","2015",0.121,
"EST","POVERTY","0_17","RT","A","2016",0.096,
"EST","POVERTY","TOT","RT","A","2013",0.155,
"EST","POVERTY","TOT","RT","A","2014",0.155,
"EST","POVERTY","TOT","RT","A","2015",0.161,
"EST","POVERTY","TOT","RT","A","2016",0.157,
"EST","POVERTY","18_65","RT","A","2013",0.146,
"EST","POVERTY","18_65","RT","A","2014",0.131,
"EST","POVERTY","18_65","RT","A","2015",0.129,
"EST","POVERTY","18_65","RT","A","2016",0.119,
"ISR","POVERTY","0_17","RT","A","2011",0.238,
"ISR","POVERTY","0_17","RT","A","2012",0.245,
"ISR","POVERTY","0_17","RT","A","2013",0.243,
"ISR","POVERTY","0_17","RT","A","2014",0.243,
"ISR","POVERTY","0_17","RT","A","2015",0.255,
"ISR","POVERTY","0_17","RT","A","2016",0.232,
"ISR","POVERTY","0_17","RT","A","2017",0.237,
"ISR","POVERTY","TOT","RT","A","2011",0.181,
"ISR","POVERTY","TOT","RT","A","2012",0.184,
"ISR","POVERTY","TOT","RT","A","2013",0.186,
"ISR","POVERTY","TOT","RT","A","2014",0.186,
"ISR","POVERTY","TOT","RT","A","2015",0.195,
"ISR","POVERTY","TOT","RT","A","2016",0.177,
"ISR","POVERTY","TOT","RT","A","2017",0.179,
"ISR","POVERTY","18_65","RT","A","2011",0.141,
"ISR","POVERTY","18_65","RT","A","2012",0.147,
"ISR","POVERTY","18_65","RT","A","2013",0.145,
"ISR","POVERTY","18_65","RT","A","2014",0.147,
"ISR","POVERTY","18_65","RT","A","2015",0.159,
"ISR","POVERTY","18_65","RT","A","2016",0.143,
"ISR","POVERTY","18_65","RT","A","2017",0.141,
"SVN","POVERTY","0_17","RT","A","2004",0.069,
"SVN","POVERTY","0_17","RT","A","2005",0.06,
"SVN","POVERTY","0_17","RT","A","2006",0.069,
"SVN","POVERTY","0_17","RT","A","2007",0.069,
"SVN","POVERTY","0_17","RT","A","2008",0.073,
"SVN","POVERTY","0_17","RT","A","2009",0.079,
"SVN","POVERTY","0_17","RT","A","2010",0.096,
"SVN","POVERTY","0_17","RT","A","2011",0.079,
"SVN","POVERTY","0_17","RT","A","2012",0.088,
"SVN","POVERTY","0_17","RT","A","2013",0.098,
"SVN","POVERTY","0_17","RT","A","2014",0.09,
"SVN","POVERTY","0_17","RT","A","2015",0.07,
"SVN","POVERTY","0_17","RT","A","2016",0.071,
"SVN","POVERTY","TOT","RT","A","2004",0.079,
"SVN","POVERTY","TOT","RT","A","2005",0.071,
"SVN","POVERTY","TOT","RT","A","2006",0.074,
"SVN","POVERTY","TOT","RT","A","2007",0.079,
"SVN","POVERTY","TOT","RT","A","2008",0.079,
"SVN","POVERTY","TOT","RT","A","2009",0.083,
"SVN","POVERTY","TOT","RT","A","2010",0.091,
"SVN","POVERTY","TOT","RT","A","2011",0.086,
"SVN","POVERTY","TOT","RT","A","2012",0.094,
"SVN","POVERTY","TOT","RT","A","2013",0.095,
"SVN","POVERTY","TOT","RT","A","2014",0.094,
"SVN","POVERTY","TOT","RT","A","2015",0.092,
"SVN","POVERTY","TOT","RT","A","2016",0.087,
"SVN","POVERTY","18_65","RT","A","2004",0.064,
"SVN","POVERTY","18_65","RT","A","2005",0.058,
"SVN","POVERTY","18_65","RT","A","2006",0.059,
"SVN","POVERTY","18_65","RT","A","2007",0.064,
"SVN","POVERTY","18_65","RT","A","2008",0.06,
"SVN","POVERTY","18_65","RT","A","2009",0.07,
"SVN","POVERTY","18_65","RT","A","2010",0.075,
"SVN","POVERTY","18_65","RT","A","2011",0.076,
"SVN","POVERTY","18_65","RT","A","2012",0.082,
"SVN","POVERTY","18_65","RT","A","2013",0.088,
"SVN","POVERTY","18_65","RT","A","2014",0.086,
"SVN","POVERTY","18_65","RT","A","2015",0.087,
"SVN","POVERTY","18_65","RT","A","2016",0.082,
"JPN","POVERTY","0_17","RT","A","2009",0.157,
"JPN","POVERTY","0_17","RT","A","2012",0.163,
"JPN","POVERTY","0_17","RT","A","2015",0.139,
"JPN","POVERTY","TOT","RT","A","2009",0.16,
"JPN","POVERTY","TOT","RT","A","2012",0.161,
"JPN","POVERTY","TOT","RT","A","2015",0.157,
"JPN","POVERTY","18_65","RT","A","2009",0.144,
"JPN","POVERTY","18_65","RT","A","2012",0.145,
"JPN","POVERTY","18_65","RT","A","2015",0.136,
"KOR","POVERTY","0_17","RT","A","2015",0.16,
"KOR","POVERTY","0_17","RT","A","2016",0.152,
"KOR","POVERTY","0_17","RT","A","2017",0.145,
"CHL","POVERTY","0_17","RT","A","2009",0.23,
"CHL","POVERTY","0_17","RT","A","2011",0.253,
"CHL","POVERTY","0_17","RT","A","2013",0.225,
"CHL","POVERTY","0_17","RT","A","2015",0.211,
"CHL","POVERTY","TOT","RT","A","2009",0.178,
"CHL","POVERTY","TOT","RT","A","2011",0.184,
"CHL","POVERTY","TOT","RT","A","2013",0.168,
"CHL","POVERTY","TOT","RT","A","2015",0.161,
"CHL","POVERTY","18_65","RT","A","2009",0.16,
"CHL","POVERTY","18_65","RT","A","2011",0.161,
"CHL","POVERTY","18_65","RT","A","2013",0.148,
"CHL","POVERTY","18_65","RT","A","2015",0.142,
"LVA","POVERTY","0_17","RT","A","2004",0.162,
"LVA","POVERTY","0_17","RT","A","2005",0.19,
"LVA","POVERTY","0_17","RT","A","2006",0.122,
"LVA","POVERTY","0_17","RT","A","2007",0.145,
"LVA","POVERTY","0_17","RT","A","2008",0.175,
"LVA","POVERTY","0_17","RT","A","2009",0.177,
"LVA","POVERTY","0_17","RT","A","2010",0.173,
"LVA","POVERTY","0_17","RT","A","2011",0.163,
"LVA","POVERTY","0_17","RT","A","2012",0.156,
"LVA","POVERTY","0_17","RT","A","2013",0.153,
"LVA","POVERTY","0_17","RT","A","2014",0.157,
"LVA","POVERTY","0_17","RT","A","2015",0.122,
"LVA","POVERTY","0_17","RT","A","2016",0.132,
"LVA","POVERTY","TOT","RT","A","2004",0.141,
"LVA","POVERTY","TOT","RT","A","2005",0.176,
"LVA","POVERTY","TOT","RT","A","2006",0.143,
"LVA","POVERTY","TOT","RT","A","2007",0.186,
"LVA","POVERTY","TOT","RT","A","2008",0.183,
"LVA","POVERTY","TOT","RT","A","2009",0.141,
"LVA","POVERTY","TOT","RT","A","2010",0.132,
"LVA","POVERTY","TOT","RT","A","2011",0.129,
"LVA","POVERTY","TOT","RT","A","2012",0.132,
"LVA","POVERTY","TOT","RT","A","2013",0.14,
"LVA","POVERTY","TOT","RT","A","2014",0.162,
"LVA","POVERTY","TOT","RT","A","2015",0.162,
"LVA","POVERTY","TOT","RT","A","2016",0.168,
"LVA","POVERTY","18_65","RT","A","2004",0.135,
"LVA","POVERTY","18_65","RT","A","2005",0.154,
"LVA","POVERTY","18_65","RT","A","2006",0.119,
"LVA","POVERTY","18_65","RT","A","2007",0.128,
"LVA","POVERTY","18_65","RT","A","2008",0.141,
"LVA","POVERTY","18_65","RT","A","2009",0.142,
"LVA","POVERTY","18_65","RT","A","2010",0.143,
"LVA","POVERTY","18_65","RT","A","2011",0.137,
"LVA","POVERTY","18_65","RT","A","2012",0.132,
"LVA","POVERTY","18_65","RT","A","2013",0.123,
"LVA","POVERTY","18_65","RT","A","2014",0.134,
"LVA","POVERTY","18_65","RT","A","2015",0.13,
"LVA","POVERTY","18_65","RT","A","2016",0.131,
"LTU","POVERTY","0_17","RT","A","2004",0.165,
"LTU","POVERTY","0_17","RT","A","2005",0.181,
"LTU","POVERTY","0_17","RT","A","2006",0.155,
"LTU","POVERTY","0_17","RT","A","2007",0.144,
"LTU","POVERTY","0_17","RT","A","2008",0.161,
"LTU","POVERTY","0_17","RT","A","2009",0.198,
"LTU","POVERTY","0_17","RT","A","2010",0.159,
"LTU","POVERTY","0_17","RT","A","2011",0.146,
"LTU","POVERTY","0_17","RT","A","2012",0.183,
"LTU","POVERTY","0_17","RT","A","2013",0.139,
"LTU","POVERTY","0_17","RT","A","2014",0.205,
"LTU","POVERTY","0_17","RT","A","2015",0.191,
"LTU","POVERTY","0_17","RT","A","2016",0.177,
"LTU","POVERTY","TOT","RT","A","2004",0.138,
"LTU","POVERTY","TOT","RT","A","2005",0.143,
"LTU","POVERTY","TOT","RT","A","2006",0.136,
"LTU","POVERTY","TOT","RT","A","2007",0.131,
"LTU","POVERTY","TOT","RT","A","2008",0.146,
"LTU","POVERTY","TOT","RT","A","2009",0.15,
"LTU","POVERTY","TOT","RT","A","2010",0.127,
"LTU","POVERTY","TOT","RT","A","2011",0.124,
"LTU","POVERTY","TOT","RT","A","2012",0.141,
"LTU","POVERTY","TOT","RT","A","2013",0.124,
"LTU","POVERTY","TOT","RT","A","2014",0.157,
"LTU","POVERTY","TOT","RT","A","2015",0.165,
"LTU","POVERTY","TOT","RT","A","2016",0.169,
"LTU","POVERTY","18_65","RT","A","2004",0.128,
"LTU","POVERTY","18_65","RT","A","2005",0.127,
"LTU","POVERTY","18_65","RT","A","2006",0.104,
"LTU","POVERTY","18_65","RT","A","2007",0.11,
"LTU","POVERTY","18_65","RT","A","2008",0.132,
"LTU","POVERTY","18_65","RT","A","2009",0.161,
"LTU","POVERTY","18_65","RT","A","2010",0.14,
"LTU","POVERTY","18_65","RT","A","2011",0.124,
"LTU","POVERTY","18_65","RT","A","2012",0.134,
"LTU","POVERTY","18_65","RT","A","2013",0.118,
"LTU","POVERTY","18_65","RT","A","2014",0.14,
"LTU","POVERTY","18_65","RT","A","2015",0.147,
"LTU","POVERTY","18_65","RT","A","2016",0.142,
"AUS","POVERTY","66MORE","RT","A","2012",0.335,
"AUS","POVERTY","66MORE","RT","A","2014",0.257,
"AUS","POVERTY","66MORE","RT","A","2016",0.232,
"AUT","POVERTY","66MORE","RT","A","2007",0.133,
"AUT","POVERTY","66MORE","RT","A","2008",0.126,
"AUT","POVERTY","66MORE","RT","A","2009",0.116,
"AUT","POVERTY","66MORE","RT","A","2010",0.113,
"AUT","POVERTY","66MORE","RT","A","2011",0.107,
"AUT","POVERTY","66MORE","RT","A","2012",0.112,
"AUT","POVERTY","66MORE","RT","A","2013",0.097,
"AUT","POVERTY","66MORE","RT","A","2014",0.088,
"AUT","POVERTY","66MORE","RT","A","2015",0.078,
"AUT","POVERTY","66MORE","RT","A","2016",0.087,
"BEL","POVERTY","66MORE","RT","A","2004",0.121,
"BEL","POVERTY","66MORE","RT","A","2005",0.155,
"BEL","POVERTY","66MORE","RT","A","2006",0.164,
"BEL","POVERTY","66MORE","RT","A","2007",0.142,
"BEL","POVERTY","66MORE","RT","A","2008",0.128,
"BEL","POVERTY","66MORE","RT","A","2009",0.121,
"BEL","POVERTY","66MORE","RT","A","2010",0.113,
"BEL","POVERTY","66MORE","RT","A","2011",0.111,
"BEL","POVERTY","66MORE","RT","A","2012",0.099,
"BEL","POVERTY","66MORE","RT","A","2013",0.085,
"BEL","POVERTY","66MORE","RT","A","2014",0.077,
"BEL","POVERTY","66MORE","RT","A","2015",0.095,
"BEL","POVERTY","66MORE","RT","A","2016",0.082,
"CAN","POVERTY","66MORE","RT","A","1976",0.309,
"CAN","POVERTY","66MORE","RT","A","1977",0.339,
"CAN","POVERTY","66MORE","RT","A","1978",0.324,
"CAN","POVERTY","66MORE","RT","A","1979",0.282,
"CAN","POVERTY","66MORE","RT","A","1980",0.251,
"CAN","POVERTY","66MORE","RT","A","1981",0.206,
"CAN","POVERTY","66MORE","RT","A","1982",0.158,
"CAN","POVERTY","66MORE","RT","A","1983",0.147,
"CAN","POVERTY","66MORE","RT","A","1984",0.136,
"CAN","POVERTY","66MORE","RT","A","1985",0.112,
"CAN","POVERTY","66MORE","RT","A","1986",0.1,
"CAN","POVERTY","66MORE","RT","A","1987",0.099,
"CAN","POVERTY","66MORE","RT","A","1988",0.119,
"CAN","POVERTY","66MORE","RT","A","1989",0.113,
"CAN","POVERTY","66MORE","RT","A","1990",0.071,
"CAN","POVERTY","66MORE","RT","A","1991",0.045,
"CAN","POVERTY","66MORE","RT","A","1992",0.038,
"CAN","POVERTY","66MORE","RT","A","1993",0.044,
"CAN","POVERTY","66MORE","RT","A","1994",0.031,
"CAN","POVERTY","66MORE","RT","A","1995",0.032,
"CAN","POVERTY","66MORE","RT","A","1996",0.038,
"CAN","POVERTY","66MORE","RT","A","1997",0.037,
"CAN","POVERTY","66MORE","RT","A","1998",0.043,
"CAN","POVERTY","66MORE","RT","A","1999",0.042,
"CAN","POVERTY","66MORE","RT","A","2000",0.052,
"CAN","POVERTY","66MORE","RT","A","2001",0.051,
"CAN","POVERTY","66MORE","RT","A","2002",0.063,
"CAN","POVERTY","66MORE","RT","A","2003",0.058,
"CAN","POVERTY","66MORE","RT","A","2004",0.059,
"CAN","POVERTY","66MORE","RT","A","2005",0.07,
"CAN","POVERTY","66MORE","RT","A","2006",0.071,
"CAN","POVERTY","66MORE","RT","A","2007",0.078,
"CAN","POVERTY","66MORE","RT","A","2008",0.093,
"CAN","POVERTY","66MORE","RT","A","2009",0.094,
"CAN","POVERTY","66MORE","RT","A","2010",0.1,
"CAN","POVERTY","66MORE","RT","A","2011",0.101,
"CAN","POVERTY","66MORE","RT","A","2012",0.088,
"CAN","POVERTY","66MORE","RT","A","2013",0.085,
"CAN","POVERTY","66MORE","RT","A","2014",0.09,
"CAN","POVERTY","66MORE","RT","A","2015",0.107,
"CAN","POVERTY","66MORE","RT","A","2016",0.105,
"CZE","POVERTY","66MORE","RT","A","2004",0.022,
"CZE","POVERTY","66MORE","RT","A","2005",0.023,
"CZE","POVERTY","66MORE","RT","A","2006",0.026,
"CZE","POVERTY","66MORE","RT","A","2007",0.039,
"CZE","POVERTY","66MORE","RT","A","2008",0.046,
"CZE","POVERTY","66MORE","RT","A","2009",0.027,
"CZE","POVERTY","66MORE","RT","A","2010",0.034,
"CZE","POVERTY","66MORE","RT","A","2011",0.025,
"CZE","POVERTY","66MORE","RT","A","2012",0.023,
"CZE","POVERTY","66MORE","RT","A","2013",0.026,
"CZE","POVERTY","66MORE","RT","A","2014",0.037,
"CZE","POVERTY","66MORE","RT","A","2015",0.042,
"CZE","POVERTY","66MORE","RT","A","2016",0.045,
"DNK","POVERTY","66MORE","RT","A","2011",0.058,
"DNK","POVERTY","66MORE","RT","A","2012",0.046,
"DNK","POVERTY","66MORE","RT","A","2013",0.038,
"DNK","POVERTY","66MORE","RT","A","2014",0.032,
"DNK","POVERTY","66MORE","RT","A","2015",0.031,
"FIN","POVERTY","66MORE","RT","A","1987",0.116,
"FIN","POVERTY","66MORE","RT","A","1988",0.13,
"FIN","POVERTY","66MORE","RT","A","1989",0.152,
"FIN","POVERTY","66MORE","RT","A","1990",0.175,
"FIN","POVERTY","66MORE","RT","A","1991",0.132,
"FIN","POVERTY","66MORE","RT","A","1992",0.101,
"FIN","POVERTY","66MORE","RT","A","1993",0.048,
"FIN","POVERTY","66MORE","RT","A","1994",0.048,
"FIN","POVERTY","66MORE","RT","A","1995",0.054,
"FIN","POVERTY","66MORE","RT","A","1996",0.066,
"FIN","POVERTY","66MORE","RT","A","1997",0.065,
"FIN","POVERTY","66MORE","RT","A","1998",0.075,
"FIN","POVERTY","66MORE","RT","A","1999",0.08,
"FIN","POVERTY","66MORE","RT","A","2000",0.084,
"FIN","POVERTY","66MORE","RT","A","2001",0.09,
"FIN","POVERTY","66MORE","RT","A","2002",0.083,
"FIN","POVERTY","66MORE","RT","A","2003",0.084,
"FIN","POVERTY","66MORE","RT","A","2004",0.107,
"FIN","POVERTY","66MORE","RT","A","2005",0.109,
"FIN","POVERTY","66MORE","RT","A","2006",0.105,
"FIN","POVERTY","66MORE","RT","A","2007",0.135,
"FIN","POVERTY","66MORE","RT","A","2008",0.129,
"FIN","POVERTY","66MORE","RT","A","2009",0.107,
"FIN","POVERTY","66MORE","RT","A","2010",0.098,
"FIN","POVERTY","66MORE","RT","A","2011",0.109,
"FIN","POVERTY","66MORE","RT","A","2012",0.093,
"FIN","POVERTY","66MORE","RT","A","2013",0.078,
"FIN","POVERTY","66MORE","RT","A","2014",0.066,
"FIN","POVERTY","66MORE","RT","A","2015",0.052,
"FIN","POVERTY","66MORE","RT","A","2016",0.05,
"FIN","POVERTY","66MORE","RT","A","2017",0.063,
"FRA","POVERTY","66MORE","RT","A","2012",0.032,
"FRA","POVERTY","66MORE","RT","A","2013",0.035,
"FRA","POVERTY","66MORE","RT","A","2014",0.033,
"FRA","POVERTY","66MORE","RT","A","2015",0.031,
"FRA","POVERTY","66MORE","RT","A","2016",0.034,
"DEU","POVERTY","66MORE","RT","A","2008",0.107,
"DEU","POVERTY","66MORE","RT","A","2011",0.09,
"DEU","POVERTY","66MORE","RT","A","2012",0.094,
"DEU","POVERTY","66MORE","RT","A","2013",0.084,
"DEU","POVERTY","66MORE","RT","A","2014",0.095,
"DEU","POVERTY","66MORE","RT","A","2015",0.096,
"DEU","POVERTY","66MORE","RT","A","2016",0.096,
"GRC","POVERTY","66MORE","RT","A","2004",0.184,
"GRC","POVERTY","66MORE","RT","A","2005",0.175,
"GRC","POVERTY","66MORE","RT","A","2006",0.151,
"GRC","POVERTY","66MORE","RT","A","2007",0.143,
"GRC","POVERTY","66MORE","RT","A","2008",0.132,
"GRC","POVERTY","66MORE","RT","A","2009",0.13,
"GRC","POVERTY","66MORE","RT","A","2010",0.154,
"GRC","POVERTY","66MORE","RT","A","2011",0.072,
"GRC","POVERTY","66MORE","RT","A","2012",0.064,
"GRC","POVERTY","66MORE","RT","A","2013",0.082,
"GRC","POVERTY","66MORE","RT","A","2014",0.082,
"GRC","POVERTY","66MORE","RT","A","2015",0.077,
"GRC","POVERTY","66MORE","RT","A","2016",0.078,
"HUN","POVERTY","66MORE","RT","A","2007",0.047,
"HUN","POVERTY","66MORE","RT","A","2009",0.018,
"HUN","POVERTY","66MORE","RT","A","2012",0.056,
"HUN","POVERTY","66MORE","RT","A","2014",0.086,
"ISL","POVERTY","66MORE","RT","A","2004",0.043,
"ISL","POVERTY","66MORE","RT","A","2005",0.042,
"ISL","POVERTY","66MORE","RT","A","2006",0.076,
"ISL","POVERTY","66MORE","RT","A","2007",0.109,
"ISL","POVERTY","66MORE","RT","A","2008",0.067,
"ISL","POVERTY","66MORE","RT","A","2009",0.031,
"ISL","POVERTY","66MORE","RT","A","2010",0.033,
"ISL","POVERTY","66MORE","RT","A","2011",0.032,
"ISL","POVERTY","66MORE","RT","A","2012",0.026,
"ISL","POVERTY","66MORE","RT","A","2013",0.029,
"ISL","POVERTY","66MORE","RT","A","2014",0.054,
"ISL","POVERTY","66MORE","RT","A","2015",0.028,
"IRL","POVERTY","66MORE","RT","A","2004",0.235,
"IRL","POVERTY","66MORE","RT","A","2005",0.184,
"IRL","POVERTY","66MORE","RT","A","2006",0.206,
"IRL","POVERTY","66MORE","RT","A","2007",0.123,
"IRL","POVERTY","66MORE","RT","A","2008",0.09,
"IRL","POVERTY","66MORE","RT","A","2009",0.065,
"IRL","POVERTY","66MORE","RT","A","2010",0.074,
"IRL","POVERTY","66MORE","RT","A","2011",0.095,
"IRL","POVERTY","66MORE","RT","A","2012",0.067,
"IRL","POVERTY","66MORE","RT","A","2013",0.068,
"IRL","POVERTY","66MORE","RT","A","2014",0.068,
"IRL","POVERTY","66MORE","RT","A","2015",0.064,
"ITA","POVERTY","66MORE","RT","A","2004",0.146,
"ITA","POVERTY","66MORE","RT","A","2005",0.143,
"ITA","POVERTY","66MORE","RT","A","2006",0.15,
"ITA","POVERTY","66MORE","RT","A","2007",0.143,
"ITA","POVERTY","66MORE","RT","A","2008",0.133,
"ITA","POVERTY","66MORE","RT","A","2009",0.111,
"ITA","POVERTY","66MORE","RT","A","2010",0.116,
"ITA","POVERTY","66MORE","RT","A","2011",0.103,
"ITA","POVERTY","66MORE","RT","A","2012",0.092,
"ITA","POVERTY","66MORE","RT","A","2013",0.092,
"ITA","POVERTY","66MORE","RT","A","2014",0.093,
"ITA","POVERTY","66MORE","RT","A","2015",0.102,
"ITA","POVERTY","66MORE","RT","A","2016",0.103,
"JPN","POVERTY","66MORE","RT","A","2009",0.194,
"JPN","POVERTY","66MORE","RT","A","2012",0.19,
"JPN","POVERTY","66MORE","RT","A","2015",0.196,
"KOR","POVERTY","66MORE","RT","A","2015",0.443,
"KOR","POVERTY","66MORE","RT","A","2016",0.45,
"KOR","POVERTY","66MORE","RT","A","2017",0.438,
"LUX","POVERTY","66MORE","RT","A","2015",0.06,
"LUX","POVERTY","66MORE","RT","A","2016",0.077,
"MEX","POVERTY","66MORE","RT","A","2012",0.27,
"MEX","POVERTY","66MORE","RT","A","2014",0.256,
"MEX","POVERTY","66MORE","RT","A","2016",0.247,
"NLD","POVERTY","66MORE","RT","A","2011",0.019,
"NLD","POVERTY","66MORE","RT","A","2012",0.019,
"NLD","POVERTY","66MORE","RT","A","2013",0.025,
"NLD","POVERTY","66MORE","RT","A","2014",0.023,
"NLD","POVERTY","66MORE","RT","A","2015",0.027,
"NLD","POVERTY","66MORE","RT","A","2016",0.031,"P"
"NZL","POVERTY","66MORE","RT","A","2011",0.091,
"NZL","POVERTY","66MORE","RT","A","2012",0.082,
"NZL","POVERTY","66MORE","RT","A","2014",0.106,
"NOR","POVERTY","66MORE","RT","A","2004",0.092,
"NOR","POVERTY","66MORE","RT","A","2008",0.08,
"NOR","POVERTY","66MORE","RT","A","2009",0.066,
"NOR","POVERTY","66MORE","RT","A","2010",0.055,
"NOR","POVERTY","66MORE","RT","A","2011",0.043,
"NOR","POVERTY","66MORE","RT","A","2012",0.041,
"NOR","POVERTY","66MORE","RT","A","2013",0.043,
"NOR","POVERTY","66MORE","RT","A","2014",0.043,
"NOR","POVERTY","66MORE","RT","A","2015",0.044,
"NOR","POVERTY","66MORE","RT","A","2016",0.044,
"NOR","POVERTY","66MORE","RT","A","2017",0.043,
"POL","POVERTY","66MORE","RT","A","2004",0.044,
"POL","POVERTY","66MORE","RT","A","2005",0.043,
"POL","POVERTY","66MORE","RT","A","2006",0.046,
"POL","POVERTY","66MORE","RT","A","2007",0.076,
"POL","POVERTY","66MORE","RT","A","2008",0.098,
"POL","POVERTY","66MORE","RT","A","2009",0.104,
"POL","POVERTY","66MORE","RT","A","2010",0.095,
"POL","POVERTY","66MORE","RT","A","2011",0.101,
"POL","POVERTY","66MORE","RT","A","2012",0.081,
"POL","POVERTY","66MORE","RT","A","2013",0.074,
"POL","POVERTY","66MORE","RT","A","2014",0.076,
"POL","POVERTY","66MORE","RT","A","2015",0.085,
"POL","POVERTY","66MORE","RT","A","2016",0.093,
"PRT","POVERTY","66MORE","RT","A","2004",0.171,
"PRT","POVERTY","66MORE","RT","A","2005",0.18,
"PRT","POVERTY","66MORE","RT","A","2006",0.165,
"PRT","POVERTY","66MORE","RT","A","2007",0.141,
"PRT","POVERTY","66MORE","RT","A","2008",0.112,
"PRT","POVERTY","66MORE","RT","A","2009",0.124,
"PRT","POVERTY","66MORE","RT","A","2010",0.09,
"PRT","POVERTY","66MORE","RT","A","2011",0.081,
"PRT","POVERTY","66MORE","RT","A","2012",0.081,
"PRT","POVERTY","66MORE","RT","A","2013",0.097,
"PRT","POVERTY","66MORE","RT","A","2014",0.097,
"PRT","POVERTY","66MORE","RT","A","2015",0.108,
"PRT","POVERTY","66MORE","RT","A","2016",0.095,
"SVK","POVERTY","66MORE","RT","A","2004",0.058,
"SVK","POVERTY","66MORE","RT","A","2005",0.065,
"SVK","POVERTY","66MORE","RT","A","2006",0.071,
"SVK","POVERTY","66MORE","RT","A","2007",0.094,
"SVK","POVERTY","66MORE","RT","A","2008",0.096,
"SVK","POVERTY","66MORE","RT","A","2009",0.055,
"SVK","POVERTY","66MORE","RT","A","2010",0.044,
"SVK","POVERTY","66MORE","RT","A","2011",0.063,
"SVK","POVERTY","66MORE","RT","A","2012",0.035,
"SVK","POVERTY","66MORE","RT","A","2013",0.036,
"SVK","POVERTY","66MORE","RT","A","2014",0.038,
"SVK","POVERTY","66MORE","RT","A","2015",0.034,
"SVK","POVERTY","66MORE","RT","A","2016",0.043,
"ESP","POVERTY","66MORE","RT","A","2007",0.196,
"ESP","POVERTY","66MORE","RT","A","2008",0.187,
"ESP","POVERTY","66MORE","RT","A","2009",0.167,
"ESP","POVERTY","66MORE","RT","A","2010",0.118,
"ESP","POVERTY","66MORE","RT","A","2011",0.091,
"ESP","POVERTY","66MORE","RT","A","2012",0.067,
"ESP","POVERTY","66MORE","RT","A","2013",0.053,
"ESP","POVERTY","66MORE","RT","A","2014",0.054,
"ESP","POVERTY","66MORE","RT","A","2015",0.059,
"ESP","POVERTY","66MORE","RT","A","2016",0.094,
"SWE","POVERTY","66MORE","RT","A","2013",0.089,
"SWE","POVERTY","66MORE","RT","A","2014",0.1,
"SWE","POVERTY","66MORE","RT","A","2015",0.114,
"SWE","POVERTY","66MORE","RT","A","2016",0.11,
"SWE","POVERTY","66MORE","RT","A","2017",0.113,
"CHE","POVERTY","66MORE","RT","A","2006",0.178,
"CHE","POVERTY","66MORE","RT","A","2007",0.205,
"CHE","POVERTY","66MORE","RT","A","2008",0.254,
"CHE","POVERTY","66MORE","RT","A","2009",0.212,
"CHE","POVERTY","66MORE","RT","A","2010",0.213,
"CHE","POVERTY","66MORE","RT","A","2011",0.239,
"CHE","POVERTY","66MORE","RT","A","2012",0.234,
"CHE","POVERTY","66MORE","RT","A","2013",0.197,
"CHE","POVERTY","66MORE","RT","A","2014",0.194,
"CHE","POVERTY","66MORE","RT","A","2015",0.195,
"TUR","POVERTY","66MORE","RT","A","2011",0.183,
"TUR","POVERTY","66MORE","RT","A","2012",0.171,
"TUR","POVERTY","66MORE","RT","A","2013",0.188,
"TUR","POVERTY","66MORE","RT","A","2014",0.189,
"TUR","POVERTY","66MORE","RT","A","2015",0.17,
"GBR","POVERTY","66MORE","RT","A","2002",0.199,
"GBR","POVERTY","66MORE","RT","A","2003",0.189,
"GBR","POVERTY","66MORE","RT","A","2004",0.178,
"GBR","POVERTY","66MORE","RT","A","2005",0.169,
"GBR","POVERTY","66MORE","RT","A","2006",0.194,
"GBR","POVERTY","66MORE","RT","A","2007",0.19,
"GBR","POVERTY","66MORE","RT","A","2008",0.168,
"GBR","POVERTY","66MORE","RT","A","2009",0.144,
"GBR","POVERTY","66MORE","RT","A","2010",0.146,
"GBR","POVERTY","66MORE","RT","A","2011",0.133,
"GBR","POVERTY","66MORE","RT","A","2012",0.134,
"GBR","POVERTY","66MORE","RT","A","2013",0.135,
"GBR","POVERTY","66MORE","RT","A","2014",0.131,
"GBR","POVERTY","66MORE","RT","A","2015",0.138,
"GBR","POVERTY","66MORE","RT","A","2016",0.142,
"USA","POVERTY","66MORE","RT","A","2013",0.206,
"USA","POVERTY","66MORE","RT","A","2014",0.21,
"USA","POVERTY","66MORE","RT","A","2015",0.209,
"USA","POVERTY","66MORE","RT","A","2016",0.229,
"CHL","POVERTY","66MORE","RT","A","2009",0.149,
"CHL","POVERTY","66MORE","RT","A","2011",0.154,
"CHL","POVERTY","66MORE","RT","A","2013",0.15,
"CHL","POVERTY","66MORE","RT","A","2015",0.163,
"EST","POVERTY","66MORE","RT","A","2013",0.208,
"EST","POVERTY","66MORE","RT","A","2014",0.25,
"EST","POVERTY","66MORE","RT","A","2015",0.319,
"EST","POVERTY","66MORE","RT","A","2016",0.357,
"ISR","POVERTY","66MORE","RT","A","2011",0.238,
"ISR","POVERTY","66MORE","RT","A","2012",0.207,
"ISR","POVERTY","66MORE","RT","A","2013",0.241,
"ISR","POVERTY","66MORE","RT","A","2014",0.226,
"ISR","POVERTY","66MORE","RT","A","2015",0.212,
"ISR","POVERTY","66MORE","RT","A","2016",0.194,
"ISR","POVERTY","66MORE","RT","A","2017",0.199,
"LVA","POVERTY","66MORE","RT","A","2004",0.104,
"LVA","POVERTY","66MORE","RT","A","2005",0.231,
"LVA","POVERTY","66MORE","RT","A","2006",0.245,
"LVA","POVERTY","66MORE","RT","A","2007",0.432,
"LVA","POVERTY","66MORE","RT","A","2008",0.352,
"LVA","POVERTY","66MORE","RT","A","2009",0.097,
"LVA","POVERTY","66MORE","RT","A","2010",0.05,
"LVA","POVERTY","66MORE","RT","A","2011",0.065,
"LVA","POVERTY","66MORE","RT","A","2012",0.109,
"LVA","POVERTY","66MORE","RT","A","2013",0.193,
"LVA","POVERTY","66MORE","RT","A","2014",0.265,
"LVA","POVERTY","66MORE","RT","A","2015",0.309,
"LVA","POVERTY","66MORE","RT","A","2016",0.327,
"LTU","POVERTY","66MORE","RT","A","2004",0.132,
"LTU","POVERTY","66MORE","RT","A","2005",0.155,
"LTU","POVERTY","66MORE","RT","A","2006",0.251,
"LTU","POVERTY","66MORE","RT","A","2007",0.208,
"LTU","POVERTY","66MORE","RT","A","2008",0.187,
"LTU","POVERTY","66MORE","RT","A","2009",0.054,
"LTU","POVERTY","66MORE","RT","A","2010",0.043,
"LTU","POVERTY","66MORE","RT","A","2011",0.105,
"LTU","POVERTY","66MORE","RT","A","2012",0.125,
"LTU","POVERTY","66MORE","RT","A","2013",0.131,
"LTU","POVERTY","66MORE","RT","A","2014",0.172,
"LTU","POVERTY","66MORE","RT","A","2015",0.204,
"LTU","POVERTY","66MORE","RT","A","2016",0.251,
"SVN","POVERTY","66MORE","RT","A","2004",0.164,
"SVN","POVERTY","66MORE","RT","A","2005",0.146,
"SVN","POVERTY","66MORE","RT","A","2006",0.153,
"SVN","POVERTY","66MORE","RT","A","2007",0.166,
"SVN","POVERTY","66MORE","RT","A","2008",0.17,
"SVN","POVERTY","66MORE","RT","A","2009",0.152,
"SVN","POVERTY","66MORE","RT","A","2010",0.16,
"SVN","POVERTY","66MORE","RT","A","2011",0.142,
"SVN","POVERTY","66MORE","RT","A","2012",0.157,
"SVN","POVERTY","66MORE","RT","A","2013",0.121,
"SVN","POVERTY","66MORE","RT","A","2014",0.131,
"SVN","POVERTY","66MORE","RT","A","2015",0.135,
"SVN","POVERTY","66MORE","RT","A","2016",0.123,
"BRA","POVERTY","0_17","RT","A","2006",0.312,
"BRA","POVERTY","0_17","RT","A","2009",0.307,
"BRA","POVERTY","0_17","RT","A","2011",0.308,
"BRA","POVERTY","0_17","RT","A","2013",0.301,
"BRA","POVERTY","TOT","RT","A","2006",0.212,
"BRA","POVERTY","TOT","RT","A","2009",0.206,
"BRA","POVERTY","TOT","RT","A","2011",0.209,
"BRA","POVERTY","TOT","RT","A","2013",0.2,
"BRA","POVERTY","18_65","RT","A","2006",0.176,
"BRA","POVERTY","18_65","RT","A","2009",0.174,
"BRA","POVERTY","18_65","RT","A","2011",0.18,
"BRA","POVERTY","18_65","RT","A","2013",0.173,
"BRA","POVERTY","66MORE","RT","A","2006",0.067,
"BRA","POVERTY","66MORE","RT","A","2009",0.073,
"BRA","POVERTY","66MORE","RT","A","2011",0.081,
"BRA","POVERTY","66MORE","RT","A","2013",0.077,
"CHN","POVERTY","0_17","RT","A","2011",0.331,
"CHN","POVERTY","TOT","RT","A","2011",0.288,
"CHN","POVERTY","18_65","RT","A","2011",0.26,
"CHN","POVERTY","66MORE","RT","A","2011",0.39,
"CRI","POVERTY","0_17","RT","A","2010",0.27,
"CRI","POVERTY","0_17","RT","A","2011",0.281,
"CRI","POVERTY","0_17","RT","A","2012",0.287,
"CRI","POVERTY","0_17","RT","A","2013",0.284,
"CRI","POVERTY","0_17","RT","A","2014",0.294,
"CRI","POVERTY","0_17","RT","A","2015",0.275,
"CRI","POVERTY","0_17","RT","A","2016",0.275,
"CRI","POVERTY","0_17","RT","A","2017",0.273,
"CRI","POVERTY","18_65","RT","A","2010",0.162,
"CRI","POVERTY","18_65","RT","A","2011",0.169,
"CRI","POVERTY","18_65","RT","A","2012",0.177,
"CRI","POVERTY","18_65","RT","A","2013",0.174,
"CRI","POVERTY","18_65","RT","A","2014",0.178,
"CRI","POVERTY","18_65","RT","A","2015",0.171,
"CRI","POVERTY","18_65","RT","A","2016",0.175,
"CRI","POVERTY","18_65","RT","A","2017",0.167,
"CRI","POVERTY","66MORE","RT","A","2010",0.24,
"CRI","POVERTY","66MORE","RT","A","2011",0.252,
"CRI","POVERTY","66MORE","RT","A","2012",0.247,
"CRI","POVERTY","66MORE","RT","A","2013",0.243,
"CRI","POVERTY","66MORE","RT","A","2014",0.261,
"CRI","POVERTY","66MORE","RT","A","2015",0.251,
"CRI","POVERTY","66MORE","RT","A","2016",0.259,
"CRI","POVERTY","66MORE","RT","A","2017",0.255,
"IND","POVERTY","0_17","RT","A","2004",0.234,
"IND","POVERTY","0_17","RT","A","2011",0.236,
"IND","POVERTY","TOT","RT","A","2004",0.198,
"IND","POVERTY","TOT","RT","A","2011",0.197,
"IND","POVERTY","18_65","RT","A","2004",0.174,
"IND","POVERTY","18_65","RT","A","2011",0.171,
"IND","POVERTY","66MORE","RT","A","2004",0.203,
"IND","POVERTY","66MORE","RT","A","2011",0.229,
"RUS","POVERTY","0_17","RT","A","2011",0.207,
"RUS","POVERTY","TOT","RT","A","2011",0.146,
"RUS","POVERTY","18_65","RT","A","2011",0.128,
"RUS","POVERTY","66MORE","RT","A","2011",0.148,
"ZAF","POVERTY","TOT","RT","A","2015",0.266,"P"
"ZAF","POVERTY","18_65","RT","A","2015",0.239,"P"
"ZAF","POVERTY","66MORE","RT","A","2015",0.207,"P"
"CRI","POVERTY","TOT","RT","A","2010",0.2,
"CRI","POVERTY","TOT","RT","A","2011",0.207,
"CRI","POVERTY","TOT","RT","A","2012",0.213,
"CRI","POVERTY","TOT","RT","A","2013",0.21,
"CRI","POVERTY","TOT","RT","A","2014",0.215,
"CRI","POVERTY","TOT","RT","A","2015",0.206,
"CRI","POVERTY","TOT","RT","A","2016",0.209,
"CRI","POVERTY","TOT","RT","A","2017",0.204,
"ZAF","POVERTY","0_17","RT","A","2015",0.32,"P"
