﻿"LOCATION","INDICATOR","SUBJECT","MEASURE","FREQUENCY","TIME","Value","Flag Codes"
"AUS","VIOLWOMEN","LAWDOMVIOL","IDX","A","2014",0.25,
"AUS","VIOLWOMEN","LAWRAPE","IDX","A","2014",0,
"AUS","VIOLWOMEN","LAWSEXHARASS","IDX","A","2014",0.5,
"AUT","VIOLWOMEN","LAWDOMVIOL","IDX","A","2014",0,
"AUT","VIOLWOMEN","LAWRAPE","IDX","A","2014",0,
"AUT","VIOLWOMEN","LAWSEXHARASS","IDX","A","2014",0,
"BEL","VIOLWOMEN","LAWDOMVIOL","IDX","A","2014",0,
"BEL","VIOLWOMEN","LAWRAPE","IDX","A","2014",0,
"BEL","VIOLWOMEN","LAWSEXHARASS","IDX","A","2014",0,
"CAN","VIOLWOMEN","LAWDOMVIOL","IDX","A","2014",0,
"CAN","VIOLWOMEN","LAWRAPE","IDX","A","2014",0,
"CAN","VIOLWOMEN","LAWSEXHARASS","IDX","A","2014",0,
"CZE","VIOLWOMEN","LAWDOMVIOL","IDX","A","2014",0,
"CZE","VIOLWOMEN","LAWRAPE","IDX","A","2014",0.75,
"CZE","VIOLWOMEN","LAWSEXHARASS","IDX","A","2014",0.25,
"DNK","VIOLWOMEN","LAWDOMVIOL","IDX","A","2014",0,
"DNK","VIOLWOMEN","LAWRAPE","IDX","A","2014",0.25,
"DNK","VIOLWOMEN","LAWSEXHARASS","IDX","A","2014",0,
"FIN","VIOLWOMEN","LAWDOMVIOL","IDX","A","2014",0.25,
"FIN","VIOLWOMEN","LAWRAPE","IDX","A","2014",0,
"FIN","VIOLWOMEN","LAWSEXHARASS","IDX","A","2014",0,
"FRA","VIOLWOMEN","LAWDOMVIOL","IDX","A","2014",0,
"FRA","VIOLWOMEN","LAWRAPE","IDX","A","2014",0,
"FRA","VIOLWOMEN","LAWSEXHARASS","IDX","A","2014",0,
"DEU","VIOLWOMEN","LAWDOMVIOL","IDX","A","2014",0.5,
"DEU","VIOLWOMEN","LAWRAPE","IDX","A","2014",0,
"DEU","VIOLWOMEN","LAWSEXHARASS","IDX","A","2014",0.25,
"GRC","VIOLWOMEN","LAWDOMVIOL","IDX","A","2014",0.25,
"GRC","VIOLWOMEN","LAWRAPE","IDX","A","2014",0,
"GRC","VIOLWOMEN","LAWSEXHARASS","IDX","A","2014",0,
"HUN","VIOLWOMEN","LAWDOMVIOL","IDX","A","2014",0.5,
"HUN","VIOLWOMEN","LAWRAPE","IDX","A","2014",0.5,
"HUN","VIOLWOMEN","LAWSEXHARASS","IDX","A","2014",0.5,
"ISL","VIOLWOMEN","LAWDOMVIOL","IDX","A","2014",0.5,
"ISL","VIOLWOMEN","LAWRAPE","IDX","A","2014",0.25,
"ISL","VIOLWOMEN","LAWSEXHARASS","IDX","A","2014",0,
"IRL","VIOLWOMEN","LAWDOMVIOL","IDX","A","2014",0,
"IRL","VIOLWOMEN","LAWRAPE","IDX","A","2014",0,
"IRL","VIOLWOMEN","LAWSEXHARASS","IDX","A","2014",0,
"ITA","VIOLWOMEN","LAWDOMVIOL","IDX","A","2014",0.25,
"ITA","VIOLWOMEN","LAWRAPE","IDX","A","2014",0,
"ITA","VIOLWOMEN","LAWSEXHARASS","IDX","A","2014",0.5,
"JPN","VIOLWOMEN","LAWDOMVIOL","IDX","A","2014",0.25,
"JPN","VIOLWOMEN","LAWRAPE","IDX","A","2014",0.5,
"JPN","VIOLWOMEN","LAWSEXHARASS","IDX","A","2014",0.5,
"KOR","VIOLWOMEN","LAWDOMVIOL","IDX","A","2014",0,
"KOR","VIOLWOMEN","LAWRAPE","IDX","A","2014",0.5,
"KOR","VIOLWOMEN","LAWSEXHARASS","IDX","A","2014",0,
"LUX","VIOLWOMEN","LAWDOMVIOL","IDX","A","2014",0,
"LUX","VIOLWOMEN","LAWRAPE","IDX","A","2014",0,
"LUX","VIOLWOMEN","LAWSEXHARASS","IDX","A","2014",0,
"MEX","VIOLWOMEN","LAWDOMVIOL","IDX","A","2014",0,
"MEX","VIOLWOMEN","LAWRAPE","IDX","A","2014",0,
"MEX","VIOLWOMEN","LAWSEXHARASS","IDX","A","2014",0.5,
"NLD","VIOLWOMEN","LAWDOMVIOL","IDX","A","2014",0.5,
"NLD","VIOLWOMEN","LAWRAPE","IDX","A","2014",0.25,
"NLD","VIOLWOMEN","LAWSEXHARASS","IDX","A","2014",0,
"NZL","VIOLWOMEN","LAWDOMVIOL","IDX","A","2014",0.25,
"NZL","VIOLWOMEN","LAWRAPE","IDX","A","2014",0,
"NZL","VIOLWOMEN","LAWSEXHARASS","IDX","A","2014",0,
"NOR","VIOLWOMEN","LAWDOMVIOL","IDX","A","2014",0,
"NOR","VIOLWOMEN","LAWRAPE","IDX","A","2014",0.5,
"NOR","VIOLWOMEN","LAWSEXHARASS","IDX","A","2014",0.25,
"POL","VIOLWOMEN","LAWDOMVIOL","IDX","A","2014",0.25,
"POL","VIOLWOMEN","LAWRAPE","IDX","A","2014",0,
"POL","VIOLWOMEN","LAWSEXHARASS","IDX","A","2014",0.25,
"PRT","VIOLWOMEN","LAWDOMVIOL","IDX","A","2014",0,
"PRT","VIOLWOMEN","LAWRAPE","IDX","A","2014",0.25,
"PRT","VIOLWOMEN","LAWSEXHARASS","IDX","A","2014",0,
"SVK","VIOLWOMEN","LAWDOMVIOL","IDX","A","2014",0.25,
"SVK","VIOLWOMEN","LAWRAPE","IDX","A","2014",0,
"SVK","VIOLWOMEN","LAWSEXHARASS","IDX","A","2014",0.5,
"ESP","VIOLWOMEN","LAWDOMVIOL","IDX","A","2014",0.25,
"ESP","VIOLWOMEN","LAWRAPE","IDX","A","2014",0,
"ESP","VIOLWOMEN","LAWSEXHARASS","IDX","A","2014",0,
"SWE","VIOLWOMEN","LAWDOMVIOL","IDX","A","2014",0,
"SWE","VIOLWOMEN","LAWRAPE","IDX","A","2014",0,
"SWE","VIOLWOMEN","LAWSEXHARASS","IDX","A","2014",0.25,
"CHE","VIOLWOMEN","LAWDOMVIOL","IDX","A","2014",0.5,
"CHE","VIOLWOMEN","LAWRAPE","IDX","A","2014",0,
"CHE","VIOLWOMEN","LAWSEXHARASS","IDX","A","2014",0,
"TUR","VIOLWOMEN","LAWDOMVIOL","IDX","A","2014",0.25,
"TUR","VIOLWOMEN","LAWRAPE","IDX","A","2014",0,
"TUR","VIOLWOMEN","LAWSEXHARASS","IDX","A","2014",0.25,
"GBR","VIOLWOMEN","LAWDOMVIOL","IDX","A","2014",0.25,
"GBR","VIOLWOMEN","LAWRAPE","IDX","A","2014",0,
"GBR","VIOLWOMEN","LAWSEXHARASS","IDX","A","2014",0,
"USA","VIOLWOMEN","LAWDOMVIOL","IDX","A","2014",0,
"USA","VIOLWOMEN","LAWRAPE","IDX","A","2014",0,
"USA","VIOLWOMEN","LAWSEXHARASS","IDX","A","2014",0,
"ALB","VIOLWOMEN","LAWDOMVIOL","IDX","A","2014",0.25,
"ALB","VIOLWOMEN","LAWRAPE","IDX","A","2014",0.5,
"ALB","VIOLWOMEN","LAWSEXHARASS","IDX","A","2014",0.25,
"DZA","VIOLWOMEN","LAWDOMVIOL","IDX","A","2014",0.75,
"DZA","VIOLWOMEN","LAWRAPE","IDX","A","2014",0.75,
"DZA","VIOLWOMEN","LAWSEXHARASS","IDX","A","2014",0.5,
"ARG","VIOLWOMEN","LAWDOMVIOL","IDX","A","2014",0,
"ARG","VIOLWOMEN","LAWRAPE","IDX","A","2014",0.25,
"ARG","VIOLWOMEN","LAWSEXHARASS","IDX","A","2014",0.25,
"ARM","VIOLWOMEN","LAWDOMVIOL","IDX","A","2014",1,
"ARM","VIOLWOMEN","LAWRAPE","IDX","A","2014",0.75,
"ARM","VIOLWOMEN","LAWSEXHARASS","IDX","A","2014",0.5,
"AZE","VIOLWOMEN","LAWDOMVIOL","IDX","A","2014",0.25,
"AZE","VIOLWOMEN","LAWRAPE","IDX","A","2014",0.5,
"AZE","VIOLWOMEN","LAWSEXHARASS","IDX","A","2014",0.5,
"BGD","VIOLWOMEN","LAWDOMVIOL","IDX","A","2014",0.25,
"BGD","VIOLWOMEN","LAWRAPE","IDX","A","2014",0.75,
"BGD","VIOLWOMEN","LAWSEXHARASS","IDX","A","2014",0.25,
"BLR","VIOLWOMEN","LAWDOMVIOL","IDX","A","2014",0.25,
"BLR","VIOLWOMEN","LAWRAPE","IDX","A","2014",0.5,
"BLR","VIOLWOMEN","LAWSEXHARASS","IDX","A","2014",1,
"BIH","VIOLWOMEN","LAWDOMVIOL","IDX","A","2014",0.25,
"BIH","VIOLWOMEN","LAWRAPE","IDX","A","2014",0.5,
"BIH","VIOLWOMEN","LAWSEXHARASS","IDX","A","2014",0,
"BRA","VIOLWOMEN","LAWDOMVIOL","IDX","A","2014",0.25,
"BRA","VIOLWOMEN","LAWRAPE","IDX","A","2014",0.25,
"BRA","VIOLWOMEN","LAWSEXHARASS","IDX","A","2014",0,
"BGR","VIOLWOMEN","LAWDOMVIOL","IDX","A","2014",0.25,
"BGR","VIOLWOMEN","LAWRAPE","IDX","A","2014",0.75,
"BGR","VIOLWOMEN","LAWSEXHARASS","IDX","A","2014",0.25,
"KHM","VIOLWOMEN","LAWDOMVIOL","IDX","A","2014",0.25,
"KHM","VIOLWOMEN","LAWRAPE","IDX","A","2014",0.5,
"KHM","VIOLWOMEN","LAWSEXHARASS","IDX","A","2014",0.25,
"CHL","VIOLWOMEN","LAWDOMVIOL","IDX","A","2014",0,
"CHL","VIOLWOMEN","LAWRAPE","IDX","A","2014",0,
"CHL","VIOLWOMEN","LAWSEXHARASS","IDX","A","2014",0,
"CHN","VIOLWOMEN","LAWDOMVIOL","IDX","A","2014",0.5,
"CHN","VIOLWOMEN","LAWRAPE","IDX","A","2014",0.5,
"CHN","VIOLWOMEN","LAWSEXHARASS","IDX","A","2014",0.25,
"COL","VIOLWOMEN","LAWDOMVIOL","IDX","A","2014",0,
"COL","VIOLWOMEN","LAWRAPE","IDX","A","2014",0.25,
"COL","VIOLWOMEN","LAWSEXHARASS","IDX","A","2014",0,
"HRV","VIOLWOMEN","LAWDOMVIOL","IDX","A","2014",0.25,
"HRV","VIOLWOMEN","LAWRAPE","IDX","A","2014",0,
"HRV","VIOLWOMEN","LAWSEXHARASS","IDX","A","2014",0,
"CYP","VIOLWOMEN","LAWDOMVIOL","IDX","A","2014",0.5,
"CYP","VIOLWOMEN","LAWRAPE","IDX","A","2014",0.25,
"CYP","VIOLWOMEN","LAWSEXHARASS","IDX","A","2014",0,
"EGY","VIOLWOMEN","LAWDOMVIOL","IDX","A","2014",1,
"EGY","VIOLWOMEN","LAWRAPE","IDX","A","2014",0.5,
"EGY","VIOLWOMEN","LAWSEXHARASS","IDX","A","2014",0.75,
"EST","VIOLWOMEN","LAWDOMVIOL","IDX","A","2014",0,
"EST","VIOLWOMEN","LAWRAPE","IDX","A","2014",0,
"EST","VIOLWOMEN","LAWSEXHARASS","IDX","A","2014",0.5,
"ETH","VIOLWOMEN","LAWDOMVIOL","IDX","A","2014",0.25,
"ETH","VIOLWOMEN","LAWRAPE","IDX","A","2014",0.5,
"ETH","VIOLWOMEN","LAWSEXHARASS","IDX","A","2014",0.75,
"GEO","VIOLWOMEN","LAWDOMVIOL","IDX","A","2014",0.25,
"GEO","VIOLWOMEN","LAWRAPE","IDX","A","2014",0,
"GEO","VIOLWOMEN","LAWSEXHARASS","IDX","A","2014",0.5,
"GHA","VIOLWOMEN","LAWDOMVIOL","IDX","A","2014",0.25,
"GHA","VIOLWOMEN","LAWRAPE","IDX","A","2014",0.5,
"GHA","VIOLWOMEN","LAWSEXHARASS","IDX","A","2014",1,
"HTI","VIOLWOMEN","LAWDOMVIOL","IDX","A","2014",0.75,
"HTI","VIOLWOMEN","LAWRAPE","IDX","A","2014",0.5,
"HTI","VIOLWOMEN","LAWSEXHARASS","IDX","A","2014",1,
"HKG","VIOLWOMEN","LAWDOMVIOL","IDX","A","2014",0.5,
"HKG","VIOLWOMEN","LAWRAPE","IDX","A","2014",0,
"HKG","VIOLWOMEN","LAWSEXHARASS","IDX","A","2014",0.5,
"IND","VIOLWOMEN","LAWDOMVIOL","IDX","A","2014",0.25,
"IND","VIOLWOMEN","LAWRAPE","IDX","A","2014",0.5,
"IND","VIOLWOMEN","LAWSEXHARASS","IDX","A","2014",0,
"IDN","VIOLWOMEN","LAWDOMVIOL","IDX","A","2014",0.5,
"IDN","VIOLWOMEN","LAWRAPE","IDX","A","2014",0.5,
"IDN","VIOLWOMEN","LAWSEXHARASS","IDX","A","2014",0.5,
"IRN","VIOLWOMEN","LAWDOMVIOL","IDX","A","2014",1,
"IRN","VIOLWOMEN","LAWRAPE","IDX","A","2014",0.75,
"IRN","VIOLWOMEN","LAWSEXHARASS","IDX","A","2014",0.5,
"ISR","VIOLWOMEN","LAWDOMVIOL","IDX","A","2014",0.25,
"ISR","VIOLWOMEN","LAWRAPE","IDX","A","2014",0,
"ISR","VIOLWOMEN","LAWSEXHARASS","IDX","A","2014",0,
"KAZ","VIOLWOMEN","LAWDOMVIOL","IDX","A","2014",0.25,
"KAZ","VIOLWOMEN","LAWRAPE","IDX","A","2014",0.5,
"KAZ","VIOLWOMEN","LAWSEXHARASS","IDX","A","2014",1,
"LVA","VIOLWOMEN","LAWDOMVIOL","IDX","A","2014",0.5,
"LVA","VIOLWOMEN","LAWRAPE","IDX","A","2014",0.5,
"LVA","VIOLWOMEN","LAWSEXHARASS","IDX","A","2014",0.5,
"LTU","VIOLWOMEN","LAWDOMVIOL","IDX","A","2014",0.25,
"LTU","VIOLWOMEN","LAWRAPE","IDX","A","2014",0.5,
"LTU","VIOLWOMEN","LAWSEXHARASS","IDX","A","2014",0.5,
"MKD","VIOLWOMEN","LAWDOMVIOL","IDX","A","2014",0.5,
"MKD","VIOLWOMEN","LAWRAPE","IDX","A","2014",0.5,
"MKD","VIOLWOMEN","LAWSEXHARASS","IDX","A","2014",0.25,
"MYS","VIOLWOMEN","LAWDOMVIOL","IDX","A","2014",0.5,
"MYS","VIOLWOMEN","LAWRAPE","IDX","A","2014",0.5,
"MYS","VIOLWOMEN","LAWSEXHARASS","IDX","A","2014",0.5,
"MDA","VIOLWOMEN","LAWDOMVIOL","IDX","A","2014",0.25,
"MDA","VIOLWOMEN","LAWRAPE","IDX","A","2014",0.5,
"MDA","VIOLWOMEN","LAWSEXHARASS","IDX","A","2014",0.5,
"MOZ","VIOLWOMEN","LAWDOMVIOL","IDX","A","2014",0,
"MOZ","VIOLWOMEN","LAWRAPE","IDX","A","2014",0,
"MOZ","VIOLWOMEN","LAWSEXHARASS","IDX","A","2014",0,
"NGA","VIOLWOMEN","LAWDOMVIOL","IDX","A","2014",0.5,
"NGA","VIOLWOMEN","LAWRAPE","IDX","A","2014",0.5,
"NGA","VIOLWOMEN","LAWSEXHARASS","IDX","A","2014",1,
"PAK","VIOLWOMEN","LAWDOMVIOL","IDX","A","2014",0.75,
"PAK","VIOLWOMEN","LAWRAPE","IDX","A","2014",0.75,
"PAK","VIOLWOMEN","LAWSEXHARASS","IDX","A","2014",0,
"PRY","VIOLWOMEN","LAWDOMVIOL","IDX","A","2014",0.5,
"PRY","VIOLWOMEN","LAWRAPE","IDX","A","2014",0,
"PRY","VIOLWOMEN","LAWSEXHARASS","IDX","A","2014",0,
"PER","VIOLWOMEN","LAWDOMVIOL","IDX","A","2014",0,
"PER","VIOLWOMEN","LAWRAPE","IDX","A","2014",0.25,
"PER","VIOLWOMEN","LAWSEXHARASS","IDX","A","2014",0,
"PHL","VIOLWOMEN","LAWDOMVIOL","IDX","A","2014",0,
"PHL","VIOLWOMEN","LAWRAPE","IDX","A","2014",0.5,
"PHL","VIOLWOMEN","LAWSEXHARASS","IDX","A","2014",0.5,
"ROU","VIOLWOMEN","LAWDOMVIOL","IDX","A","2014",0.25,
"ROU","VIOLWOMEN","LAWRAPE","IDX","A","2014",0.5,
"ROU","VIOLWOMEN","LAWSEXHARASS","IDX","A","2014",0.5,
"RUS","VIOLWOMEN","LAWDOMVIOL","IDX","A","2014",0.75,
"RUS","VIOLWOMEN","LAWRAPE","IDX","A","2014",0.75,
"RUS","VIOLWOMEN","LAWSEXHARASS","IDX","A","2014",0.75,
"SAU","VIOLWOMEN","LAWDOMVIOL","IDX","A","2014",0.5,
"SAU","VIOLWOMEN","LAWRAPE","IDX","A","2014",1,
"SAU","VIOLWOMEN","LAWSEXHARASS","IDX","A","2014",1,
"SGP","VIOLWOMEN","LAWDOMVIOL","IDX","A","2014",0.5,
"SGP","VIOLWOMEN","LAWRAPE","IDX","A","2014",0.25,
"SGP","VIOLWOMEN","LAWSEXHARASS","IDX","A","2014",0.5,
"SVN","VIOLWOMEN","LAWDOMVIOL","IDX","A","2014",0,
"SVN","VIOLWOMEN","LAWRAPE","IDX","A","2014",0.5,
"SVN","VIOLWOMEN","LAWSEXHARASS","IDX","A","2014",0.25,
"ZAF","VIOLWOMEN","LAWDOMVIOL","IDX","A","2014",0.25,
"ZAF","VIOLWOMEN","LAWRAPE","IDX","A","2014",0.25,
"ZAF","VIOLWOMEN","LAWSEXHARASS","IDX","A","2014",0.5,
"SDN","VIOLWOMEN","LAWDOMVIOL","IDX","A","2014",1,
"SDN","VIOLWOMEN","LAWRAPE","IDX","A","2014",0.75,
"SDN","VIOLWOMEN","LAWSEXHARASS","IDX","A","2014",1,
"TZA","VIOLWOMEN","LAWDOMVIOL","IDX","A","2014",0.5,
"TZA","VIOLWOMEN","LAWRAPE","IDX","A","2014",0.25,
"TZA","VIOLWOMEN","LAWSEXHARASS","IDX","A","2014",0.5,
"THA","VIOLWOMEN","LAWDOMVIOL","IDX","A","2014",0.5,
"THA","VIOLWOMEN","LAWRAPE","IDX","A","2014",0.5,
"THA","VIOLWOMEN","LAWSEXHARASS","IDX","A","2014",0.5,
"UKR","VIOLWOMEN","LAWDOMVIOL","IDX","A","2014",0.25,
"UKR","VIOLWOMEN","LAWRAPE","IDX","A","2014",0.5,
"UKR","VIOLWOMEN","LAWSEXHARASS","IDX","A","2014",0.5,
"ARE","VIOLWOMEN","LAWDOMVIOL","IDX","A","2014",1,
"ARE","VIOLWOMEN","LAWRAPE","IDX","A","2014",0.75,
"ARE","VIOLWOMEN","LAWSEXHARASS","IDX","A","2014",0.5,
"URY","VIOLWOMEN","LAWDOMVIOL","IDX","A","2014",0.5,
"URY","VIOLWOMEN","LAWRAPE","IDX","A","2014",0.5,
"URY","VIOLWOMEN","LAWSEXHARASS","IDX","A","2014",0.25,
"VNM","VIOLWOMEN","LAWDOMVIOL","IDX","A","2014",0.25,
"VNM","VIOLWOMEN","LAWRAPE","IDX","A","2014",0.5,
"VNM","VIOLWOMEN","LAWSEXHARASS","IDX","A","2014",0.25,
"ZMB","VIOLWOMEN","LAWDOMVIOL","IDX","A","2014",1,
"ZMB","VIOLWOMEN","LAWRAPE","IDX","A","2014",0.5,
"ZMB","VIOLWOMEN","LAWSEXHARASS","IDX","A","2014",0.5,
"SRB","VIOLWOMEN","LAWDOMVIOL","IDX","A","2014",0.25,
"SRB","VIOLWOMEN","LAWRAPE","IDX","A","2014",0.5,
"SRB","VIOLWOMEN","LAWSEXHARASS","IDX","A","2014",0.25,
"AUS","VIOLWOMEN","ATTITUDEVIOL","PC","A","2014",4,
"AUS","VIOLWOMEN","ATTITUDEVIOL","PC","A","2019",3,
"AUS","VIOLWOMEN","PREVVIOLLIFETIME","PC","A","2014",25,
"AUT","VIOLWOMEN","PREVVIOLLIFETIME","PC","A","2014",13,
"BEL","VIOLWOMEN","PREVVIOLLIFETIME","PC","A","2014",24,
"CAN","VIOLWOMEN","ATTITUDEVIOL","PC","A","2014",6,
"CAN","VIOLWOMEN","ATTITUDEVIOL","PC","A","2019",8,
"CAN","VIOLWOMEN","PREVVIOLLIFETIME","PC","A","2014",6,
"CZE","VIOLWOMEN","PREVVIOLLIFETIME","PC","A","2014",21,
"DNK","VIOLWOMEN","PREVVIOLLIFETIME","PC","A","2014",32,
"FIN","VIOLWOMEN","ATTITUDEVIOL","PC","A","2014",11,
"FIN","VIOLWOMEN","ATTITUDEVIOL","PC","A","2019",11,
"FIN","VIOLWOMEN","PREVVIOLLIFETIME","PC","A","2014",30,
"FRA","VIOLWOMEN","ATTITUDEVIOL","PC","A","2014",7,
"FRA","VIOLWOMEN","ATTITUDEVIOL","PC","A","2019",7,
"FRA","VIOLWOMEN","PREVVIOLLIFETIME","PC","A","2014",26,
"DEU","VIOLWOMEN","ATTITUDEVIOL","PC","A","2014",20,
"DEU","VIOLWOMEN","ATTITUDEVIOL","PC","A","2019",20,
"DEU","VIOLWOMEN","PREVVIOLLIFETIME","PC","A","2014",22,
"GRC","VIOLWOMEN","PREVVIOLLIFETIME","PC","A","2014",19,
"HUN","VIOLWOMEN","ATTITUDEVIOL","PC","A","2014",9,
"HUN","VIOLWOMEN","ATTITUDEVIOL","PC","A","2019",9,
"HUN","VIOLWOMEN","PREVVIOLLIFETIME","PC","A","2014",21,
"ISL","VIOLWOMEN","PREVVIOLLIFETIME","PC","A","2014",22,
"IRL","VIOLWOMEN","PREVVIOLLIFETIME","PC","A","2014",15,
"ITA","VIOLWOMEN","ATTITUDEVIOL","PC","A","2014",7,
"ITA","VIOLWOMEN","ATTITUDEVIOL","PC","A","2019",5,
"ITA","VIOLWOMEN","PREVVIOLLIFETIME","PC","A","2014",19,
"JPN","VIOLWOMEN","ATTITUDEVIOL","PC","A","2014",14,
"JPN","VIOLWOMEN","ATTITUDEVIOL","PC","A","2019",9,
"JPN","VIOLWOMEN","PREVVIOLLIFETIME","PC","A","2014",15,
"KOR","VIOLWOMEN","ATTITUDEVIOL","PC","A","2014",19,
"KOR","VIOLWOMEN","ATTITUDEVIOL","PC","A","2019",18,
"LUX","VIOLWOMEN","PREVVIOLLIFETIME","PC","A","2014",22,
"MEX","VIOLWOMEN","ATTITUDEVIOL","PC","A","2014",16,
"MEX","VIOLWOMEN","ATTITUDEVIOL","PC","A","2019",5,
"MEX","VIOLWOMEN","PREVVIOLLIFETIME","PC","A","2014",47,
"NLD","VIOLWOMEN","ATTITUDEVIOL","PC","A","2014",9,
"NLD","VIOLWOMEN","ATTITUDEVIOL","PC","A","2019",6,
"NLD","VIOLWOMEN","PREVVIOLLIFETIME","PC","A","2014",25,
"NZL","VIOLWOMEN","ATTITUDEVIOL","PC","A","2014",9,
"NZL","VIOLWOMEN","ATTITUDEVIOL","PC","A","2019",8,
"NZL","VIOLWOMEN","PREVVIOLLIFETIME","PC","A","2014",33,
"NOR","VIOLWOMEN","ATTITUDEVIOL","PC","A","2014",11,
"NOR","VIOLWOMEN","ATTITUDEVIOL","PC","A","2019",10,
"NOR","VIOLWOMEN","PREVVIOLLIFETIME","PC","A","2014",27,
"POL","VIOLWOMEN","ATTITUDEVIOL","PC","A","2014",10,
"POL","VIOLWOMEN","ATTITUDEVIOL","PC","A","2019",8,
"POL","VIOLWOMEN","PREVVIOLLIFETIME","PC","A","2014",13,
"PRT","VIOLWOMEN","PREVVIOLLIFETIME","PC","A","2014",19,
"SVK","VIOLWOMEN","PREVVIOLLIFETIME","PC","A","2014",23,
"ESP","VIOLWOMEN","ATTITUDEVIOL","PC","A","2014",10,
"ESP","VIOLWOMEN","ATTITUDEVIOL","PC","A","2019",10,
"ESP","VIOLWOMEN","PREVVIOLLIFETIME","PC","A","2014",13,
"SWE","VIOLWOMEN","ATTITUDEVIOL","PC","A","2014",12,
"SWE","VIOLWOMEN","ATTITUDEVIOL","PC","A","2019",10,
"SWE","VIOLWOMEN","PREVVIOLLIFETIME","PC","A","2014",28,
"CHE","VIOLWOMEN","ATTITUDEVIOL","PC","A","2014",16,
"CHE","VIOLWOMEN","ATTITUDEVIOL","PC","A","2019",15,
"CHE","VIOLWOMEN","PREVVIOLLIFETIME","PC","A","2014",10,
"TUR","VIOLWOMEN","ATTITUDEVIOL","PC","A","2014",25,
"TUR","VIOLWOMEN","ATTITUDEVIOL","PC","A","2019",13,
"TUR","VIOLWOMEN","PREVVIOLLIFETIME","PC","A","2014",42,
"GBR","VIOLWOMEN","ATTITUDEVIOL","PC","A","2014",12,
"GBR","VIOLWOMEN","ATTITUDEVIOL","PC","A","2019",10,
"GBR","VIOLWOMEN","PREVVIOLLIFETIME","PC","A","2014",29,
"USA","VIOLWOMEN","ATTITUDEVIOL","PC","A","2014",13,
"USA","VIOLWOMEN","ATTITUDEVIOL","PC","A","2019",11,
"USA","VIOLWOMEN","PREVVIOLLIFETIME","PC","A","2014",36,
"ALB","VIOLWOMEN","ATTITUDEVIOL","PC","A","2014",30,
"ALB","VIOLWOMEN","ATTITUDEVIOL","PC","A","2019",30,
"ALB","VIOLWOMEN","PREVVIOLLIFETIME","PC","A","2014",31,
"DZA","VIOLWOMEN","ATTITUDEVIOL","PC","A","2014",52,
"DZA","VIOLWOMEN","ATTITUDEVIOL","PC","A","2019",48,
"ARG","VIOLWOMEN","ATTITUDEVIOL","PC","A","2014",4,
"ARG","VIOLWOMEN","ATTITUDEVIOL","PC","A","2019",12,
"ARM","VIOLWOMEN","ATTITUDEVIOL","PC","A","2014",9,
"ARM","VIOLWOMEN","ATTITUDEVIOL","PC","A","2019",10,
"ARM","VIOLWOMEN","PREVVIOLLIFETIME","PC","A","2014",10,
"AZE","VIOLWOMEN","ATTITUDEVIOL","PC","A","2014",22,
"AZE","VIOLWOMEN","ATTITUDEVIOL","PC","A","2019",28,
"AZE","VIOLWOMEN","PREVVIOLLIFETIME","PC","A","2014",14,
"BGD","VIOLWOMEN","ATTITUDEVIOL","PC","A","2014",33,
"BGD","VIOLWOMEN","ATTITUDEVIOL","PC","A","2019",28,
"BGD","VIOLWOMEN","PREVVIOLLIFETIME","PC","A","2014",53,
"BLR","VIOLWOMEN","ATTITUDEVIOL","PC","A","2014",4,
"BLR","VIOLWOMEN","ATTITUDEVIOL","PC","A","2019",4,
"BLR","VIOLWOMEN","PREVVIOLLIFETIME","PC","A","2014",25,
"BIH","VIOLWOMEN","ATTITUDEVIOL","PC","A","2014",5,
"BIH","VIOLWOMEN","ATTITUDEVIOL","PC","A","2019",5,
"BRA","VIOLWOMEN","ATTITUDEVIOL","PC","A","2014",15,
"BRA","VIOLWOMEN","ATTITUDEVIOL","PC","A","2019",9,
"BRA","VIOLWOMEN","PREVVIOLLIFETIME","PC","A","2014",31,
"BGR","VIOLWOMEN","ATTITUDEVIOL","PC","A","2014",21,
"BGR","VIOLWOMEN","ATTITUDEVIOL","PC","A","2019",18,
"BGR","VIOLWOMEN","PREVVIOLLIFETIME","PC","A","2014",23,
"KHM","VIOLWOMEN","ATTITUDEVIOL","PC","A","2014",46,
"KHM","VIOLWOMEN","ATTITUDEVIOL","PC","A","2019",50,
"KHM","VIOLWOMEN","PREVVIOLLIFETIME","PC","A","2014",14,
"CHL","VIOLWOMEN","ATTITUDEVIOL","PC","A","2014",12,
"CHL","VIOLWOMEN","ATTITUDEVIOL","PC","A","2019",10,
"CHL","VIOLWOMEN","PREVVIOLLIFETIME","PC","A","2014",36,
"CHN","VIOLWOMEN","ATTITUDEVIOL","PC","A","2014",49,
"CHN","VIOLWOMEN","ATTITUDEVIOL","PC","A","2019",33,
"CHN","VIOLWOMEN","PREVVIOLLIFETIME","PC","A","2014",15,
"COL","VIOLWOMEN","ATTITUDEVIOL","PC","A","2014",11,
"COL","VIOLWOMEN","ATTITUDEVIOL","PC","A","2019",11,
"COL","VIOLWOMEN","PREVVIOLLIFETIME","PC","A","2014",39,
"HRV","VIOLWOMEN","PREVVIOLLIFETIME","PC","A","2014",13,
"CYP","VIOLWOMEN","PREVVIOLLIFETIME","PC","A","2014",15,
"EGY","VIOLWOMEN","ATTITUDEVIOL","PC","A","2014",39,
"EGY","VIOLWOMEN","ATTITUDEVIOL","PC","A","2019",36,
"EGY","VIOLWOMEN","PREVVIOLLIFETIME","PC","A","2014",34,
"EST","VIOLWOMEN","ATTITUDEVIOL","PC","A","2014",18,
"EST","VIOLWOMEN","ATTITUDEVIOL","PC","A","2019",17,
"EST","VIOLWOMEN","PREVVIOLLIFETIME","PC","A","2014",20,
"ETH","VIOLWOMEN","ATTITUDEVIOL","PC","A","2014",68,
"ETH","VIOLWOMEN","ATTITUDEVIOL","PC","A","2019",63,
"ETH","VIOLWOMEN","PREVVIOLLIFETIME","PC","A","2014",71,
"GEO","VIOLWOMEN","ATTITUDEVIOL","PC","A","2014",9,
"GEO","VIOLWOMEN","ATTITUDEVIOL","PC","A","2019",9,
"GEO","VIOLWOMEN","PREVVIOLLIFETIME","PC","A","2014",50,
"GHA","VIOLWOMEN","ATTITUDEVIOL","PC","A","2014",44,
"GHA","VIOLWOMEN","ATTITUDEVIOL","PC","A","2019",28,
"GHA","VIOLWOMEN","PREVVIOLLIFETIME","PC","A","2014",23,
"HTI","VIOLWOMEN","ATTITUDEVIOL","PC","A","2014",29,
"HTI","VIOLWOMEN","ATTITUDEVIOL","PC","A","2019",59,
"HTI","VIOLWOMEN","PREVVIOLLIFETIME","PC","A","2014",20,
"HKG","VIOLWOMEN","PREVVIOLLIFETIME","PC","A","2014",9,
"IND","VIOLWOMEN","ATTITUDEVIOL","PC","A","2014",45,
"IND","VIOLWOMEN","ATTITUDEVIOL","PC","A","2019",22,
"IND","VIOLWOMEN","PREVVIOLLIFETIME","PC","A","2014",37,
"IDN","VIOLWOMEN","ATTITUDEVIOL","PC","A","2014",31,
"IDN","VIOLWOMEN","ATTITUDEVIOL","PC","A","2019",34,
"IRN","VIOLWOMEN","ATTITUDEVIOL","PC","A","2014",21,
"IRN","VIOLWOMEN","ATTITUDEVIOL","PC","A","2019",21,
"KAZ","VIOLWOMEN","ATTITUDEVIOL","PC","A","2014",12,
"KAZ","VIOLWOMEN","ATTITUDEVIOL","PC","A","2019",14,
"LVA","VIOLWOMEN","PREVVIOLLIFETIME","PC","A","2014",32,
"LTU","VIOLWOMEN","PREVVIOLLIFETIME","PC","A","2014",24,
"MKD","VIOLWOMEN","ATTITUDEVIOL","PC","A","2014",15,
"MKD","VIOLWOMEN","ATTITUDEVIOL","PC","A","2019",14,
"MKD","VIOLWOMEN","PREVVIOLLIFETIME","PC","A","2014",18,
"MYS","VIOLWOMEN","ATTITUDEVIOL","PC","A","2014",42,
"MYS","VIOLWOMEN","ATTITUDEVIOL","PC","A","2019",41,
"MDA","VIOLWOMEN","ATTITUDEVIOL","PC","A","2014",22,
"MDA","VIOLWOMEN","ATTITUDEVIOL","PC","A","2019",11,
"MDA","VIOLWOMEN","PREVVIOLLIFETIME","PC","A","2014",25,
"MOZ","VIOLWOMEN","ATTITUDEVIOL","PC","A","2014",36,
"MOZ","VIOLWOMEN","ATTITUDEVIOL","PC","A","2019",23,
"MOZ","VIOLWOMEN","PREVVIOLLIFETIME","PC","A","2014",32,
"NGA","VIOLWOMEN","ATTITUDEVIOL","PC","A","2014",43,
"NGA","VIOLWOMEN","ATTITUDEVIOL","PC","A","2019",35,
"NGA","VIOLWOMEN","PREVVIOLLIFETIME","PC","A","2014",18,
"PAK","VIOLWOMEN","ATTITUDEVIOL","PC","A","2014",43,
"PAK","VIOLWOMEN","ATTITUDEVIOL","PC","A","2019",42,
"PAK","VIOLWOMEN","PREVVIOLLIFETIME","PC","A","2014",39,
"PRY","VIOLWOMEN","PREVVIOLLIFETIME","PC","A","2014",18,
"PER","VIOLWOMEN","ATTITUDEVIOL","PC","A","2014",34,
"PER","VIOLWOMEN","ATTITUDEVIOL","PC","A","2019",32,
"PER","VIOLWOMEN","PREVVIOLLIFETIME","PC","A","2014",36,
"PHL","VIOLWOMEN","ATTITUDEVIOL","PC","A","2014",14,
"PHL","VIOLWOMEN","ATTITUDEVIOL","PC","A","2019",13,
"PHL","VIOLWOMEN","PREVVIOLLIFETIME","PC","A","2014",18,
"ROU","VIOLWOMEN","ATTITUDEVIOL","PC","A","2014",11,
"ROU","VIOLWOMEN","ATTITUDEVIOL","PC","A","2019",8,
"ROU","VIOLWOMEN","PREVVIOLLIFETIME","PC","A","2014",24,
"RUS","VIOLWOMEN","ATTITUDEVIOL","PC","A","2014",25,
"RUS","VIOLWOMEN","ATTITUDEVIOL","PC","A","2019",23,
"RUS","VIOLWOMEN","PREVVIOLLIFETIME","PC","A","2014",21,
"SGP","VIOLWOMEN","ATTITUDEVIOL","PC","A","2014",41,
"SGP","VIOLWOMEN","ATTITUDEVIOL","PC","A","2019",41,
"SVN","VIOLWOMEN","ATTITUDEVIOL","PC","A","2014",17,
"SVN","VIOLWOMEN","ATTITUDEVIOL","PC","A","2019",16,
"SVN","VIOLWOMEN","PREVVIOLLIFETIME","PC","A","2014",13,
"ZAF","VIOLWOMEN","ATTITUDEVIOL","PC","A","2014",34,
"ZAF","VIOLWOMEN","ATTITUDEVIOL","PC","A","2019",61,
"ZAF","VIOLWOMEN","PREVVIOLLIFETIME","PC","A","2014",13,
"SDN","VIOLWOMEN","ATTITUDEVIOL","PC","A","2014",47,
"SDN","VIOLWOMEN","ATTITUDEVIOL","PC","A","2019",34,
"SDN","VIOLWOMEN","PREVVIOLLIFETIME","PC","A","2014",46,
"TZA","VIOLWOMEN","ATTITUDEVIOL","PC","A","2014",54,
"TZA","VIOLWOMEN","ATTITUDEVIOL","PC","A","2019",58,
"TZA","VIOLWOMEN","PREVVIOLLIFETIME","PC","A","2014",44,
"THA","VIOLWOMEN","ATTITUDEVIOL","PC","A","2014",61,
"THA","VIOLWOMEN","ATTITUDEVIOL","PC","A","2019",9,
"THA","VIOLWOMEN","PREVVIOLLIFETIME","PC","A","2014",44,
"UKR","VIOLWOMEN","ATTITUDEVIOL","PC","A","2014",22,
"UKR","VIOLWOMEN","ATTITUDEVIOL","PC","A","2019",3,
"UKR","VIOLWOMEN","PREVVIOLLIFETIME","PC","A","2014",13,
"URY","VIOLWOMEN","ATTITUDEVIOL","PC","A","2014",9,
"URY","VIOLWOMEN","ATTITUDEVIOL","PC","A","2019",1,
"VNM","VIOLWOMEN","ATTITUDEVIOL","PC","A","2014",36,
"VNM","VIOLWOMEN","ATTITUDEVIOL","PC","A","2019",28,
"VNM","VIOLWOMEN","PREVVIOLLIFETIME","PC","A","2014",34,
"ZMB","VIOLWOMEN","ATTITUDEVIOL","PC","A","2014",62,
"ZMB","VIOLWOMEN","ATTITUDEVIOL","PC","A","2019",47,
"ZMB","VIOLWOMEN","PREVVIOLLIFETIME","PC","A","2014",50,
"SRB","VIOLWOMEN","ATTITUDEVIOL","PC","A","2014",11,
"SRB","VIOLWOMEN","ATTITUDEVIOL","PC","A","2019",4,
"SRB","VIOLWOMEN","PREVVIOLLIFETIME","PC","A","2014",24,
"AFG","VIOLWOMEN","LAWDOMVIOL","IDX","A","2014",0.5,
"AFG","VIOLWOMEN","LAWRAPE","IDX","A","2014",0.5,
"AFG","VIOLWOMEN","LAWSEXHARASS","IDX","A","2014",1,
"AFG","VIOLWOMEN","ATTITUDEVIOL","PC","A","2014",90,
"AFG","VIOLWOMEN","ATTITUDEVIOL","PC","A","2019",80,
"AGO","VIOLWOMEN","LAWDOMVIOL","IDX","A","2014",0,
"AGO","VIOLWOMEN","LAWRAPE","IDX","A","2014",0.25,
"AGO","VIOLWOMEN","LAWSEXHARASS","IDX","A","2014",1,
"AGO","VIOLWOMEN","PREVVIOLLIFETIME","PC","A","2014",78,
"BHR","VIOLWOMEN","LAWDOMVIOL","IDX","A","2014",0.75,
"BHR","VIOLWOMEN","LAWRAPE","IDX","A","2014",0.75,
"BHR","VIOLWOMEN","LAWSEXHARASS","IDX","A","2014",0.5,
"BEN","VIOLWOMEN","LAWDOMVIOL","IDX","A","2014",0.25,
"BEN","VIOLWOMEN","LAWRAPE","IDX","A","2014",0.5,
"BEN","VIOLWOMEN","LAWSEXHARASS","IDX","A","2014",0.25,
"BEN","VIOLWOMEN","ATTITUDEVIOL","PC","A","2014",16,
"BEN","VIOLWOMEN","ATTITUDEVIOL","PC","A","2019",36,
"BTN","VIOLWOMEN","LAWDOMVIOL","IDX","A","2014",0,
"BTN","VIOLWOMEN","LAWRAPE","IDX","A","2014",0.5,
"BTN","VIOLWOMEN","LAWSEXHARASS","IDX","A","2014",0.25,
"BTN","VIOLWOMEN","ATTITUDEVIOL","PC","A","2014",68,
"BTN","VIOLWOMEN","ATTITUDEVIOL","PC","A","2019",68,
"BOL","VIOLWOMEN","LAWDOMVIOL","IDX","A","2014",0,
"BOL","VIOLWOMEN","LAWRAPE","IDX","A","2014",0.25,
"BOL","VIOLWOMEN","LAWSEXHARASS","IDX","A","2014",0,
"BOL","VIOLWOMEN","ATTITUDEVIOL","PC","A","2014",16,
"BOL","VIOLWOMEN","ATTITUDEVIOL","PC","A","2019",16,
"BOL","VIOLWOMEN","PREVVIOLLIFETIME","PC","A","2014",64,
"BWA","VIOLWOMEN","LAWDOMVIOL","IDX","A","2014",0.25,
"BWA","VIOLWOMEN","LAWRAPE","IDX","A","2014",0.5,
"BWA","VIOLWOMEN","LAWSEXHARASS","IDX","A","2014",0.5,
"BWA","VIOLWOMEN","ATTITUDEVIOL","PC","A","2014",17,
"BFA","VIOLWOMEN","LAWDOMVIOL","IDX","A","2014",1,
"BFA","VIOLWOMEN","LAWRAPE","IDX","A","2014",0.5,
"BFA","VIOLWOMEN","LAWSEXHARASS","IDX","A","2014",0.5,
"BFA","VIOLWOMEN","ATTITUDEVIOL","PC","A","2014",44,
"BFA","VIOLWOMEN","ATTITUDEVIOL","PC","A","2019",44,
"BFA","VIOLWOMEN","PREVVIOLLIFETIME","PC","A","2014",15,
"BDI","VIOLWOMEN","LAWDOMVIOL","IDX","A","2014",0.25,
"BDI","VIOLWOMEN","LAWRAPE","IDX","A","2014",0.25,
"BDI","VIOLWOMEN","LAWSEXHARASS","IDX","A","2014",0.25,
"BDI","VIOLWOMEN","ATTITUDEVIOL","PC","A","2014",73,
"BDI","VIOLWOMEN","ATTITUDEVIOL","PC","A","2019",73,
"CMR","VIOLWOMEN","LAWDOMVIOL","IDX","A","2014",1,
"CMR","VIOLWOMEN","LAWRAPE","IDX","A","2014",0.75,
"CMR","VIOLWOMEN","LAWSEXHARASS","IDX","A","2014",0.75,
"CMR","VIOLWOMEN","ATTITUDEVIOL","PC","A","2014",47,
"CMR","VIOLWOMEN","ATTITUDEVIOL","PC","A","2019",36,
"CMR","VIOLWOMEN","PREVVIOLLIFETIME","PC","A","2014",51,
"CAF","VIOLWOMEN","LAWDOMVIOL","IDX","A","2014",1,
"CAF","VIOLWOMEN","LAWRAPE","IDX","A","2014",0.75,
"CAF","VIOLWOMEN","LAWSEXHARASS","IDX","A","2014",0.5,
"CAF","VIOLWOMEN","ATTITUDEVIOL","PC","A","2014",80,
"CAF","VIOLWOMEN","ATTITUDEVIOL","PC","A","2019",80,
"TCD","VIOLWOMEN","LAWDOMVIOL","IDX","A","2014",1,
"TCD","VIOLWOMEN","LAWRAPE","IDX","A","2014",0.75,
"TCD","VIOLWOMEN","LAWSEXHARASS","IDX","A","2014",1,
"TCD","VIOLWOMEN","ATTITUDEVIOL","PC","A","2014",62,
"TCD","VIOLWOMEN","ATTITUDEVIOL","PC","A","2019",74,
"TCD","VIOLWOMEN","PREVVIOLLIFETIME","PC","A","2014",57,
"COG","VIOLWOMEN","LAWDOMVIOL","IDX","A","2014",1,
"COG","VIOLWOMEN","LAWRAPE","IDX","A","2014",0.25,
"COG","VIOLWOMEN","LAWSEXHARASS","IDX","A","2014",0.5,
"COG","VIOLWOMEN","ATTITUDEVIOL","PC","A","2014",76,
"COG","VIOLWOMEN","ATTITUDEVIOL","PC","A","2019",54,
"CRI","VIOLWOMEN","LAWDOMVIOL","IDX","A","2014",0,
"CRI","VIOLWOMEN","LAWRAPE","IDX","A","2014",0,
"CRI","VIOLWOMEN","LAWSEXHARASS","IDX","A","2014",0.25,
"CRI","VIOLWOMEN","PREVVIOLLIFETIME","PC","A","2014",36,
"CIV","VIOLWOMEN","LAWDOMVIOL","IDX","A","2014",1,
"CIV","VIOLWOMEN","LAWRAPE","IDX","A","2014",0.5,
"CIV","VIOLWOMEN","LAWSEXHARASS","IDX","A","2014",0.25,
"CIV","VIOLWOMEN","PREVVIOLLIFETIME","PC","A","2014",26,
"CUB","VIOLWOMEN","LAWDOMVIOL","IDX","A","2014",0.5,
"CUB","VIOLWOMEN","LAWRAPE","IDX","A","2014",0,
"CUB","VIOLWOMEN","LAWSEXHARASS","IDX","A","2014",0,
"PRK","VIOLWOMEN","LAWDOMVIOL","IDX","A","2014",0.5,
"PRK","VIOLWOMEN","LAWRAPE","IDX","A","2014",0.5,
"PRK","VIOLWOMEN","LAWSEXHARASS","IDX","A","2014",0.25,
"PRK","VIOLWOMEN","PREVVIOLLIFETIME","PC","A","2014",38,
"COD","VIOLWOMEN","LAWDOMVIOL","IDX","A","2014",1,
"COD","VIOLWOMEN","LAWRAPE","IDX","A","2014",0.5,
"COD","VIOLWOMEN","LAWSEXHARASS","IDX","A","2014",0,
"COD","VIOLWOMEN","ATTITUDEVIOL","PC","A","2014",76,
"COD","VIOLWOMEN","ATTITUDEVIOL","PC","A","2019",75,
"COD","VIOLWOMEN","PREVVIOLLIFETIME","PC","A","2014",64,
"DOM","VIOLWOMEN","LAWDOMVIOL","IDX","A","2014",0,
"DOM","VIOLWOMEN","LAWRAPE","IDX","A","2014",0.25,
"DOM","VIOLWOMEN","LAWSEXHARASS","IDX","A","2014",0.5,
"DOM","VIOLWOMEN","ATTITUDEVIOL","PC","A","2014",4,
"DOM","VIOLWOMEN","ATTITUDEVIOL","PC","A","2019",2,
"DOM","VIOLWOMEN","PREVVIOLLIFETIME","PC","A","2014",17,
"ECU","VIOLWOMEN","LAWDOMVIOL","IDX","A","2014",0,
"ECU","VIOLWOMEN","LAWRAPE","IDX","A","2014",0.25,
"ECU","VIOLWOMEN","LAWSEXHARASS","IDX","A","2014",0.25,
"ECU","VIOLWOMEN","ATTITUDEVIOL","PC","A","2014",25,
"ECU","VIOLWOMEN","ATTITUDEVIOL","PC","A","2019",25,
"ECU","VIOLWOMEN","PREVVIOLLIFETIME","PC","A","2014",46,
"SLV","VIOLWOMEN","LAWDOMVIOL","IDX","A","2014",0.25,
"SLV","VIOLWOMEN","LAWRAPE","IDX","A","2014",0.5,
"SLV","VIOLWOMEN","LAWSEXHARASS","IDX","A","2014",0.25,
"SLV","VIOLWOMEN","PREVVIOLLIFETIME","PC","A","2014",26,
"GNQ","VIOLWOMEN","LAWDOMVIOL","IDX","A","2014",0.75,
"GNQ","VIOLWOMEN","LAWRAPE","IDX","A","2014",0.5,
"GNQ","VIOLWOMEN","LAWSEXHARASS","IDX","A","2014",0.5,
"GNQ","VIOLWOMEN","ATTITUDEVIOL","PC","A","2014",53,
"GNQ","VIOLWOMEN","ATTITUDEVIOL","PC","A","2019",53,
"GNQ","VIOLWOMEN","PREVVIOLLIFETIME","PC","A","2014",57,
"ERI","VIOLWOMEN","LAWDOMVIOL","IDX","A","2014",1,
"ERI","VIOLWOMEN","LAWRAPE","IDX","A","2014",0.75,
"ERI","VIOLWOMEN","LAWSEXHARASS","IDX","A","2014",0.5,
"ERI","VIOLWOMEN","ATTITUDEVIOL","PC","A","2014",71,
"ERI","VIOLWOMEN","ATTITUDEVIOL","PC","A","2019",51,
"FJI","VIOLWOMEN","LAWDOMVIOL","IDX","A","2014",0.25,
"FJI","VIOLWOMEN","LAWRAPE","IDX","A","2014",0.25,
"FJI","VIOLWOMEN","LAWSEXHARASS","IDX","A","2014",0.25,
"GAB","VIOLWOMEN","LAWDOMVIOL","IDX","A","2014",0.5,
"GAB","VIOLWOMEN","LAWRAPE","IDX","A","2014",0.5,
"GAB","VIOLWOMEN","LAWSEXHARASS","IDX","A","2014",0.75,
"GAB","VIOLWOMEN","ATTITUDEVIOL","PC","A","2014",50,
"GAB","VIOLWOMEN","ATTITUDEVIOL","PC","A","2019",50,
"GAB","VIOLWOMEN","PREVVIOLLIFETIME","PC","A","2014",54,
"GMB","VIOLWOMEN","LAWDOMVIOL","IDX","A","2014",1,
"GMB","VIOLWOMEN","LAWRAPE","IDX","A","2014",0.25,
"GMB","VIOLWOMEN","LAWSEXHARASS","IDX","A","2014",1,
"GMB","VIOLWOMEN","ATTITUDEVIOL","PC","A","2014",75,
"GMB","VIOLWOMEN","ATTITUDEVIOL","PC","A","2019",58,
"GTM","VIOLWOMEN","LAWDOMVIOL","IDX","A","2014",0,
"GTM","VIOLWOMEN","LAWRAPE","IDX","A","2014",0.25,
"GTM","VIOLWOMEN","LAWSEXHARASS","IDX","A","2014",0.75,
"GTM","VIOLWOMEN","ATTITUDEVIOL","PC","A","2014",7,
"GTM","VIOLWOMEN","ATTITUDEVIOL","PC","A","2019",11,
"GTM","VIOLWOMEN","PREVVIOLLIFETIME","PC","A","2014",28,
"GIN","VIOLWOMEN","LAWDOMVIOL","IDX","A","2014",0.5,
"GIN","VIOLWOMEN","LAWRAPE","IDX","A","2014",0.5,
"GIN","VIOLWOMEN","LAWSEXHARASS","IDX","A","2014",1,
"GIN","VIOLWOMEN","ATTITUDEVIOL","PC","A","2014",92,
"GIN","VIOLWOMEN","ATTITUDEVIOL","PC","A","2019",92,
"GNB","VIOLWOMEN","LAWDOMVIOL","IDX","A","2014",0.75,
"GNB","VIOLWOMEN","LAWRAPE","IDX","A","2014",0.25,
"GNB","VIOLWOMEN","LAWSEXHARASS","IDX","A","2014",1,
"GNB","VIOLWOMEN","ATTITUDEVIOL","PC","A","2014",40,
"GNB","VIOLWOMEN","ATTITUDEVIOL","PC","A","2019",42,
"HND","VIOLWOMEN","LAWDOMVIOL","IDX","A","2014",0.25,
"HND","VIOLWOMEN","LAWRAPE","IDX","A","2014",0,
"HND","VIOLWOMEN","LAWSEXHARASS","IDX","A","2014",0,
"HND","VIOLWOMEN","ATTITUDEVIOL","PC","A","2014",16,
"HND","VIOLWOMEN","ATTITUDEVIOL","PC","A","2019",12,
"IRQ","VIOLWOMEN","LAWDOMVIOL","IDX","A","2014",0.75,
"IRQ","VIOLWOMEN","LAWRAPE","IDX","A","2014",0.75,
"IRQ","VIOLWOMEN","LAWSEXHARASS","IDX","A","2014",0.5,
"IRQ","VIOLWOMEN","ATTITUDEVIOL","PC","A","2014",55,
"IRQ","VIOLWOMEN","ATTITUDEVIOL","PC","A","2019",55,
"JAM","VIOLWOMEN","LAWDOMVIOL","IDX","A","2014",0,
"JAM","VIOLWOMEN","LAWRAPE","IDX","A","2014",0.25,
"JAM","VIOLWOMEN","LAWSEXHARASS","IDX","A","2014",1,
"JAM","VIOLWOMEN","ATTITUDEVIOL","PC","A","2014",3,
"JAM","VIOLWOMEN","ATTITUDEVIOL","PC","A","2019",5,
"JAM","VIOLWOMEN","PREVVIOLLIFETIME","PC","A","2014",35,
"JOR","VIOLWOMEN","LAWDOMVIOL","IDX","A","2014",0.5,
"JOR","VIOLWOMEN","LAWRAPE","IDX","A","2014",0.75,
"JOR","VIOLWOMEN","LAWSEXHARASS","IDX","A","2014",0.5,
"JOR","VIOLWOMEN","ATTITUDEVIOL","PC","A","2014",70,
"JOR","VIOLWOMEN","ATTITUDEVIOL","PC","A","2019",18,
"JOR","VIOLWOMEN","PREVVIOLLIFETIME","PC","A","2014",23,
"KEN","VIOLWOMEN","LAWDOMVIOL","IDX","A","2014",0.75,
"KEN","VIOLWOMEN","LAWRAPE","IDX","A","2014",0.5,
"KEN","VIOLWOMEN","LAWSEXHARASS","IDX","A","2014",0.25,
"KEN","VIOLWOMEN","ATTITUDEVIOL","PC","A","2014",53,
"KEN","VIOLWOMEN","ATTITUDEVIOL","PC","A","2019",42,
"KEN","VIOLWOMEN","PREVVIOLLIFETIME","PC","A","2014",41,
"KWT","VIOLWOMEN","LAWDOMVIOL","IDX","A","2014",1,
"KWT","VIOLWOMEN","LAWRAPE","IDX","A","2014",0.75,
"KWT","VIOLWOMEN","LAWSEXHARASS","IDX","A","2014",1,
"KWT","VIOLWOMEN","ATTITUDEVIOL","PC","A","2014",39,
"KWT","VIOLWOMEN","ATTITUDEVIOL","PC","A","2019",37,
"KGZ","VIOLWOMEN","LAWDOMVIOL","IDX","A","2014",0.5,
"KGZ","VIOLWOMEN","LAWRAPE","IDX","A","2014",0.5,
"KGZ","VIOLWOMEN","LAWSEXHARASS","IDX","A","2014",1,
"KGZ","VIOLWOMEN","ATTITUDEVIOL","PC","A","2014",36,
"KGZ","VIOLWOMEN","ATTITUDEVIOL","PC","A","2019",33,
"LAO","VIOLWOMEN","LAWDOMVIOL","IDX","A","2014",0.5,
"LAO","VIOLWOMEN","LAWRAPE","IDX","A","2014",0.5,
"LAO","VIOLWOMEN","LAWSEXHARASS","IDX","A","2014",0.5,
"LAO","VIOLWOMEN","ATTITUDEVIOL","PC","A","2014",81,
"LAO","VIOLWOMEN","ATTITUDEVIOL","PC","A","2019",58,
"LBN","VIOLWOMEN","LAWDOMVIOL","IDX","A","2014",0,
"LBN","VIOLWOMEN","LAWRAPE","IDX","A","2014",0.75,
"LBN","VIOLWOMEN","LAWSEXHARASS","IDX","A","2014",1,
"LBN","VIOLWOMEN","ATTITUDEVIOL","PC","A","2014",10,
"LBN","VIOLWOMEN","ATTITUDEVIOL","PC","A","2019",44,
"LBN","VIOLWOMEN","PREVVIOLLIFETIME","PC","A","2014",35,
"LSO","VIOLWOMEN","LAWDOMVIOL","IDX","A","2014",1,
"LSO","VIOLWOMEN","LAWRAPE","IDX","A","2014",0.25,
"LSO","VIOLWOMEN","LAWSEXHARASS","IDX","A","2014",0.5,
"LSO","VIOLWOMEN","ATTITUDEVIOL","PC","A","2014",37,
"LSO","VIOLWOMEN","ATTITUDEVIOL","PC","A","2019",37,
"LBR","VIOLWOMEN","LAWDOMVIOL","IDX","A","2014",1,
"LBR","VIOLWOMEN","LAWRAPE","IDX","A","2014",0.5,
"LBR","VIOLWOMEN","LAWSEXHARASS","IDX","A","2014",0.75,
"LBR","VIOLWOMEN","ATTITUDEVIOL","PC","A","2014",59,
"LBR","VIOLWOMEN","ATTITUDEVIOL","PC","A","2019",43,
"LBR","VIOLWOMEN","PREVVIOLLIFETIME","PC","A","2014",39,
"LBY","VIOLWOMEN","LAWDOMVIOL","IDX","A","2014",1,
"LBY","VIOLWOMEN","LAWRAPE","IDX","A","2014",0.75,
"LBY","VIOLWOMEN","LAWSEXHARASS","IDX","A","2014",1,
"LBY","VIOLWOMEN","ATTITUDEVIOL","PC","A","2014",28,
"LBY","VIOLWOMEN","ATTITUDEVIOL","PC","A","2019",25,
"MDG","VIOLWOMEN","LAWDOMVIOL","IDX","A","2014",0.5,
"MDG","VIOLWOMEN","LAWRAPE","IDX","A","2014",0.5,
"MDG","VIOLWOMEN","LAWSEXHARASS","IDX","A","2014",0,
"MDG","VIOLWOMEN","ATTITUDEVIOL","PC","A","2014",32,
"MDG","VIOLWOMEN","ATTITUDEVIOL","PC","A","2019",45,
"MWI","VIOLWOMEN","LAWDOMVIOL","IDX","A","2014",0.25,
"MWI","VIOLWOMEN","LAWRAPE","IDX","A","2014",0.5,
"MWI","VIOLWOMEN","LAWSEXHARASS","IDX","A","2014",0.5,
"MWI","VIOLWOMEN","ATTITUDEVIOL","PC","A","2014",13,
"MWI","VIOLWOMEN","ATTITUDEVIOL","PC","A","2019",16,
"MWI","VIOLWOMEN","PREVVIOLLIFETIME","PC","A","2014",31,
"MLI","VIOLWOMEN","LAWDOMVIOL","IDX","A","2014",1,
"MLI","VIOLWOMEN","LAWRAPE","IDX","A","2014",0.5,
"MLI","VIOLWOMEN","LAWSEXHARASS","IDX","A","2014",1,
"MLI","VIOLWOMEN","ATTITUDEVIOL","PC","A","2014",87,
"MLI","VIOLWOMEN","ATTITUDEVIOL","PC","A","2019",73,
"MRT","VIOLWOMEN","LAWDOMVIOL","IDX","A","2014",1,
"MRT","VIOLWOMEN","LAWRAPE","IDX","A","2014",0.75,
"MRT","VIOLWOMEN","LAWSEXHARASS","IDX","A","2014",1,
"MUS","VIOLWOMEN","LAWDOMVIOL","IDX","A","2014",0.25,
"MUS","VIOLWOMEN","LAWRAPE","IDX","A","2014",0.5,
"MUS","VIOLWOMEN","LAWSEXHARASS","IDX","A","2014",0.25,
"MNG","VIOLWOMEN","LAWDOMVIOL","IDX","A","2014",0.25,
"MNG","VIOLWOMEN","LAWRAPE","IDX","A","2014",0.5,
"MNG","VIOLWOMEN","LAWSEXHARASS","IDX","A","2014",0.5,
"MNG","VIOLWOMEN","ATTITUDEVIOL","PC","A","2014",10,
"MNG","VIOLWOMEN","ATTITUDEVIOL","PC","A","2019",10,
"MAR","VIOLWOMEN","LAWDOMVIOL","IDX","A","2014",1,
"MAR","VIOLWOMEN","LAWRAPE","IDX","A","2014",0.5,
"MAR","VIOLWOMEN","LAWSEXHARASS","IDX","A","2014",0.5,
"MAR","VIOLWOMEN","ATTITUDEVIOL","PC","A","2014",32,
"MAR","VIOLWOMEN","ATTITUDEVIOL","PC","A","2019",22,
"MMR","VIOLWOMEN","LAWDOMVIOL","IDX","A","2014",0.75,
"MMR","VIOLWOMEN","LAWRAPE","IDX","A","2014",0.75,
"MMR","VIOLWOMEN","LAWSEXHARASS","IDX","A","2014",0.5,
"NAM","VIOLWOMEN","LAWDOMVIOL","IDX","A","2014",0,
"NAM","VIOLWOMEN","LAWRAPE","IDX","A","2014",0.25,
"NAM","VIOLWOMEN","LAWSEXHARASS","IDX","A","2014",0.5,
"NAM","VIOLWOMEN","ATTITUDEVIOL","PC","A","2014",35,
"NAM","VIOLWOMEN","ATTITUDEVIOL","PC","A","2019",28,
"NAM","VIOLWOMEN","PREVVIOLLIFETIME","PC","A","2014",36,
"NPL","VIOLWOMEN","LAWDOMVIOL","IDX","A","2014",0.5,
"NPL","VIOLWOMEN","LAWRAPE","IDX","A","2014",0.25,
"NPL","VIOLWOMEN","LAWSEXHARASS","IDX","A","2014",0.5,
"NPL","VIOLWOMEN","ATTITUDEVIOL","PC","A","2014",23,
"NPL","VIOLWOMEN","ATTITUDEVIOL","PC","A","2019",43,
"NPL","VIOLWOMEN","PREVVIOLLIFETIME","PC","A","2014",28,
"NIC","VIOLWOMEN","LAWDOMVIOL","IDX","A","2014",0.25,
"NIC","VIOLWOMEN","LAWRAPE","IDX","A","2014",0.5,
"NIC","VIOLWOMEN","LAWSEXHARASS","IDX","A","2014",0,
"NIC","VIOLWOMEN","ATTITUDEVIOL","PC","A","2014",14,
"NIC","VIOLWOMEN","ATTITUDEVIOL","PC","A","2019",14,
"NIC","VIOLWOMEN","PREVVIOLLIFETIME","PC","A","2014",29,
"NER","VIOLWOMEN","LAWDOMVIOL","IDX","A","2014",1,
"NER","VIOLWOMEN","LAWRAPE","IDX","A","2014",0.5,
"NER","VIOLWOMEN","LAWSEXHARASS","IDX","A","2014",0.25,
"NER","VIOLWOMEN","ATTITUDEVIOL","PC","A","2014",60,
"NER","VIOLWOMEN","ATTITUDEVIOL","PC","A","2019",60,
"PSE","VIOLWOMEN","LAWDOMVIOL","IDX","A","2014",1,
"PSE","VIOLWOMEN","LAWRAPE","IDX","A","2014",0.75,
"PSE","VIOLWOMEN","LAWSEXHARASS","IDX","A","2014",1,
"PSE","VIOLWOMEN","ATTITUDEVIOL","PC","A","2014",39,
"PSE","VIOLWOMEN","ATTITUDEVIOL","PC","A","2019",39,
"OMN","VIOLWOMEN","LAWDOMVIOL","IDX","A","2014",1,
"OMN","VIOLWOMEN","LAWRAPE","IDX","A","2014",0.75,
"OMN","VIOLWOMEN","LAWSEXHARASS","IDX","A","2014",1,
"PAN","VIOLWOMEN","LAWDOMVIOL","IDX","A","2014",0,
"PAN","VIOLWOMEN","LAWRAPE","IDX","A","2014",0.25,
"PAN","VIOLWOMEN","LAWSEXHARASS","IDX","A","2014",0,
"PNG","VIOLWOMEN","LAWDOMVIOL","IDX","A","2014",0.5,
"PNG","VIOLWOMEN","LAWRAPE","IDX","A","2014",0.25,
"PNG","VIOLWOMEN","LAWSEXHARASS","IDX","A","2014",1,
"PNG","VIOLWOMEN","PREVVIOLLIFETIME","PC","A","2014",33,
"QAT","VIOLWOMEN","LAWDOMVIOL","IDX","A","2014",1,
"QAT","VIOLWOMEN","LAWRAPE","IDX","A","2014",0.75,
"QAT","VIOLWOMEN","LAWSEXHARASS","IDX","A","2014",0,
"QAT","VIOLWOMEN","ATTITUDEVIOL","PC","A","2014",20,
"QAT","VIOLWOMEN","ATTITUDEVIOL","PC","A","2019",7,
"RWA","VIOLWOMEN","LAWDOMVIOL","IDX","A","2014",0.25,
"RWA","VIOLWOMEN","LAWRAPE","IDX","A","2014",0,
"RWA","VIOLWOMEN","LAWSEXHARASS","IDX","A","2014",0,
"RWA","VIOLWOMEN","ATTITUDEVIOL","PC","A","2014",56,
"RWA","VIOLWOMEN","ATTITUDEVIOL","PC","A","2019",41,
"RWA","VIOLWOMEN","PREVVIOLLIFETIME","PC","A","2014",56,
"SEN","VIOLWOMEN","LAWDOMVIOL","IDX","A","2014",0.5,
"SEN","VIOLWOMEN","LAWRAPE","IDX","A","2014",0.5,
"SEN","VIOLWOMEN","LAWSEXHARASS","IDX","A","2014",0.25,
"SEN","VIOLWOMEN","ATTITUDEVIOL","PC","A","2014",60,
"SEN","VIOLWOMEN","ATTITUDEVIOL","PC","A","2019",56,
"SLE","VIOLWOMEN","LAWDOMVIOL","IDX","A","2014",0.25,
"SLE","VIOLWOMEN","LAWRAPE","IDX","A","2014",0.25,
"SLE","VIOLWOMEN","LAWSEXHARASS","IDX","A","2014",0.5,
"SLE","VIOLWOMEN","ATTITUDEVIOL","PC","A","2014",73,
"SLE","VIOLWOMEN","ATTITUDEVIOL","PC","A","2019",63,
"SOM","VIOLWOMEN","LAWDOMVIOL","IDX","A","2014",1,
"SOM","VIOLWOMEN","LAWRAPE","IDX","A","2014",0.75,
"SOM","VIOLWOMEN","LAWSEXHARASS","IDX","A","2014",1,
"SOM","VIOLWOMEN","ATTITUDEVIOL","PC","A","2014",76,
"SOM","VIOLWOMEN","ATTITUDEVIOL","PC","A","2019",76,
"LKA","VIOLWOMEN","LAWDOMVIOL","IDX","A","2014",0.5,
"LKA","VIOLWOMEN","LAWRAPE","IDX","A","2014",0.5,
"LKA","VIOLWOMEN","LAWSEXHARASS","IDX","A","2014",0.25,
"LKA","VIOLWOMEN","ATTITUDEVIOL","PC","A","2014",53,
"LKA","VIOLWOMEN","ATTITUDEVIOL","PC","A","2019",53,
"SWZ","VIOLWOMEN","LAWDOMVIOL","IDX","A","2014",0.75,
"SWZ","VIOLWOMEN","LAWRAPE","IDX","A","2014",0.5,
"SWZ","VIOLWOMEN","LAWSEXHARASS","IDX","A","2014",0.75,
"SWZ","VIOLWOMEN","ATTITUDEVIOL","PC","A","2014",28,
"SWZ","VIOLWOMEN","ATTITUDEVIOL","PC","A","2019",20,
"SYR","VIOLWOMEN","LAWDOMVIOL","IDX","A","2014",1,
"SYR","VIOLWOMEN","LAWRAPE","IDX","A","2014",0.5,
"SYR","VIOLWOMEN","LAWSEXHARASS","IDX","A","2014",0.25,
"SYR","VIOLWOMEN","PREVVIOLLIFETIME","PC","A","2014",25,
"TJK","VIOLWOMEN","LAWDOMVIOL","IDX","A","2014",0.5,
"TJK","VIOLWOMEN","LAWRAPE","IDX","A","2014",0.5,
"TJK","VIOLWOMEN","LAWSEXHARASS","IDX","A","2014",1,
"TJK","VIOLWOMEN","ATTITUDEVIOL","PC","A","2014",60,
"TJK","VIOLWOMEN","ATTITUDEVIOL","PC","A","2019",60,
"TJK","VIOLWOMEN","PREVVIOLLIFETIME","PC","A","2014",21,
"TLS","VIOLWOMEN","LAWDOMVIOL","IDX","A","2014",0.25,
"TLS","VIOLWOMEN","LAWRAPE","IDX","A","2014",0.25,
"TLS","VIOLWOMEN","LAWSEXHARASS","IDX","A","2014",0.5,
"TLS","VIOLWOMEN","ATTITUDEVIOL","PC","A","2014",86,
"TLS","VIOLWOMEN","ATTITUDEVIOL","PC","A","2019",86,
"TLS","VIOLWOMEN","PREVVIOLLIFETIME","PC","A","2014",35,
"TGO","VIOLWOMEN","LAWDOMVIOL","IDX","A","2014",0.75,
"TGO","VIOLWOMEN","LAWRAPE","IDX","A","2014",0.25,
"TGO","VIOLWOMEN","LAWSEXHARASS","IDX","A","2014",0,
"TGO","VIOLWOMEN","ATTITUDEVIOL","PC","A","2014",43,
"TGO","VIOLWOMEN","ATTITUDEVIOL","PC","A","2019",29,
"TTO","VIOLWOMEN","LAWDOMVIOL","IDX","A","2014",0,
"TTO","VIOLWOMEN","LAWRAPE","IDX","A","2014",0,
"TTO","VIOLWOMEN","LAWSEXHARASS","IDX","A","2014",1,
"TTO","VIOLWOMEN","ATTITUDEVIOL","PC","A","2014",10,
"TTO","VIOLWOMEN","ATTITUDEVIOL","PC","A","2019",10,
"TUN","VIOLWOMEN","LAWDOMVIOL","IDX","A","2014",0.5,
"TUN","VIOLWOMEN","LAWRAPE","IDX","A","2014",0.25,
"TUN","VIOLWOMEN","LAWSEXHARASS","IDX","A","2014",0.5,
"TUN","VIOLWOMEN","ATTITUDEVIOL","PC","A","2014",30,
"TUN","VIOLWOMEN","ATTITUDEVIOL","PC","A","2019",19,
"TUN","VIOLWOMEN","PREVVIOLLIFETIME","PC","A","2014",20,
"TKM","VIOLWOMEN","LAWDOMVIOL","IDX","A","2014",0.5,
"TKM","VIOLWOMEN","LAWRAPE","IDX","A","2014",0.5,
"TKM","VIOLWOMEN","LAWSEXHARASS","IDX","A","2014",1,
"TKM","VIOLWOMEN","ATTITUDEVIOL","PC","A","2014",38,
"TKM","VIOLWOMEN","ATTITUDEVIOL","PC","A","2019",26,
"UGA","VIOLWOMEN","LAWDOMVIOL","IDX","A","2014",0,
"UGA","VIOLWOMEN","LAWRAPE","IDX","A","2014",0.5,
"UGA","VIOLWOMEN","LAWSEXHARASS","IDX","A","2014",0.25,
"UGA","VIOLWOMEN","ATTITUDEVIOL","PC","A","2014",58,
"UGA","VIOLWOMEN","ATTITUDEVIOL","PC","A","2019",58,
"UGA","VIOLWOMEN","PREVVIOLLIFETIME","PC","A","2014",51,
"UZB","VIOLWOMEN","LAWDOMVIOL","IDX","A","2014",1,
"UZB","VIOLWOMEN","LAWRAPE","IDX","A","2014",0.5,
"UZB","VIOLWOMEN","LAWSEXHARASS","IDX","A","2014",0.5,
"UZB","VIOLWOMEN","ATTITUDEVIOL","PC","A","2014",42,
"UZB","VIOLWOMEN","ATTITUDEVIOL","PC","A","2019",41,
"VEN","VIOLWOMEN","LAWDOMVIOL","IDX","A","2014",0.25,
"VEN","VIOLWOMEN","LAWRAPE","IDX","A","2014",0.5,
"VEN","VIOLWOMEN","LAWSEXHARASS","IDX","A","2014",0,
"YEM","VIOLWOMEN","LAWDOMVIOL","IDX","A","2014",1,
"YEM","VIOLWOMEN","LAWRAPE","IDX","A","2014",0.75,
"YEM","VIOLWOMEN","LAWSEXHARASS","IDX","A","2014",1,
"YEM","VIOLWOMEN","ATTITUDEVIOL","PC","A","2014",38,
"YEM","VIOLWOMEN","ATTITUDEVIOL","PC","A","2019",49,
"ZWE","VIOLWOMEN","LAWDOMVIOL","IDX","A","2014",0.25,
"ZWE","VIOLWOMEN","LAWRAPE","IDX","A","2014",0.5,
"ZWE","VIOLWOMEN","LAWSEXHARASS","IDX","A","2014",0.5,
"ZWE","VIOLWOMEN","ATTITUDEVIOL","PC","A","2014",40,
"ZWE","VIOLWOMEN","ATTITUDEVIOL","PC","A","2019",39,
"ZWE","VIOLWOMEN","PREVVIOLLIFETIME","PC","A","2014",42,
"AUT","VIOLWOMEN","ATTITUDEVIOL","PC","A","2019",3,
"BEL","VIOLWOMEN","ATTITUDEVIOL","PC","A","2019",2,
"CZE","VIOLWOMEN","ATTITUDEVIOL","PC","A","2019",2,
"DNK","VIOLWOMEN","ATTITUDEVIOL","PC","A","2019",0,
"GRC","VIOLWOMEN","ATTITUDEVIOL","PC","A","2019",2,
"IRL","VIOLWOMEN","ATTITUDEVIOL","PC","A","2019",1,
"LUX","VIOLWOMEN","ATTITUDEVIOL","PC","A","2019",2,
"PRT","VIOLWOMEN","ATTITUDEVIOL","PC","A","2019",2,
"SVK","VIOLWOMEN","ATTITUDEVIOL","PC","A","2019",5,
"AGO","VIOLWOMEN","ATTITUDEVIOL","PC","A","2019",25,
"CRI","VIOLWOMEN","ATTITUDEVIOL","PC","A","2019",4,
"CIV","VIOLWOMEN","ATTITUDEVIOL","PC","A","2019",48,
"HRV","VIOLWOMEN","ATTITUDEVIOL","PC","A","2019",4,
"CUB","VIOLWOMEN","ATTITUDEVIOL","PC","A","2019",4,
"CYP","VIOLWOMEN","ATTITUDEVIOL","PC","A","2019",10,
"SLV","VIOLWOMEN","ATTITUDEVIOL","PC","A","2019",8,
"FJI","VIOLWOMEN","ATTITUDEVIOL","PC","A","2019",43,
"HKG","VIOLWOMEN","ATTITUDEVIOL","PC","A","2019",26,
"LVA","VIOLWOMEN","ATTITUDEVIOL","PC","A","2019",2,
"LTU","VIOLWOMEN","ATTITUDEVIOL","PC","A","2019",2,
"MLT","VIOLWOMEN","ATTITUDEVIOL","PC","A","2019",0,
"MRT","VIOLWOMEN","ATTITUDEVIOL","PC","A","2019",27,
"MMR","VIOLWOMEN","ATTITUDEVIOL","PC","A","2019",51,
"OMN","VIOLWOMEN","ATTITUDEVIOL","PC","A","2019",8,
"PAN","VIOLWOMEN","ATTITUDEVIOL","PC","A","2019",6,
"PRY","VIOLWOMEN","ATTITUDEVIOL","PC","A","2019",23,
"TWN","VIOLWOMEN","ATTITUDEVIOL","PC","A","2019",22,
"MNE","VIOLWOMEN","ATTITUDEVIOL","PC","A","2019",3,
