﻿"LOCATION","INDICATOR","SUBJECT","MEASURE","FREQUENCY","TIME","Value","Flag Codes"
"AUS","SIGI","DISCRIMFAMCODE","IDX","A","2014",0.1021,
"AUS","SIGI","RESTRCIVLIB","IDX","A","2014",0.1951,
"AUS","SIGI","RESTRRESASSETS","IDX","A","2014",0,
"AUT","SIGI","DISCRIMFAMCODE","IDX","A","2014",0,
"AUT","SIGI","RESTRCIVLIB","IDX","A","2014",0.1951,
"AUT","SIGI","RESTRRESASSETS","IDX","A","2014",0,
"AUT","SIGI","SONBIAS","IDX","A","2014",0.1052,
"BEL","SIGI","TOT","IDX","A","2014",0.0016,
"BEL","SIGI","DISCRIMFAMCODE","IDX","A","2014",0.0038,
"BEL","SIGI","RESTRCIVLIB","IDX","A","2014",0,
"BEL","SIGI","RESTRPHYSINTEG","IDX","A","2014",0.0316,
"BEL","SIGI","RESTRRESASSETS","IDX","A","2014",0,
"BEL","SIGI","SONBIAS","IDX","A","2014",0.0824,
"CAN","SIGI","DISCRIMFAMCODE","IDX","A","2014",0.0194,
"CAN","SIGI","RESTRCIVLIB","IDX","A","2014",0.1951,
"CAN","SIGI","RESTRRESASSETS","IDX","A","2014",0,
"CZE","SIGI","TOT","IDX","A","2014",0.0283,
"CZE","SIGI","DISCRIMFAMCODE","IDX","A","2014",0.0013,
"CZE","SIGI","RESTRCIVLIB","IDX","A","2014",0.3539,
"CZE","SIGI","RESTRPHYSINTEG","IDX","A","2014",0.0956,
"CZE","SIGI","RESTRRESASSETS","IDX","A","2014",0,
"CZE","SIGI","SONBIAS","IDX","A","2014",0.0855,
"DNK","SIGI","DISCRIMFAMCODE","IDX","A","2014",0.0006,
"DNK","SIGI","RESTRCIVLIB","IDX","A","2014",0.1951,
"DNK","SIGI","RESTRRESASSETS","IDX","A","2014",0,
"DNK","SIGI","SONBIAS","IDX","A","2014",0.0955,
"FIN","SIGI","DISCRIMFAMCODE","IDX","A","2014",0.0031,
"FIN","SIGI","RESTRCIVLIB","IDX","A","2014",0.1951,
"FIN","SIGI","RESTRRESASSETS","IDX","A","2014",0,
"FIN","SIGI","SONBIAS","IDX","A","2014",0.0759,
"FRA","SIGI","TOT","IDX","A","2014",0.0034,
"FRA","SIGI","DISCRIMFAMCODE","IDX","A","2014",0.1002,
"FRA","SIGI","RESTRCIVLIB","IDX","A","2014",0,
"FRA","SIGI","RESTRPHYSINTEG","IDX","A","2014",0,
"FRA","SIGI","RESTRRESASSETS","IDX","A","2014",0,
"FRA","SIGI","SONBIAS","IDX","A","2014",0.0828,
"DEU","SIGI","DISCRIMFAMCODE","IDX","A","2014",0.0019,
"DEU","SIGI","RESTRCIVLIB","IDX","A","2014",0.1951,
"DEU","SIGI","RESTRRESASSETS","IDX","A","2014",0,
"DEU","SIGI","SONBIAS","IDX","A","2014",0.0905,
"GRC","SIGI","DISCRIMFAMCODE","IDX","A","2014",0.3889,
"GRC","SIGI","RESTRCIVLIB","IDX","A","2014",0.1951,
"GRC","SIGI","RESTRRESASSETS","IDX","A","2014",0,
"GRC","SIGI","SONBIAS","IDX","A","2014",0.0872,
"HUN","SIGI","RESTRCIVLIB","IDX","A","2014",0.5399,
"HUN","SIGI","RESTRPHYSINTEG","IDX","A","2014",0.119,
"HUN","SIGI","RESTRRESASSETS","IDX","A","2014",0,
"HUN","SIGI","SONBIAS","IDX","A","2014",0.0948,
"ISL","SIGI","DISCRIMFAMCODE","IDX","A","2014",0.0031,
"ISL","SIGI","RESTRCIVLIB","IDX","A","2014",0.1951,
"ISL","SIGI","RESTRRESASSETS","IDX","A","2014",0,
"ISL","SIGI","SONBIAS","IDX","A","2014",0.094,
"IRL","SIGI","DISCRIMFAMCODE","IDX","A","2014",0.0025,
"IRL","SIGI","RESTRCIVLIB","IDX","A","2014",0.3539,
"IRL","SIGI","RESTRRESASSETS","IDX","A","2014",0,
"IRL","SIGI","SONBIAS","IDX","A","2014",0.072,
"ITA","SIGI","TOT","IDX","A","2014",0.0116,
"ITA","SIGI","DISCRIMFAMCODE","IDX","A","2014",0.0025,
"ITA","SIGI","RESTRCIVLIB","IDX","A","2014",0.1951,
"ITA","SIGI","RESTRPHYSINTEG","IDX","A","2014",0.1029,
"ITA","SIGI","RESTRRESASSETS","IDX","A","2014",0,
"ITA","SIGI","SONBIAS","IDX","A","2014",0.0966,
"JPN","SIGI","DISCRIMFAMCODE","IDX","A","2014",0.2053,
"JPN","SIGI","RESTRCIVLIB","IDX","A","2014",0.5399,
"JPN","SIGI","RESTRRESASSETS","IDX","A","2014",0,
"KOR","SIGI","DISCRIMFAMCODE","IDX","A","2014",0.0025,
"KOR","SIGI","RESTRCIVLIB","IDX","A","2014",0.1951,
"KOR","SIGI","RESTRRESASSETS","IDX","A","2014",0.4076,
"LUX","SIGI","DISCRIMFAMCODE","IDX","A","2014",0.1471,
"LUX","SIGI","RESTRCIVLIB","IDX","A","2014",0.3539,
"LUX","SIGI","RESTRRESASSETS","IDX","A","2014",0,
"LUX","SIGI","SONBIAS","IDX","A","2014",0.0988,
"MEX","SIGI","DISCRIMFAMCODE","IDX","A","2014",0.3408,
"MEX","SIGI","RESTRCIVLIB","IDX","A","2014",0,
"MEX","SIGI","RESTRPHYSINTEG","IDX","A","2014",0.2377,
"MEX","SIGI","RESTRRESASSETS","IDX","A","2014",0.3885,
"NLD","SIGI","DISCRIMFAMCODE","IDX","A","2014",0.0013,
"NLD","SIGI","RESTRCIVLIB","IDX","A","2014",0.1951,
"NLD","SIGI","RESTRRESASSETS","IDX","A","2014",0,
"NLD","SIGI","SONBIAS","IDX","A","2014",0.087,
"NZL","SIGI","DISCRIMFAMCODE","IDX","A","2014",0.0527,
"NZL","SIGI","RESTRCIVLIB","IDX","A","2014",0.1951,
"NZL","SIGI","RESTRRESASSETS","IDX","A","2014",0,
"NOR","SIGI","DISCRIMFAMCODE","IDX","A","2014",0.0013,
"NOR","SIGI","RESTRCIVLIB","IDX","A","2014",0.1951,
"NOR","SIGI","RESTRRESASSETS","IDX","A","2014",0,
"NOR","SIGI","SONBIAS","IDX","A","2014",0.0968,
"POL","SIGI","DISCRIMFAMCODE","IDX","A","2014",0.1071,
"POL","SIGI","RESTRCIVLIB","IDX","A","2014",0.1951,
"POL","SIGI","RESTRRESASSETS","IDX","A","2014",0,
"POL","SIGI","SONBIAS","IDX","A","2014",0.095,
"PRT","SIGI","DISCRIMFAMCODE","IDX","A","2014",0.097,
"PRT","SIGI","RESTRCIVLIB","IDX","A","2014",0,
"PRT","SIGI","RESTRRESASSETS","IDX","A","2014",0,
"PRT","SIGI","SONBIAS","IDX","A","2014",0.0784,
"SVK","SIGI","DISCRIMFAMCODE","IDX","A","2014",0.0063,
"SVK","SIGI","RESTRCIVLIB","IDX","A","2014",0.3539,
"SVK","SIGI","RESTRRESASSETS","IDX","A","2014",0,
"SVK","SIGI","SONBIAS","IDX","A","2014",0.0906,
"ESP","SIGI","TOT","IDX","A","2014",0.0049,
"ESP","SIGI","DISCRIMFAMCODE","IDX","A","2014",0.0856,
"ESP","SIGI","RESTRCIVLIB","IDX","A","2014",0,
"ESP","SIGI","RESTRPHYSINTEG","IDX","A","2014",0.0622,
"ESP","SIGI","RESTRRESASSETS","IDX","A","2014",0,
"ESP","SIGI","SONBIAS","IDX","A","2014",0.1144,
"SWE","SIGI","DISCRIMFAMCODE","IDX","A","2014",0.0031,
"SWE","SIGI","RESTRCIVLIB","IDX","A","2014",0.1951,
"SWE","SIGI","RESTRRESASSETS","IDX","A","2014",0,
"SWE","SIGI","SONBIAS","IDX","A","2014",0.0986,
"CHE","SIGI","DISCRIMFAMCODE","IDX","A","2014",0.0824,
"CHE","SIGI","RESTRCIVLIB","IDX","A","2014",0.1951,
"CHE","SIGI","RESTRRESASSETS","IDX","A","2014",0,
"CHE","SIGI","SONBIAS","IDX","A","2014",0.1037,
"TUR","SIGI","TOT","IDX","A","2014",0.1032,
"TUR","SIGI","DISCRIMFAMCODE","IDX","A","2014",0.1585,
"TUR","SIGI","RESTRCIVLIB","IDX","A","2014",0.5399,
"TUR","SIGI","RESTRPHYSINTEG","IDX","A","2014",0.1913,
"TUR","SIGI","RESTRRESASSETS","IDX","A","2014",0,
"TUR","SIGI","SONBIAS","IDX","A","2014",0.4036,
"GBR","SIGI","DISCRIMFAMCODE","IDX","A","2014",0.0025,
"GBR","SIGI","RESTRCIVLIB","IDX","A","2014",0.3539,
"GBR","SIGI","RESTRRESASSETS","IDX","A","2014",0.3885,
"GBR","SIGI","SONBIAS","IDX","A","2014",0.0843,
"USA","SIGI","DISCRIMFAMCODE","IDX","A","2014",0.1146,
"USA","SIGI","RESTRCIVLIB","IDX","A","2014",0.3539,
"USA","SIGI","RESTRPHYSINTEG","IDX","A","2014",0.1308,
"USA","SIGI","RESTRRESASSETS","IDX","A","2014",0,
"ALB","SIGI","TOT","IDX","A","2014",0.2476,
"ALB","SIGI","DISCRIMFAMCODE","IDX","A","2014",0.1822,
"ALB","SIGI","RESTRCIVLIB","IDX","A","2014",0.4505,
"ALB","SIGI","RESTRPHYSINTEG","IDX","A","2014",0.2596,
"ALB","SIGI","RESTRRESASSETS","IDX","A","2014",0.4076,
"ALB","SIGI","SONBIAS","IDX","A","2014",0.8767,
"DZA","SIGI","DISCRIMFAMCODE","IDX","A","2014",0.4296,
"DZA","SIGI","RESTRCIVLIB","IDX","A","2014",0.2554,
"DZA","SIGI","RESTRPHYSINTEG","IDX","A","2014",0.336,
"DZA","SIGI","RESTRRESASSETS","IDX","A","2014",0.5913,
"ARG","SIGI","TOT","IDX","A","2014",0.0107,
"ARG","SIGI","DISCRIMFAMCODE","IDX","A","2014",0.0809,
"ARG","SIGI","RESTRCIVLIB","IDX","A","2014",0,
"ARG","SIGI","RESTRPHYSINTEG","IDX","A","2014",0.0148,
"ARG","SIGI","RESTRRESASSETS","IDX","A","2014",0.2048,
"ARG","SIGI","SONBIAS","IDX","A","2014",0.0691,
"ARM","SIGI","TOT","IDX","A","2014",0.236,
"ARM","SIGI","DISCRIMFAMCODE","IDX","A","2014",0.0497,
"ARM","SIGI","RESTRCIVLIB","IDX","A","2014",0.3539,
"ARM","SIGI","RESTRPHYSINTEG","IDX","A","2014",0.1853,
"ARM","SIGI","RESTRRESASSETS","IDX","A","2014",0.2048,
"ARM","SIGI","SONBIAS","IDX","A","2014",0.988,
"AZE","SIGI","TOT","IDX","A","2014",0.2403,
"AZE","SIGI","DISCRIMFAMCODE","IDX","A","2014",0.1301,
"AZE","SIGI","RESTRCIVLIB","IDX","A","2014",0.6093,
"AZE","SIGI","RESTRPHYSINTEG","IDX","A","2014",0.2057,
"AZE","SIGI","RESTRRESASSETS","IDX","A","2014",0.1837,
"AZE","SIGI","SONBIAS","IDX","A","2014",0.8587,
"BGD","SIGI","TOT","IDX","A","2014",0.39,
"BGD","SIGI","DISCRIMFAMCODE","IDX","A","2014",0.973,
"BGD","SIGI","RESTRCIVLIB","IDX","A","2014",0.4505,
"BGD","SIGI","RESTRPHYSINTEG","IDX","A","2014",0.3323,
"BGD","SIGI","RESTRRESASSETS","IDX","A","2014",0.5913,
"BGD","SIGI","SONBIAS","IDX","A","2014",0.5831,
"BLR","SIGI","TOT","IDX","A","2014",0.0336,
"BLR","SIGI","DISCRIMFAMCODE","IDX","A","2014",0.0251,
"BLR","SIGI","RESTRCIVLIB","IDX","A","2014",0.1951,
"BLR","SIGI","RESTRPHYSINTEG","IDX","A","2014",0.3544,
"BLR","SIGI","RESTRRESASSETS","IDX","A","2014",0,
"BLR","SIGI","SONBIAS","IDX","A","2014",0.0599,
"BIH","SIGI","TOT","IDX","A","2014",0.0333,
"BIH","SIGI","DISCRIMFAMCODE","IDX","A","2014",0.2437,
"BIH","SIGI","RESTRCIVLIB","IDX","A","2014",0.1951,
"BIH","SIGI","RESTRPHYSINTEG","IDX","A","2014",0.0672,
"BIH","SIGI","RESTRRESASSETS","IDX","A","2014",0.2048,
"BIH","SIGI","SONBIAS","IDX","A","2014",0.1497,
"BRA","SIGI","TOT","IDX","A","2014",0.0458,
"BRA","SIGI","DISCRIMFAMCODE","IDX","A","2014",0.2316,
"BRA","SIGI","RESTRCIVLIB","IDX","A","2014",0.3539,
"BRA","SIGI","RESTRPHYSINTEG","IDX","A","2014",0.1226,
"BRA","SIGI","RESTRRESASSETS","IDX","A","2014",0.1837,
"BRA","SIGI","SONBIAS","IDX","A","2014",0.0364,
"BGR","SIGI","TOT","IDX","A","2014",0.0449,
"BGR","SIGI","DISCRIMFAMCODE","IDX","A","2014",0.1504,
"BGR","SIGI","RESTRCIVLIB","IDX","A","2014",0.1951,
"BGR","SIGI","RESTRPHYSINTEG","IDX","A","2014",0.3926,
"BGR","SIGI","RESTRRESASSETS","IDX","A","2014",0,
"BGR","SIGI","SONBIAS","IDX","A","2014",0.0988,
"KHM","SIGI","TOT","IDX","A","2014",0.0477,
"KHM","SIGI","DISCRIMFAMCODE","IDX","A","2014",0.0684,
"KHM","SIGI","RESTRCIVLIB","IDX","A","2014",0.3539,
"KHM","SIGI","RESTRPHYSINTEG","IDX","A","2014",0.2601,
"KHM","SIGI","RESTRRESASSETS","IDX","A","2014",0.2028,
"KHM","SIGI","SONBIAS","IDX","A","2014",0,
"CHL","SIGI","DISCRIMFAMCODE","IDX","A","2014",0.3996,
"CHL","SIGI","RESTRCIVLIB","IDX","A","2014",0.5399,
"CHL","SIGI","RESTRRESASSETS","IDX","A","2014",0,
"CHN","SIGI","TOT","IDX","A","2014",0.131,
"CHN","SIGI","DISCRIMFAMCODE","IDX","A","2014",0.2885,
"CHN","SIGI","RESTRCIVLIB","IDX","A","2014",0.2812,
"CHN","SIGI","RESTRPHYSINTEG","IDX","A","2014",0.1246,
"CHN","SIGI","RESTRRESASSETS","IDX","A","2014",0.4076,
"CHN","SIGI","SONBIAS","IDX","A","2014",0.5578,
"COL","SIGI","TOT","IDX","A","2014",0.0862,
"COL","SIGI","DISCRIMFAMCODE","IDX","A","2014",0.1748,
"COL","SIGI","RESTRCIVLIB","IDX","A","2014",0.6093,
"COL","SIGI","RESTRPHYSINTEG","IDX","A","2014",0.1567,
"COL","SIGI","RESTRRESASSETS","IDX","A","2014",0,
"COL","SIGI","SONBIAS","IDX","A","2014",0.0663,
"HRV","SIGI","DISCRIMFAMCODE","IDX","A","2014",0.1121,
"HRV","SIGI","RESTRCIVLIB","IDX","A","2014",0.1951,
"HRV","SIGI","RESTRRESASSETS","IDX","A","2014",0,
"HRV","SIGI","SONBIAS","IDX","A","2014",0.1002,
"CYP","SIGI","DISCRIMFAMCODE","IDX","A","2014",0.0107,
"CYP","SIGI","RESTRCIVLIB","IDX","A","2014",0.5399,
"CYP","SIGI","RESTRRESASSETS","IDX","A","2014",0,
"CYP","SIGI","SONBIAS","IDX","A","2014",0.0897,
"EGY","SIGI","TOT","IDX","A","2014",0.428,
"EGY","SIGI","DISCRIMFAMCODE","IDX","A","2014",0.6665,
"EGY","SIGI","RESTRCIVLIB","IDX","A","2014",0.814,
"EGY","SIGI","RESTRPHYSINTEG","IDX","A","2014",0.7373,
"EGY","SIGI","RESTRRESASSETS","IDX","A","2014",0.5913,
"EGY","SIGI","SONBIAS","IDX","A","2014",0.3741,
"EST","SIGI","DISCRIMFAMCODE","IDX","A","2014",0.0307,
"EST","SIGI","RESTRCIVLIB","IDX","A","2014",0.3539,
"EST","SIGI","RESTRRESASSETS","IDX","A","2014",0,
"EST","SIGI","SONBIAS","IDX","A","2014",0.0954,
"ETH","SIGI","TOT","IDX","A","2014",0.245,
"ETH","SIGI","DISCRIMFAMCODE","IDX","A","2014",0.282,
"ETH","SIGI","RESTRCIVLIB","IDX","A","2014",0.1951,
"ETH","SIGI","RESTRPHYSINTEG","IDX","A","2014",0.8662,
"ETH","SIGI","RESTRRESASSETS","IDX","A","2014",0.5913,
"ETH","SIGI","SONBIAS","IDX","A","2014",0.0878,
"GEO","SIGI","TOT","IDX","A","2014",0.2035,
"GEO","SIGI","DISCRIMFAMCODE","IDX","A","2014",0.3552,
"GEO","SIGI","RESTRCIVLIB","IDX","A","2014",0.5399,
"GEO","SIGI","RESTRPHYSINTEG","IDX","A","2014",0.2112,
"GEO","SIGI","RESTRRESASSETS","IDX","A","2014",0.4076,
"GEO","SIGI","SONBIAS","IDX","A","2014",0.6236,
"GHA","SIGI","TOT","IDX","A","2014",0.2988,
"GHA","SIGI","DISCRIMFAMCODE","IDX","A","2014",0.3946,
"GHA","SIGI","RESTRCIVLIB","IDX","A","2014",0.5399,
"GHA","SIGI","RESTRPHYSINTEG","IDX","A","2014",0.5491,
"GHA","SIGI","RESTRRESASSETS","IDX","A","2014",0.8044,
"GHA","SIGI","SONBIAS","IDX","A","2014",0.3136,
"HTI","SIGI","TOT","IDX","A","2014",0.1466,
"HTI","SIGI","DISCRIMFAMCODE","IDX","A","2014",0.5613,
"HTI","SIGI","RESTRCIVLIB","IDX","A","2014",0.3539,
"HTI","SIGI","RESTRPHYSINTEG","IDX","A","2014",0.501,
"HTI","SIGI","RESTRRESASSETS","IDX","A","2014",0.2048,
"HTI","SIGI","SONBIAS","IDX","A","2014",0,
"HKG","SIGI","DISCRIMFAMCODE","IDX","A","2014",0.0805,
"HKG","SIGI","RESTRCIVLIB","IDX","A","2014",0.1951,
"HKG","SIGI","RESTRRESASSETS","IDX","A","2014",0.4076,
"IND","SIGI","TOT","IDX","A","2014",0.265,
"IND","SIGI","DISCRIMFAMCODE","IDX","A","2014",0.644,
"IND","SIGI","RESTRCIVLIB","IDX","A","2014",0.3539,
"IND","SIGI","RESTRPHYSINTEG","IDX","A","2014",0.3772,
"IND","SIGI","RESTRRESASSETS","IDX","A","2014",0.5913,
"IND","SIGI","SONBIAS","IDX","A","2014",0.5415,
"IDN","SIGI","TOT","IDX","A","2014",0.1532,
"IDN","SIGI","DISCRIMFAMCODE","IDX","A","2014",0.5612,
"IDN","SIGI","RESTRCIVLIB","IDX","A","2014",0.4505,
"IDN","SIGI","RESTRPHYSINTEG","IDX","A","2014",0.2511,
"IDN","SIGI","RESTRRESASSETS","IDX","A","2014",0.1837,
"IDN","SIGI","SONBIAS","IDX","A","2014",0.3891,
"IRN","SIGI","DISCRIMFAMCODE","IDX","A","2014",0.7573,
"IRN","SIGI","RESTRCIVLIB","IDX","A","2014",1,
"IRN","SIGI","RESTRRESASSETS","IDX","A","2014",0.5913,
"ISR","SIGI","DISCRIMFAMCODE","IDX","A","2014",0.1178,
"ISR","SIGI","RESTRCIVLIB","IDX","A","2014",0.6093,
"ISR","SIGI","RESTRRESASSETS","IDX","A","2014",0,
"KAZ","SIGI","TOT","IDX","A","2014",0.1196,
"KAZ","SIGI","DISCRIMFAMCODE","IDX","A","2014",0.0282,
"KAZ","SIGI","RESTRCIVLIB","IDX","A","2014",0.6093,
"KAZ","SIGI","RESTRPHYSINTEG","IDX","A","2014",0.2176,
"KAZ","SIGI","RESTRRESASSETS","IDX","A","2014",0.4076,
"KAZ","SIGI","SONBIAS","IDX","A","2014",0.1126,
"LVA","SIGI","TOT","IDX","A","2014",0.0511,
"LVA","SIGI","DISCRIMFAMCODE","IDX","A","2014",0.0044,
"LVA","SIGI","RESTRCIVLIB","IDX","A","2014",0.3539,
"LVA","SIGI","RESTRPHYSINTEG","IDX","A","2014",0.3466,
"LVA","SIGI","RESTRRESASSETS","IDX","A","2014",0,
"LVA","SIGI","SONBIAS","IDX","A","2014",0.1008,
"LTU","SIGI","TOT","IDX","A","2014",0.0424,
"LTU","SIGI","DISCRIMFAMCODE","IDX","A","2014",0.0013,
"LTU","SIGI","RESTRCIVLIB","IDX","A","2014",0.3539,
"LTU","SIGI","RESTRPHYSINTEG","IDX","A","2014",0.2795,
"LTU","SIGI","RESTRRESASSETS","IDX","A","2014",0,
"LTU","SIGI","SONBIAS","IDX","A","2014",0.0931,
"MKD","SIGI","TOT","IDX","A","2014",0.1345,
"MKD","SIGI","DISCRIMFAMCODE","IDX","A","2014",0.1803,
"MKD","SIGI","RESTRCIVLIB","IDX","A","2014",0,
"MKD","SIGI","RESTRPHYSINTEG","IDX","A","2014",0.3911,
"MKD","SIGI","RESTRRESASSETS","IDX","A","2014",0.4076,
"MKD","SIGI","SONBIAS","IDX","A","2014",0.5666,
"MYS","SIGI","DISCRIMFAMCODE","IDX","A","2014",0.5267,
"MYS","SIGI","RESTRCIVLIB","IDX","A","2014",0.7953,
"MYS","SIGI","RESTRPHYSINTEG","IDX","A","2014",0.2682,
"MYS","SIGI","RESTRRESASSETS","IDX","A","2014",0.4076,
"MDA","SIGI","TOT","IDX","A","2014",0.0513,
"MDA","SIGI","DISCRIMFAMCODE","IDX","A","2014",0.2032,
"MDA","SIGI","RESTRCIVLIB","IDX","A","2014",0.3539,
"MDA","SIGI","RESTRPHYSINTEG","IDX","A","2014",0.2189,
"MDA","SIGI","RESTRRESASSETS","IDX","A","2014",0.2048,
"MDA","SIGI","SONBIAS","IDX","A","2014",0,
"MOZ","SIGI","TOT","IDX","A","2014",0.1375,
"MOZ","SIGI","DISCRIMFAMCODE","IDX","A","2014",0.4181,
"MOZ","SIGI","RESTRCIVLIB","IDX","A","2014",0.4505,
"MOZ","SIGI","RESTRPHYSINTEG","IDX","A","2014",0.3793,
"MOZ","SIGI","RESTRRESASSETS","IDX","A","2014",0.4076,
"MOZ","SIGI","SONBIAS","IDX","A","2014",0,
"NGA","SIGI","TOT","IDX","A","2014",0.3911,
"NGA","SIGI","DISCRIMFAMCODE","IDX","A","2014",0.6723,
"NGA","SIGI","RESTRCIVLIB","IDX","A","2014",0.7953,
"NGA","SIGI","RESTRPHYSINTEG","IDX","A","2014",0.4766,
"NGA","SIGI","RESTRRESASSETS","IDX","A","2014",0.7626,
"NGA","SIGI","SONBIAS","IDX","A","2014",0.2494,
"PAK","SIGI","TOT","IDX","A","2014",0.3013,
"PAK","SIGI","DISCRIMFAMCODE","IDX","A","2014",0.6908,
"PAK","SIGI","RESTRCIVLIB","IDX","A","2014",0.4505,
"PAK","SIGI","RESTRPHYSINTEG","IDX","A","2014",0.4127,
"PAK","SIGI","RESTRRESASSETS","IDX","A","2014",0.4076,
"PAK","SIGI","SONBIAS","IDX","A","2014",0.6998,
"PRY","SIGI","TOT","IDX","A","2014",0.058,
"PRY","SIGI","DISCRIMFAMCODE","IDX","A","2014",0.288,
"PRY","SIGI","RESTRCIVLIB","IDX","A","2014",0.1951,
"PRY","SIGI","RESTRPHYSINTEG","IDX","A","2014",0.044,
"PRY","SIGI","RESTRRESASSETS","IDX","A","2014",0.4076,
"PRY","SIGI","SONBIAS","IDX","A","2014",0.0291,
"PER","SIGI","TOT","IDX","A","2014",0.0826,
"PER","SIGI","DISCRIMFAMCODE","IDX","A","2014",0.4053,
"PER","SIGI","RESTRCIVLIB","IDX","A","2014",0.1951,
"PER","SIGI","RESTRPHYSINTEG","IDX","A","2014",0.2096,
"PER","SIGI","RESTRRESASSETS","IDX","A","2014",0.4076,
"PER","SIGI","SONBIAS","IDX","A","2014",0.0284,
"PHL","SIGI","TOT","IDX","A","2014",0.1765,
"PHL","SIGI","DISCRIMFAMCODE","IDX","A","2014",0.4929,
"PHL","SIGI","RESTRCIVLIB","IDX","A","2014",0.4505,
"PHL","SIGI","RESTRPHYSINTEG","IDX","A","2014",0.2597,
"PHL","SIGI","RESTRRESASSETS","IDX","A","2014",0.5913,
"PHL","SIGI","SONBIAS","IDX","A","2014",0.1392,
"ROU","SIGI","TOT","IDX","A","2014",0.0686,
"ROU","SIGI","DISCRIMFAMCODE","IDX","A","2014",0.1134,
"ROU","SIGI","RESTRCIVLIB","IDX","A","2014",0.5399,
"ROU","SIGI","RESTRPHYSINTEG","IDX","A","2014",0.17,
"ROU","SIGI","RESTRRESASSETS","IDX","A","2014",0,
"ROU","SIGI","SONBIAS","IDX","A","2014",0.0994,
"RUS","SIGI","DISCRIMFAMCODE","IDX","A","2014",0.0496,
"RUS","SIGI","RESTRCIVLIB","IDX","A","2014",0.5399,
"RUS","SIGI","RESTRPHYSINTEG","IDX","A","2014",0.2891,
"RUS","SIGI","RESTRRESASSETS","IDX","A","2014",0,
"SAU","SIGI","DISCRIMFAMCODE","IDX","A","2014",0.7114,
"SAU","SIGI","RESTRCIVLIB","IDX","A","2014",0.814,
"SAU","SIGI","RESTRRESASSETS","IDX","A","2014",0.5913,
"SGP","SIGI","DISCRIMFAMCODE","IDX","A","2014",0.1396,
"SGP","SIGI","RESTRCIVLIB","IDX","A","2014",0.3539,
"SGP","SIGI","RESTRRESASSETS","IDX","A","2014",0.2048,
"SVN","SIGI","TOT","IDX","A","2014",0.0037,
"SVN","SIGI","DISCRIMFAMCODE","IDX","A","2014",0.0031,
"SVN","SIGI","RESTRCIVLIB","IDX","A","2014",0,
"SVN","SIGI","RESTRPHYSINTEG","IDX","A","2014",0.0891,
"SVN","SIGI","RESTRRESASSETS","IDX","A","2014",0,
"SVN","SIGI","SONBIAS","IDX","A","2014",0.1023,
"ZAF","SIGI","TOT","IDX","A","2014",0.0599,
"ZAF","SIGI","DISCRIMFAMCODE","IDX","A","2014",0.0213,
"ZAF","SIGI","RESTRCIVLIB","IDX","A","2014",0.1951,
"ZAF","SIGI","RESTRPHYSINTEG","IDX","A","2014",0.2164,
"ZAF","SIGI","RESTRRESASSETS","IDX","A","2014",0.4076,
"ZAF","SIGI","SONBIAS","IDX","A","2014",0.2196,
"SDN","SIGI","TOT","IDX","A","2014",0.555,
"SDN","SIGI","DISCRIMFAMCODE","IDX","A","2014",0.8382,
"SDN","SIGI","RESTRCIVLIB","IDX","A","2014",0.6552,
"SDN","SIGI","RESTRPHYSINTEG","IDX","A","2014",0.9781,
"SDN","SIGI","RESTRRESASSETS","IDX","A","2014",0.8163,
"SDN","SIGI","SONBIAS","IDX","A","2014",0.1426,
"TZA","SIGI","TOT","IDX","A","2014",0.2504,
"TZA","SIGI","DISCRIMFAMCODE","IDX","A","2014",0.7166,
"TZA","SIGI","RESTRCIVLIB","IDX","A","2014",0.2554,
"TZA","SIGI","RESTRPHYSINTEG","IDX","A","2014",0.5415,
"TZA","SIGI","RESTRRESASSETS","IDX","A","2014",0.5913,
"TZA","SIGI","SONBIAS","IDX","A","2014",0.1746,
"THA","SIGI","TOT","IDX","A","2014",0.1056,
"THA","SIGI","DISCRIMFAMCODE","IDX","A","2014",0.377,
"THA","SIGI","RESTRCIVLIB","IDX","A","2014",0.3539,
"THA","SIGI","RESTRPHYSINTEG","IDX","A","2014",0.2935,
"THA","SIGI","RESTRRESASSETS","IDX","A","2014",0.3885,
"THA","SIGI","SONBIAS","IDX","A","2014",0.1533,
"UKR","SIGI","TOT","IDX","A","2014",0.075,
"UKR","SIGI","DISCRIMFAMCODE","IDX","A","2014",0.0414,
"UKR","SIGI","RESTRCIVLIB","IDX","A","2014",0.5399,
"UKR","SIGI","RESTRPHYSINTEG","IDX","A","2014",0.1517,
"UKR","SIGI","RESTRRESASSETS","IDX","A","2014",0,
"UKR","SIGI","SONBIAS","IDX","A","2014",0.243,
"ARE","SIGI","DISCRIMFAMCODE","IDX","A","2014",0.5274,
"ARE","SIGI","RESTRCIVLIB","IDX","A","2014",0.814,
"ARE","SIGI","RESTRRESASSETS","IDX","A","2014",0.5913,
"URY","SIGI","DISCRIMFAMCODE","IDX","A","2014",0.2761,
"URY","SIGI","RESTRCIVLIB","IDX","A","2014",0.3539,
"URY","SIGI","RESTRPHYSINTEG","IDX","A","2014",0.0933,
"URY","SIGI","RESTRRESASSETS","IDX","A","2014",0.1837,
"VNM","SIGI","TOT","IDX","A","2014",0.1865,
"VNM","SIGI","DISCRIMFAMCODE","IDX","A","2014",0.3374,
"VNM","SIGI","RESTRCIVLIB","IDX","A","2014",0.6093,
"VNM","SIGI","RESTRPHYSINTEG","IDX","A","2014",0.1857,
"VNM","SIGI","RESTRRESASSETS","IDX","A","2014",0.4076,
"VNM","SIGI","SONBIAS","IDX","A","2014",0.4967,
"ZMB","SIGI","TOT","IDX","A","2014",0.4489,
"ZMB","SIGI","DISCRIMFAMCODE","IDX","A","2014",0.5149,
"ZMB","SIGI","RESTRCIVLIB","IDX","A","2014",0.7953,
"ZMB","SIGI","RESTRPHYSINTEG","IDX","A","2014",0.5624,
"ZMB","SIGI","RESTRRESASSETS","IDX","A","2014",1,
"ZMB","SIGI","SONBIAS","IDX","A","2014",0.1746,
"SRB","SIGI","TOT","IDX","A","2014",0.0097,
"SRB","SIGI","DISCRIMFAMCODE","IDX","A","2014",0.1094,
"SRB","SIGI","RESTRCIVLIB","IDX","A","2014",0,
"SRB","SIGI","RESTRPHYSINTEG","IDX","A","2014",0.1171,
"SRB","SIGI","RESTRRESASSETS","IDX","A","2014",0,
"SRB","SIGI","SONBIAS","IDX","A","2014",0.1504,
"AFG","SIGI","TOT","IDX","A","2014",0.3224,
"AFG","SIGI","DISCRIMFAMCODE","IDX","A","2014",0.7316,
"AFG","SIGI","RESTRCIVLIB","IDX","A","2014",0.4601,
"AFG","SIGI","RESTRPHYSINTEG","IDX","A","2014",0.5473,
"AFG","SIGI","RESTRRESASSETS","IDX","A","2014",0.5913,
"AFG","SIGI","SONBIAS","IDX","A","2014",0.4644,
"AGO","SIGI","TOT","IDX","A","2014",0.1719,
"AGO","SIGI","DISCRIMFAMCODE","IDX","A","2014",0.4599,
"AGO","SIGI","RESTRCIVLIB","IDX","A","2014",0.1951,
"AGO","SIGI","RESTRPHYSINTEG","IDX","A","2014",0.5041,
"AGO","SIGI","RESTRRESASSETS","IDX","A","2014",0.5913,
"AGO","SIGI","SONBIAS","IDX","A","2014",0.0791,
"BHR","SIGI","DISCRIMFAMCODE","IDX","A","2014",0.7127,
"BHR","SIGI","RESTRCIVLIB","IDX","A","2014",0.7953,
"BHR","SIGI","RESTRRESASSETS","IDX","A","2014",0.1837,
"BEN","SIGI","TOT","IDX","A","2014",0.278,
"BEN","SIGI","DISCRIMFAMCODE","IDX","A","2014",0.2763,
"BEN","SIGI","RESTRCIVLIB","IDX","A","2014",0.7953,
"BEN","SIGI","RESTRPHYSINTEG","IDX","A","2014",0.4432,
"BEN","SIGI","RESTRRESASSETS","IDX","A","2014",0.5913,
"BEN","SIGI","SONBIAS","IDX","A","2014",0.3677,
"BTN","SIGI","TOT","IDX","A","2014",0.1142,
"BTN","SIGI","DISCRIMFAMCODE","IDX","A","2014",0.3238,
"BTN","SIGI","RESTRCIVLIB","IDX","A","2014",0.5399,
"BTN","SIGI","RESTRPHYSINTEG","IDX","A","2014",0.2946,
"BTN","SIGI","RESTRRESASSETS","IDX","A","2014",0,
"BTN","SIGI","SONBIAS","IDX","A","2014",0.2964,
"BOL","SIGI","TOT","IDX","A","2014",0.0579,
"BOL","SIGI","DISCRIMFAMCODE","IDX","A","2014",0.3676,
"BOL","SIGI","RESTRCIVLIB","IDX","A","2014",0,
"BOL","SIGI","RESTRPHYSINTEG","IDX","A","2014",0.3207,
"BOL","SIGI","RESTRRESASSETS","IDX","A","2014",0.2048,
"BOL","SIGI","SONBIAS","IDX","A","2014",0.0987,
"BWA","SIGI","DISCRIMFAMCODE","IDX","A","2014",0.3996,
"BWA","SIGI","RESTRCIVLIB","IDX","A","2014",0.7953,
"BWA","SIGI","RESTRPHYSINTEG","IDX","A","2014",0.306,
"BWA","SIGI","RESTRRESASSETS","IDX","A","2014",0.5913,
"BFA","SIGI","TOT","IDX","A","2014",0.2819,
"BFA","SIGI","DISCRIMFAMCODE","IDX","A","2014",0.5419,
"BFA","SIGI","RESTRCIVLIB","IDX","A","2014",0.4505,
"BFA","SIGI","RESTRPHYSINTEG","IDX","A","2014",0.7257,
"BFA","SIGI","RESTRRESASSETS","IDX","A","2014",0.5913,
"BFA","SIGI","SONBIAS","IDX","A","2014",0.191,
"BDI","SIGI","TOT","IDX","A","2014",0.1662,
"BDI","SIGI","DISCRIMFAMCODE","IDX","A","2014",0.5602,
"BDI","SIGI","RESTRCIVLIB","IDX","A","2014",0.2554,
"BDI","SIGI","RESTRPHYSINTEG","IDX","A","2014",0.5055,
"BDI","SIGI","RESTRRESASSETS","IDX","A","2014",0.4076,
"BDI","SIGI","SONBIAS","IDX","A","2014",0.1746,
"CMR","SIGI","TOT","IDX","A","2014",0.2803,
"CMR","SIGI","DISCRIMFAMCODE","IDX","A","2014",0.5024,
"CMR","SIGI","RESTRCIVLIB","IDX","A","2014",0.4505,
"CMR","SIGI","RESTRPHYSINTEG","IDX","A","2014",0.5333,
"CMR","SIGI","RESTRRESASSETS","IDX","A","2014",0.7869,
"CMR","SIGI","SONBIAS","IDX","A","2014",0.2066,
"CAF","SIGI","TOT","IDX","A","2014",0.3285,
"CAF","SIGI","DISCRIMFAMCODE","IDX","A","2014",0.5327,
"CAF","SIGI","RESTRCIVLIB","IDX","A","2014",0.7953,
"CAF","SIGI","RESTRPHYSINTEG","IDX","A","2014",0.6135,
"CAF","SIGI","RESTRRESASSETS","IDX","A","2014",0.5913,
"CAF","SIGI","SONBIAS","IDX","A","2014",0.0071,
"TCD","SIGI","TOT","IDX","A","2014",0.4665,
"TCD","SIGI","DISCRIMFAMCODE","IDX","A","2014",0.9705,
"TCD","SIGI","RESTRCIVLIB","IDX","A","2014",0.6093,
"TCD","SIGI","RESTRPHYSINTEG","IDX","A","2014",0.8185,
"TCD","SIGI","RESTRRESASSETS","IDX","A","2014",0.5913,
"TCD","SIGI","SONBIAS","IDX","A","2014",0.0014,
"COG","SIGI","TOT","IDX","A","2014",0.2033,
"COG","SIGI","DISCRIMFAMCODE","IDX","A","2014",0.506,
"COG","SIGI","RESTRCIVLIB","IDX","A","2014",0.6093,
"COG","SIGI","RESTRPHYSINTEG","IDX","A","2014",0.4725,
"COG","SIGI","RESTRRESASSETS","IDX","A","2014",0.4076,
"COG","SIGI","SONBIAS","IDX","A","2014",0,
"CRI","SIGI","TOT","IDX","A","2014",0.0506,
"CRI","SIGI","DISCRIMFAMCODE","IDX","A","2014",0.2513,
"CRI","SIGI","RESTRCIVLIB","IDX","A","2014",0,
"CRI","SIGI","RESTRPHYSINTEG","IDX","A","2014",0.1544,
"CRI","SIGI","RESTRRESASSETS","IDX","A","2014",0.4076,
"CRI","SIGI","SONBIAS","IDX","A","2014",0.0121,
"CIV","SIGI","TOT","IDX","A","2014",0.2537,
"CIV","SIGI","DISCRIMFAMCODE","IDX","A","2014",0.4955,
"CIV","SIGI","RESTRCIVLIB","IDX","A","2014",0.5399,
"CIV","SIGI","RESTRPHYSINTEG","IDX","A","2014",0.5895,
"CIV","SIGI","RESTRRESASSETS","IDX","A","2014",0.5913,
"CIV","SIGI","SONBIAS","IDX","A","2014",0.1858,
"CUB","SIGI","TOT","IDX","A","2014",0.0208,
"CUB","SIGI","DISCRIMFAMCODE","IDX","A","2014",0.242,
"CUB","SIGI","RESTRCIVLIB","IDX","A","2014",0.1951,
"CUB","SIGI","RESTRPHYSINTEG","IDX","A","2014",0.0871,
"CUB","SIGI","RESTRRESASSETS","IDX","A","2014",0,
"CUB","SIGI","SONBIAS","IDX","A","2014",0,
"PRK","SIGI","DISCRIMFAMCODE","IDX","A","2014",0.2417,
"PRK","SIGI","RESTRCIVLIB","IDX","A","2014",0.6093,
"PRK","SIGI","RESTRRESASSETS","IDX","A","2014",0,
"COD","SIGI","TOT","IDX","A","2014",0.4276,
"COD","SIGI","DISCRIMFAMCODE","IDX","A","2014",0.5169,
"COD","SIGI","RESTRCIVLIB","IDX","A","2014",0.814,
"COD","SIGI","RESTRPHYSINTEG","IDX","A","2014",0.5338,
"COD","SIGI","RESTRRESASSETS","IDX","A","2014",0.9582,
"COD","SIGI","SONBIAS","IDX","A","2014",0.0691,
"DOM","SIGI","TOT","IDX","A","2014",0.0367,
"DOM","SIGI","DISCRIMFAMCODE","IDX","A","2014",0.3691,
"DOM","SIGI","RESTRCIVLIB","IDX","A","2014",0.1951,
"DOM","SIGI","RESTRPHYSINTEG","IDX","A","2014",0.0958,
"DOM","SIGI","RESTRRESASSETS","IDX","A","2014",0,
"DOM","SIGI","SONBIAS","IDX","A","2014",0.0118,
"ECU","SIGI","TOT","IDX","A","2014",0.0422,
"ECU","SIGI","DISCRIMFAMCODE","IDX","A","2014",0.1374,
"ECU","SIGI","RESTRCIVLIB","IDX","A","2014",0,
"ECU","SIGI","RESTRPHYSINTEG","IDX","A","2014",0.3737,
"ECU","SIGI","RESTRRESASSETS","IDX","A","2014",0.2048,
"ECU","SIGI","SONBIAS","IDX","A","2014",0.1037,
"SLV","SIGI","TOT","IDX","A","2014",0.049,
"SLV","SIGI","DISCRIMFAMCODE","IDX","A","2014",0.1066,
"SLV","SIGI","RESTRCIVLIB","IDX","A","2014",0,
"SLV","SIGI","RESTRPHYSINTEG","IDX","A","2014",0.2675,
"SLV","SIGI","RESTRRESASSETS","IDX","A","2014",0.3885,
"SLV","SIGI","SONBIAS","IDX","A","2014",0.1049,
"GNQ","SIGI","DISCRIMFAMCODE","IDX","A","2014",0.5545,
"GNQ","SIGI","RESTRCIVLIB","IDX","A","2014",0.7953,
"GNQ","SIGI","RESTRRESASSETS","IDX","A","2014",0.4076,
"ERI","SIGI","DISCRIMFAMCODE","IDX","A","2014",0.3321,
"ERI","SIGI","RESTRCIVLIB","IDX","A","2014",0.1951,
"ERI","SIGI","RESTRPHYSINTEG","IDX","A","2014",0.9712,
"ERI","SIGI","RESTRRESASSETS","IDX","A","2014",0.2048,
"FJI","SIGI","DISCRIMFAMCODE","IDX","A","2014",0.1998,
"FJI","SIGI","RESTRCIVLIB","IDX","A","2014",0.5399,
"FJI","SIGI","RESTRRESASSETS","IDX","A","2014",0.5913,
"GAB","SIGI","TOT","IDX","A","2014",0.4022,
"GAB","SIGI","DISCRIMFAMCODE","IDX","A","2014",0.6457,
"GAB","SIGI","RESTRCIVLIB","IDX","A","2014",0.814,
"GAB","SIGI","RESTRPHYSINTEG","IDX","A","2014",0.5308,
"GAB","SIGI","RESTRRESASSETS","IDX","A","2014",0.7869,
"GAB","SIGI","SONBIAS","IDX","A","2014",0.1746,
"GMB","SIGI","TOT","IDX","A","2014",0.524,
"GMB","SIGI","DISCRIMFAMCODE","IDX","A","2014",0.5131,
"GMB","SIGI","RESTRCIVLIB","IDX","A","2014",0.7953,
"GMB","SIGI","RESTRPHYSINTEG","IDX","A","2014",0.8509,
"GMB","SIGI","RESTRRESASSETS","IDX","A","2014",1,
"GMB","SIGI","SONBIAS","IDX","A","2014",0,
"GTM","SIGI","TOT","IDX","A","2014",0.1318,
"GTM","SIGI","DISCRIMFAMCODE","IDX","A","2014",0.3953,
"GTM","SIGI","RESTRCIVLIB","IDX","A","2014",0.5399,
"GTM","SIGI","RESTRPHYSINTEG","IDX","A","2014",0.3213,
"GTM","SIGI","RESTRRESASSETS","IDX","A","2014",0.2048,
"GTM","SIGI","SONBIAS","IDX","A","2014",0.2566,
"GIN","SIGI","TOT","IDX","A","2014",0.3206,
"GIN","SIGI","DISCRIMFAMCODE","IDX","A","2014",0.5413,
"GIN","SIGI","RESTRCIVLIB","IDX","A","2014",0.4505,
"GIN","SIGI","RESTRPHYSINTEG","IDX","A","2014",0.9515,
"GIN","SIGI","RESTRRESASSETS","IDX","A","2014",0.3885,
"GIN","SIGI","SONBIAS","IDX","A","2014",0.2253,
"GNB","SIGI","TOT","IDX","A","2014",0.211,
"GNB","SIGI","DISCRIMFAMCODE","IDX","A","2014",0.4073,
"GNB","SIGI","RESTRCIVLIB","IDX","A","2014",0.5399,
"GNB","SIGI","RESTRPHYSINTEG","IDX","A","2014",0.4932,
"GNB","SIGI","RESTRRESASSETS","IDX","A","2014",0.5913,
"GNB","SIGI","SONBIAS","IDX","A","2014",0.0713,
"HND","SIGI","TOT","IDX","A","2014",0.1074,
"HND","SIGI","DISCRIMFAMCODE","IDX","A","2014",0.3891,
"HND","SIGI","RESTRCIVLIB","IDX","A","2014",0.4505,
"HND","SIGI","RESTRPHYSINTEG","IDX","A","2014",0.1044,
"HND","SIGI","RESTRRESASSETS","IDX","A","2014",0.3885,
"HND","SIGI","SONBIAS","IDX","A","2014",0.1443,
"IRQ","SIGI","TOT","IDX","A","2014",0.2631,
"IRQ","SIGI","DISCRIMFAMCODE","IDX","A","2014",0.7035,
"IRQ","SIGI","RESTRCIVLIB","IDX","A","2014",0.4601,
"IRQ","SIGI","RESTRPHYSINTEG","IDX","A","2014",0.3347,
"IRQ","SIGI","RESTRRESASSETS","IDX","A","2014",0.5913,
"IRQ","SIGI","SONBIAS","IDX","A","2014",0.3834,
"JAM","SIGI","TOT","IDX","A","2014",0.135,
"JAM","SIGI","DISCRIMFAMCODE","IDX","A","2014",0.0031,
"JAM","SIGI","RESTRCIVLIB","IDX","A","2014",0.7953,
"JAM","SIGI","RESTRPHYSINTEG","IDX","A","2014",0.2046,
"JAM","SIGI","RESTRRESASSETS","IDX","A","2014",0,
"JAM","SIGI","SONBIAS","IDX","A","2014",0.0271,
"JOR","SIGI","TOT","IDX","A","2014",0.3119,
"JOR","SIGI","DISCRIMFAMCODE","IDX","A","2014",0.5274,
"JOR","SIGI","RESTRCIVLIB","IDX","A","2014",0.6093,
"JOR","SIGI","RESTRPHYSINTEG","IDX","A","2014",0.315,
"JOR","SIGI","RESTRRESASSETS","IDX","A","2014",0.5913,
"JOR","SIGI","SONBIAS","IDX","A","2014",0.679,
"KEN","SIGI","TOT","IDX","A","2014",0.2157,
"KEN","SIGI","DISCRIMFAMCODE","IDX","A","2014",0.3502,
"KEN","SIGI","RESTRCIVLIB","IDX","A","2014",0.1951,
"KEN","SIGI","RESTRPHYSINTEG","IDX","A","2014",0.6122,
"KEN","SIGI","RESTRRESASSETS","IDX","A","2014",0.5913,
"KEN","SIGI","SONBIAS","IDX","A","2014",0.4397,
"KWT","SIGI","DISCRIMFAMCODE","IDX","A","2014",0.6544,
"KWT","SIGI","RESTRCIVLIB","IDX","A","2014",0.7953,
"KWT","SIGI","RESTRRESASSETS","IDX","A","2014",0,
"KGZ","SIGI","TOT","IDX","A","2014",0.1598,
"KGZ","SIGI","DISCRIMFAMCODE","IDX","A","2014",0.1879,
"KGZ","SIGI","RESTRCIVLIB","IDX","A","2014",0.4505,
"KGZ","SIGI","RESTRPHYSINTEG","IDX","A","2014",0.3771,
"KGZ","SIGI","RESTRRESASSETS","IDX","A","2014",0.5913,
"KGZ","SIGI","SONBIAS","IDX","A","2014",0.2624,
"LAO","SIGI","TOT","IDX","A","2014",0.1445,
"LAO","SIGI","DISCRIMFAMCODE","IDX","A","2014",0.2606,
"LAO","SIGI","RESTRCIVLIB","IDX","A","2014",0.4505,
"LAO","SIGI","RESTRPHYSINTEG","IDX","A","2014",0.5321,
"LAO","SIGI","RESTRRESASSETS","IDX","A","2014",0.4076,
"LAO","SIGI","SONBIAS","IDX","A","2014",0.0506,
"LBN","SIGI","TOT","IDX","A","2014",0.2897,
"LBN","SIGI","DISCRIMFAMCODE","IDX","A","2014",0.6143,
"LBN","SIGI","RESTRCIVLIB","IDX","A","2014",0.7953,
"LBN","SIGI","RESTRPHYSINTEG","IDX","A","2014",0.2488,
"LBN","SIGI","RESTRRESASSETS","IDX","A","2014",0.5913,
"LBN","SIGI","SONBIAS","IDX","A","2014",0.1639,
"LSO","SIGI","TOT","IDX","A","2014",0.0876,
"LSO","SIGI","DISCRIMFAMCODE","IDX","A","2014",0.4266,
"LSO","SIGI","RESTRCIVLIB","IDX","A","2014",0,
"LSO","SIGI","RESTRPHYSINTEG","IDX","A","2014",0.4112,
"LSO","SIGI","RESTRRESASSETS","IDX","A","2014",0.2048,
"LSO","SIGI","SONBIAS","IDX","A","2014",0.2116,
"LBR","SIGI","TOT","IDX","A","2014",0.3828,
"LBR","SIGI","DISCRIMFAMCODE","IDX","A","2014",0.5669,
"LBR","SIGI","RESTRCIVLIB","IDX","A","2014",0.7953,
"LBR","SIGI","RESTRPHYSINTEG","IDX","A","2014",0.8907,
"LBR","SIGI","RESTRRESASSETS","IDX","A","2014",0.4076,
"LBR","SIGI","SONBIAS","IDX","A","2014",0.0236,
"LBY","SIGI","DISCRIMFAMCODE","IDX","A","2014",0.434,
"LBY","SIGI","RESTRCIVLIB","IDX","A","2014",0.6093,
"LBY","SIGI","RESTRPHYSINTEG","IDX","A","2014",0.3554,
"LBY","SIGI","RESTRRESASSETS","IDX","A","2014",0.5913,
"MDG","SIGI","TOT","IDX","A","2014",0.1002,
"MDG","SIGI","DISCRIMFAMCODE","IDX","A","2014",0.4889,
"MDG","SIGI","RESTRCIVLIB","IDX","A","2014",0.3539,
"MDG","SIGI","RESTRPHYSINTEG","IDX","A","2014",0.3079,
"MDG","SIGI","RESTRRESASSETS","IDX","A","2014",0.2048,
"MDG","SIGI","SONBIAS","IDX","A","2014",0,
"MWI","SIGI","TOT","IDX","A","2014",0.2073,
"MWI","SIGI","DISCRIMFAMCODE","IDX","A","2014",0.3985,
"MWI","SIGI","RESTRCIVLIB","IDX","A","2014",0.6093,
"MWI","SIGI","RESTRPHYSINTEG","IDX","A","2014",0.3554,
"MWI","SIGI","RESTRRESASSETS","IDX","A","2014",0.5913,
"MWI","SIGI","SONBIAS","IDX","A","2014",0.1746,
"MLI","SIGI","TOT","IDX","A","2014",0.5164,
"MLI","SIGI","DISCRIMFAMCODE","IDX","A","2014",0.8309,
"MLI","SIGI","RESTRCIVLIB","IDX","A","2014",0.7953,
"MLI","SIGI","RESTRPHYSINTEG","IDX","A","2014",1,
"MLI","SIGI","RESTRRESASSETS","IDX","A","2014",0.4076,
"MLI","SIGI","SONBIAS","IDX","A","2014",0.3048,
"MRT","SIGI","TOT","IDX","A","2014",0.3954,
"MRT","SIGI","DISCRIMFAMCODE","IDX","A","2014",0.7556,
"MRT","SIGI","RESTRCIVLIB","IDX","A","2014",0.1951,
"MRT","SIGI","RESTRPHYSINTEG","IDX","A","2014",0.9939,
"MRT","SIGI","RESTRRESASSETS","IDX","A","2014",0.5913,
"MRT","SIGI","SONBIAS","IDX","A","2014",0.1746,
"MUS","SIGI","DISCRIMFAMCODE","IDX","A","2014",0.1998,
"MUS","SIGI","RESTRCIVLIB","IDX","A","2014",0.2812,
"MUS","SIGI","RESTRPHYSINTEG","IDX","A","2014",0.3151,
"MUS","SIGI","RESTRRESASSETS","IDX","A","2014",0,
"MNG","SIGI","TOT","IDX","A","2014",0.0345,
"MNG","SIGI","DISCRIMFAMCODE","IDX","A","2014",0.0226,
"MNG","SIGI","RESTRCIVLIB","IDX","A","2014",0.1951,
"MNG","SIGI","RESTRPHYSINTEG","IDX","A","2014",0.2584,
"MNG","SIGI","RESTRRESASSETS","IDX","A","2014",0.2048,
"MNG","SIGI","SONBIAS","IDX","A","2014",0.1582,
"MAR","SIGI","TOT","IDX","A","2014",0.1052,
"MAR","SIGI","DISCRIMFAMCODE","IDX","A","2014",0.461,
"MAR","SIGI","RESTRCIVLIB","IDX","A","2014",0.1951,
"MAR","SIGI","RESTRPHYSINTEG","IDX","A","2014",0.3159,
"MAR","SIGI","RESTRRESASSETS","IDX","A","2014",0.3885,
"MAR","SIGI","SONBIAS","IDX","A","2014",0.1574,
"MMR","SIGI","TOT","IDX","A","2014",0.2935,
"MMR","SIGI","DISCRIMFAMCODE","IDX","A","2014",0.4963,
"MMR","SIGI","RESTRCIVLIB","IDX","A","2014",0.7953,
"MMR","SIGI","RESTRPHYSINTEG","IDX","A","2014",0.4891,
"MMR","SIGI","RESTRRESASSETS","IDX","A","2014",0.5913,
"MMR","SIGI","SONBIAS","IDX","A","2014",0,
"NAM","SIGI","TOT","IDX","A","2014",0.1173,
"NAM","SIGI","DISCRIMFAMCODE","IDX","A","2014",0.1709,
"NAM","SIGI","RESTRCIVLIB","IDX","A","2014",0.2812,
"NAM","SIGI","RESTRPHYSINTEG","IDX","A","2014",0.3522,
"NAM","SIGI","RESTRRESASSETS","IDX","A","2014",0.5913,
"NAM","SIGI","SONBIAS","IDX","A","2014",0.0668,
"NPL","SIGI","TOT","IDX","A","2014",0.3229,
"NPL","SIGI","DISCRIMFAMCODE","IDX","A","2014",0.1813,
"NPL","SIGI","RESTRCIVLIB","IDX","A","2014",0.2554,
"NPL","SIGI","RESTRPHYSINTEG","IDX","A","2014",0.4083,
"NPL","SIGI","RESTRRESASSETS","IDX","A","2014",0.5913,
"NPL","SIGI","SONBIAS","IDX","A","2014",1,
"NIC","SIGI","TOT","IDX","A","2014",0.1595,
"NIC","SIGI","DISCRIMFAMCODE","IDX","A","2014",0.6303,
"NIC","SIGI","RESTRCIVLIB","IDX","A","2014",0.4505,
"NIC","SIGI","RESTRPHYSINTEG","IDX","A","2014",0.1868,
"NIC","SIGI","RESTRRESASSETS","IDX","A","2014",0.3885,
"NIC","SIGI","SONBIAS","IDX","A","2014",0.1082,
"NER","SIGI","TOT","IDX","A","2014",0.4415,
"NER","SIGI","DISCRIMFAMCODE","IDX","A","2014",1,
"NER","SIGI","RESTRCIVLIB","IDX","A","2014",0.814,
"NER","SIGI","RESTRPHYSINTEG","IDX","A","2014",0.4059,
"NER","SIGI","RESTRRESASSETS","IDX","A","2014",0.5913,
"NER","SIGI","SONBIAS","IDX","A","2014",0.1746,
"PSE","SIGI","DISCRIMFAMCODE","IDX","A","2014",0.6613,
"PSE","SIGI","RESTRCIVLIB","IDX","A","2014",0.6093,
"PSE","SIGI","RESTRRESASSETS","IDX","A","2014",0.5913,
"PSE","SIGI","SONBIAS","IDX","A","2014",0.5752,
"OMN","SIGI","DISCRIMFAMCODE","IDX","A","2014",0.6082,
"OMN","SIGI","RESTRCIVLIB","IDX","A","2014",1,
"OMN","SIGI","RESTRRESASSETS","IDX","A","2014",0.5913,
"PAN","SIGI","TOT","IDX","A","2014",0.0375,
"PAN","SIGI","DISCRIMFAMCODE","IDX","A","2014",0.2344,
"PAN","SIGI","RESTRCIVLIB","IDX","A","2014",0.3539,
"PAN","SIGI","RESTRPHYSINTEG","IDX","A","2014",0.0148,
"PAN","SIGI","RESTRRESASSETS","IDX","A","2014",0,
"PAN","SIGI","SONBIAS","IDX","A","2014",0.0855,
"PNG","SIGI","DISCRIMFAMCODE","IDX","A","2014",0.4773,
"PNG","SIGI","RESTRCIVLIB","IDX","A","2014",0.5399,
"PNG","SIGI","RESTRRESASSETS","IDX","A","2014",0.8044,
"QAT","SIGI","DISCRIMFAMCODE","IDX","A","2014",0.7353,
"QAT","SIGI","RESTRCIVLIB","IDX","A","2014",1,
"QAT","SIGI","RESTRRESASSETS","IDX","A","2014",0.5913,
"RWA","SIGI","TOT","IDX","A","2014",0.1339,
"RWA","SIGI","DISCRIMFAMCODE","IDX","A","2014",0.2618,
"RWA","SIGI","RESTRCIVLIB","IDX","A","2014",0.2554,
"RWA","SIGI","RESTRPHYSINTEG","IDX","A","2014",0.4082,
"RWA","SIGI","RESTRRESASSETS","IDX","A","2014",0.5913,
"RWA","SIGI","SONBIAS","IDX","A","2014",0.1392,
"SEN","SIGI","TOT","IDX","A","2014",0.1985,
"SEN","SIGI","DISCRIMFAMCODE","IDX","A","2014",0.5931,
"SEN","SIGI","RESTRCIVLIB","IDX","A","2014",0.2554,
"SEN","SIGI","RESTRPHYSINTEG","IDX","A","2014",0.6337,
"SEN","SIGI","RESTRRESASSETS","IDX","A","2014",0.4076,
"SEN","SIGI","SONBIAS","IDX","A","2014",0.0888,
"SLE","SIGI","TOT","IDX","A","2014",0.372,
"SLE","SIGI","DISCRIMFAMCODE","IDX","A","2014",0.3309,
"SLE","SIGI","RESTRCIVLIB","IDX","A","2014",0.6093,
"SLE","SIGI","RESTRPHYSINTEG","IDX","A","2014",0.855,
"SLE","SIGI","RESTRRESASSETS","IDX","A","2014",0.8044,
"SLE","SIGI","SONBIAS","IDX","A","2014",0.0364,
"SOM","SIGI","TOT","IDX","A","2014",0.4594,
"SOM","SIGI","DISCRIMFAMCODE","IDX","A","2014",0.5958,
"SOM","SIGI","RESTRCIVLIB","IDX","A","2014",0.6093,
"SOM","SIGI","RESTRPHYSINTEG","IDX","A","2014",0.9905,
"SOM","SIGI","RESTRRESASSETS","IDX","A","2014",0.7626,
"SOM","SIGI","SONBIAS","IDX","A","2014",0.0891,
"LKA","SIGI","TOT","IDX","A","2014",0.1894,
"LKA","SIGI","DISCRIMFAMCODE","IDX","A","2014",0.4203,
"LKA","SIGI","RESTRCIVLIB","IDX","A","2014",0.5399,
"LKA","SIGI","RESTRPHYSINTEG","IDX","A","2014",0.2681,
"LKA","SIGI","RESTRRESASSETS","IDX","A","2014",0.6207,
"LKA","SIGI","SONBIAS","IDX","A","2014",0.1483,
"SWZ","SIGI","TOT","IDX","A","2014",0.2119,
"SWZ","SIGI","DISCRIMFAMCODE","IDX","A","2014",0.4944,
"SWZ","SIGI","RESTRCIVLIB","IDX","A","2014",0.6093,
"SWZ","SIGI","RESTRPHYSINTEG","IDX","A","2014",0.3071,
"SWZ","SIGI","RESTRRESASSETS","IDX","A","2014",0.5913,
"SWZ","SIGI","SONBIAS","IDX","A","2014",0,
"SYR","SIGI","TOT","IDX","A","2014",0.4162,
"SYR","SIGI","DISCRIMFAMCODE","IDX","A","2014",0.6914,
"SYR","SIGI","RESTRCIVLIB","IDX","A","2014",1,
"SYR","SIGI","RESTRPHYSINTEG","IDX","A","2014",0.2598,
"SYR","SIGI","RESTRRESASSETS","IDX","A","2014",0.5913,
"SYR","SIGI","SONBIAS","IDX","A","2014",0.4312,
"TJK","SIGI","TOT","IDX","A","2014",0.1393,
"TJK","SIGI","DISCRIMFAMCODE","IDX","A","2014",0.3182,
"TJK","SIGI","RESTRCIVLIB","IDX","A","2014",0.3539,
"TJK","SIGI","RESTRPHYSINTEG","IDX","A","2014",0.4138,
"TJK","SIGI","RESTRRESASSETS","IDX","A","2014",0.2028,
"TJK","SIGI","SONBIAS","IDX","A","2014",0.5075,
"TLS","SIGI","TOT","IDX","A","2014",0.255,
"TLS","SIGI","DISCRIMFAMCODE","IDX","A","2014",0.3882,
"TLS","SIGI","RESTRCIVLIB","IDX","A","2014",0.6552,
"TLS","SIGI","RESTRPHYSINTEG","IDX","A","2014",0.5421,
"TLS","SIGI","RESTRRESASSETS","IDX","A","2014",0.5913,
"TLS","SIGI","SONBIAS","IDX","A","2014",0.2271,
"TGO","SIGI","TOT","IDX","A","2014",0.186,
"TGO","SIGI","DISCRIMFAMCODE","IDX","A","2014",0.3696,
"TGO","SIGI","RESTRCIVLIB","IDX","A","2014",0.3539,
"TGO","SIGI","RESTRPHYSINTEG","IDX","A","2014",0.5488,
"TGO","SIGI","RESTRRESASSETS","IDX","A","2014",0.5913,
"TGO","SIGI","SONBIAS","IDX","A","2014",0.1326,
"TTO","SIGI","TOT","IDX","A","2014",0.0236,
"TTO","SIGI","DISCRIMFAMCODE","IDX","A","2014",0.2504,
"TTO","SIGI","RESTRCIVLIB","IDX","A","2014",0.1951,
"TTO","SIGI","RESTRPHYSINTEG","IDX","A","2014",0.1306,
"TTO","SIGI","RESTRRESASSETS","IDX","A","2014",0,
"TTO","SIGI","SONBIAS","IDX","A","2014",0,
"TUN","SIGI","TOT","IDX","A","2014",0.1986,
"TUN","SIGI","DISCRIMFAMCODE","IDX","A","2014",0.4314,
"TUN","SIGI","RESTRCIVLIB","IDX","A","2014",0.4505,
"TUN","SIGI","RESTRPHYSINTEG","IDX","A","2014",0.1598,
"TUN","SIGI","RESTRRESASSETS","IDX","A","2014",0.5913,
"TUN","SIGI","SONBIAS","IDX","A","2014",0.4782,
"TKM","SIGI","DISCRIMFAMCODE","IDX","A","2014",0.1703,
"TKM","SIGI","RESTRCIVLIB","IDX","A","2014",0.6093,
"TKM","SIGI","RESTRPHYSINTEG","IDX","A","2014",0.3271,
"TKM","SIGI","RESTRRESASSETS","IDX","A","2014",0.2048,
"UGA","SIGI","TOT","IDX","A","2014",0.2163,
"UGA","SIGI","DISCRIMFAMCODE","IDX","A","2014",0.5093,
"UGA","SIGI","RESTRCIVLIB","IDX","A","2014",0.2554,
"UGA","SIGI","RESTRPHYSINTEG","IDX","A","2014",0.5635,
"UGA","SIGI","RESTRRESASSETS","IDX","A","2014",0.5913,
"UGA","SIGI","SONBIAS","IDX","A","2014",0.2991,
"UZB","SIGI","TOT","IDX","A","2014",0.1475,
"UZB","SIGI","DISCRIMFAMCODE","IDX","A","2014",0.2477,
"UZB","SIGI","RESTRCIVLIB","IDX","A","2014",0.4505,
"UZB","SIGI","RESTRPHYSINTEG","IDX","A","2014",0.2966,
"UZB","SIGI","RESTRRESASSETS","IDX","A","2014",0.5913,
"UZB","SIGI","SONBIAS","IDX","A","2014",0.1884,
"VEN","SIGI","TOT","IDX","A","2014",0.0389,
"VEN","SIGI","DISCRIMFAMCODE","IDX","A","2014",0.2456,
"VEN","SIGI","RESTRCIVLIB","IDX","A","2014",0.3539,
"VEN","SIGI","RESTRPHYSINTEG","IDX","A","2014",0.0941,
"VEN","SIGI","RESTRRESASSETS","IDX","A","2014",0,
"VEN","SIGI","SONBIAS","IDX","A","2014",0.0071,
"YEM","SIGI","TOT","IDX","A","2014",0.5634,
"YEM","SIGI","DISCRIMFAMCODE","IDX","A","2014",0.7942,
"YEM","SIGI","RESTRCIVLIB","IDX","A","2014",1,
"YEM","SIGI","RESTRPHYSINTEG","IDX","A","2014",0.8485,
"YEM","SIGI","RESTRRESASSETS","IDX","A","2014",0.5913,
"YEM","SIGI","SONBIAS","IDX","A","2014",0.3414,
"ZWE","SIGI","TOT","IDX","A","2014",0.1392,
"ZWE","SIGI","DISCRIMFAMCODE","IDX","A","2014",0.57,
"ZWE","SIGI","RESTRCIVLIB","IDX","A","2014",0,
"ZWE","SIGI","RESTRPHYSINTEG","IDX","A","2014",0.3435,
"ZWE","SIGI","RESTRRESASSETS","IDX","A","2014",0.4076,
"ZWE","SIGI","SONBIAS","IDX","A","2014",0.2951,
