﻿"LOCATION","INDICATOR","SUBJECT","MEASURE","FREQUENCY","TIME","Value","Flag Codes"
"AUS","EDUEXPTRY","HH","PC_EDUEXP","A","2012",40.025,
"AUS","EDUEXPTRY","HH","PC_EDUEXP","A","2013",42.236,
"AUS","EDUEXPTRY","HH","PC_EDUEXP","A","2014",47.647,
"AUS","EDUEXPTRY","HH","PC_EDUEXP","A","2015",49.861,
"AUS","EDUEXPTRY","HH","PC_EDUEXP","A","2016",,"M"
"AUS","EDUEXPTRY","OTHPRIVENT","PC_EDUEXP","A","2012",15.035,
"AUS","EDUEXPTRY","OTHPRIVENT","PC_EDUEXP","A","2013",15.273,
"AUS","EDUEXPTRY","OTHPRIVENT","PC_EDUEXP","A","2014",13.593,
"AUS","EDUEXPTRY","OTHPRIVENT","PC_EDUEXP","A","2015",12.319,
"AUS","EDUEXPTRY","OTHPRIVENT","PC_EDUEXP","A","2016",,"M"
"AUS","EDUEXPTRY","SUBS","PC_EDUEXP","A","2012",10.1,
"AUT","EDUEXPTRY","HH","PC_EDUEXP","A","2012",2.075,
"AUT","EDUEXPTRY","HH","PC_EDUEXP","A","2013",2.584,
"AUT","EDUEXPTRY","HH","PC_EDUEXP","A","2014",2.925,
"AUT","EDUEXPTRY","HH","PC_EDUEXP","A","2015",3.086,
"AUT","EDUEXPTRY","HH","PC_EDUEXP","A","2016",,"M"
"AUT","EDUEXPTRY","OTHPRIVENT","PC_EDUEXP","A","2012",2.781,
"AUT","EDUEXPTRY","OTHPRIVENT","PC_EDUEXP","A","2013",2.81,
"AUT","EDUEXPTRY","OTHPRIVENT","PC_EDUEXP","A","2014",2.644,
"AUT","EDUEXPTRY","OTHPRIVENT","PC_EDUEXP","A","2015",3.146,
"AUT","EDUEXPTRY","OTHPRIVENT","PC_EDUEXP","A","2016",,"M"
"AUT","EDUEXPTRY","SUBS","PC_EDUEXP","A","2012",9.4,
"BEL","EDUEXPTRY","HH","PC_EDUEXP","A","2012",4.775,
"BEL","EDUEXPTRY","HH","PC_EDUEXP","A","2013",4.702,
"BEL","EDUEXPTRY","HH","PC_EDUEXP","A","2014",5.824,
"BEL","EDUEXPTRY","HH","PC_EDUEXP","A","2015",8.575,
"BEL","EDUEXPTRY","HH","PC_EDUEXP","A","2016",,"M"
"BEL","EDUEXPTRY","OTHPRIVENT","PC_EDUEXP","A","2012",5.025,
"BEL","EDUEXPTRY","OTHPRIVENT","PC_EDUEXP","A","2013",5.37,
"BEL","EDUEXPTRY","OTHPRIVENT","PC_EDUEXP","A","2014",5.618,
"BEL","EDUEXPTRY","OTHPRIVENT","PC_EDUEXP","A","2015",5.631,
"BEL","EDUEXPTRY","OTHPRIVENT","PC_EDUEXP","A","2016",,"M"
"BEL","EDUEXPTRY","SUBS","PC_EDUEXP","A","2012",15.7,
"CAN","EDUEXPTRY","HH","PC_EDUEXP","A","2012",24.329,
"CAN","EDUEXPTRY","HH","PC_EDUEXP","A","2013",25.591,
"CAN","EDUEXPTRY","HH","PC_EDUEXP","A","2014",26.167,
"CAN","EDUEXPTRY","HH","PC_EDUEXP","A","2015",28.482,
"CAN","EDUEXPTRY","HH","PC_EDUEXP","A","2016",,"M"
"CAN","EDUEXPTRY","OTHPRIVENT","PC_EDUEXP","A","2012",23.209,
"CAN","EDUEXPTRY","OTHPRIVENT","PC_EDUEXP","A","2013",24.713,
"CAN","EDUEXPTRY","OTHPRIVENT","PC_EDUEXP","A","2014",25.232,
"CAN","EDUEXPTRY","OTHPRIVENT","PC_EDUEXP","A","2015",22.133,
"CAN","EDUEXPTRY","OTHPRIVENT","PC_EDUEXP","A","2016",,"M"
"CZE","EDUEXPTRY","HH","PC_EDUEXP","A","2012",7.276,
"CZE","EDUEXPTRY","HH","PC_EDUEXP","A","2013",7.892,
"CZE","EDUEXPTRY","HH","PC_EDUEXP","A","2014",8.152,
"CZE","EDUEXPTRY","HH","PC_EDUEXP","A","2015",8.147,
"CZE","EDUEXPTRY","HH","PC_EDUEXP","A","2016",,"M"
"CZE","EDUEXPTRY","OTHPRIVENT","PC_EDUEXP","A","2012",10.523,
"CZE","EDUEXPTRY","OTHPRIVENT","PC_EDUEXP","A","2013",11.421,
"CZE","EDUEXPTRY","OTHPRIVENT","PC_EDUEXP","A","2014",11.791,
"CZE","EDUEXPTRY","OTHPRIVENT","PC_EDUEXP","A","2015",11.763,
"CZE","EDUEXPTRY","OTHPRIVENT","PC_EDUEXP","A","2016",,"M"
"FRA","EDUEXPTRY","HH","PC_EDUEXP","A","2012",10.426,
"FRA","EDUEXPTRY","HH","PC_EDUEXP","A","2013",10.645,
"FRA","EDUEXPTRY","HH","PC_EDUEXP","A","2014",11.54,
"FRA","EDUEXPTRY","HH","PC_EDUEXP","A","2015",10.706,
"FRA","EDUEXPTRY","HH","PC_EDUEXP","A","2016",,"M"
"FRA","EDUEXPTRY","OTHPRIVENT","PC_EDUEXP","A","2012",9.405,
"FRA","EDUEXPTRY","OTHPRIVENT","PC_EDUEXP","A","2013",10.132,
"FRA","EDUEXPTRY","OTHPRIVENT","PC_EDUEXP","A","2014",9.443,
"FRA","EDUEXPTRY","OTHPRIVENT","PC_EDUEXP","A","2015",9.594,
"FRA","EDUEXPTRY","OTHPRIVENT","PC_EDUEXP","A","2016",,"M"
"ISL","EDUEXPTRY","HH","PC_EDUEXP","A","2012",7.101,
"ISL","EDUEXPTRY","HH","PC_EDUEXP","A","2013",7.769,
"ISL","EDUEXPTRY","HH","PC_EDUEXP","A","2014",7.89,
"ISL","EDUEXPTRY","HH","PC_EDUEXP","A","2015",7.651,
"ISL","EDUEXPTRY","HH","PC_EDUEXP","A","2016",,"M"
"ISL","EDUEXPTRY","OTHPRIVENT","PC_EDUEXP","A","2012",0.574,
"ISL","EDUEXPTRY","OTHPRIVENT","PC_EDUEXP","A","2013",0.6,
"ISL","EDUEXPTRY","OTHPRIVENT","PC_EDUEXP","A","2014",0.617,
"ISL","EDUEXPTRY","OTHPRIVENT","PC_EDUEXP","A","2015",0.613,
"ISL","EDUEXPTRY","OTHPRIVENT","PC_EDUEXP","A","2016",,"M"
"IRL","EDUEXPTRY","HH","PC_EDUEXP","A","2012",14.277,
"IRL","EDUEXPTRY","HH","PC_EDUEXP","A","2013",19.217,
"IRL","EDUEXPTRY","HH","PC_EDUEXP","A","2014",20.887,
"IRL","EDUEXPTRY","HH","PC_EDUEXP","A","2015",21.541,
"IRL","EDUEXPTRY","HH","PC_EDUEXP","A","2016",,"M"
"IRL","EDUEXPTRY","OTHPRIVENT","PC_EDUEXP","A","2012",2.143,
"IRL","EDUEXPTRY","OTHPRIVENT","PC_EDUEXP","A","2013",3.044,
"IRL","EDUEXPTRY","OTHPRIVENT","PC_EDUEXP","A","2014",4.838,
"IRL","EDUEXPTRY","OTHPRIVENT","PC_EDUEXP","A","2015",4.848,
"IRL","EDUEXPTRY","OTHPRIVENT","PC_EDUEXP","A","2016",,"M"
"ITA","EDUEXPTRY","HH","PC_EDUEXP","A","2012",25.783,
"ITA","EDUEXPTRY","HH","PC_EDUEXP","A","2013",25.422,
"ITA","EDUEXPTRY","HH","PC_EDUEXP","A","2014",26.503,
"ITA","EDUEXPTRY","HH","PC_EDUEXP","A","2015",28.242,
"ITA","EDUEXPTRY","HH","PC_EDUEXP","A","2016",,"M"
"ITA","EDUEXPTRY","OTHPRIVENT","PC_EDUEXP","A","2012",7.344,
"ITA","EDUEXPTRY","OTHPRIVENT","PC_EDUEXP","A","2013",6.301,
"ITA","EDUEXPTRY","OTHPRIVENT","PC_EDUEXP","A","2014",7.631,
"ITA","EDUEXPTRY","OTHPRIVENT","PC_EDUEXP","A","2015",7.116,
"ITA","EDUEXPTRY","OTHPRIVENT","PC_EDUEXP","A","2016",,"M"
"ITA","EDUEXPTRY","SUBS","PC_EDUEXP","A","2012",19.6,
"JPN","EDUEXPTRY","HH","PC_EDUEXP","A","2012",51.622,
"JPN","EDUEXPTRY","HH","PC_EDUEXP","A","2013",50.959,
"JPN","EDUEXPTRY","HH","PC_EDUEXP","A","2014",50.827,
"JPN","EDUEXPTRY","HH","PC_EDUEXP","A","2015",51.877,
"JPN","EDUEXPTRY","HH","PC_EDUEXP","A","2016",,"M"
"JPN","EDUEXPTRY","OTHPRIVENT","PC_EDUEXP","A","2012",14.093,
"JPN","EDUEXPTRY","OTHPRIVENT","PC_EDUEXP","A","2013",13.794,
"JPN","EDUEXPTRY","OTHPRIVENT","PC_EDUEXP","A","2014",15.078,
"JPN","EDUEXPTRY","OTHPRIVENT","PC_EDUEXP","A","2015",15.707,
"JPN","EDUEXPTRY","OTHPRIVENT","PC_EDUEXP","A","2016",,"M"
"KOR","EDUEXPTRY","HH","PC_EDUEXP","A","2012",41.962,
"KOR","EDUEXPTRY","HH","PC_EDUEXP","A","2013",43.78,
"KOR","EDUEXPTRY","HH","PC_EDUEXP","A","2014",41.894,
"KOR","EDUEXPTRY","HH","PC_EDUEXP","A","2015",45.439,
"KOR","EDUEXPTRY","HH","PC_EDUEXP","A","2016",,"M"
"KOR","EDUEXPTRY","OTHPRIVENT","PC_EDUEXP","A","2012",28.553,
"KOR","EDUEXPTRY","OTHPRIVENT","PC_EDUEXP","A","2013",23.558,
"KOR","EDUEXPTRY","OTHPRIVENT","PC_EDUEXP","A","2014",23.775,
"KOR","EDUEXPTRY","OTHPRIVENT","PC_EDUEXP","A","2015",18.428,
"KOR","EDUEXPTRY","OTHPRIVENT","PC_EDUEXP","A","2016",,"M"
"KOR","EDUEXPTRY","SUBS","PC_EDUEXP","A","2012",6.5,
"MEX","EDUEXPTRY","HH","PC_EDUEXP","A","2012",29.975,
"MEX","EDUEXPTRY","HH","PC_EDUEXP","A","2013",31.866,
"MEX","EDUEXPTRY","HH","PC_EDUEXP","A","2014",28.516,
"MEX","EDUEXPTRY","HH","PC_EDUEXP","A","2015",28.841,
"MEX","EDUEXPTRY","HH","PC_EDUEXP","A","2016",,"M"
"MEX","EDUEXPTRY","OTHPRIVENT","PC_EDUEXP","A","2012",0.335,
"MEX","EDUEXPTRY","OTHPRIVENT","PC_EDUEXP","A","2013",0.354,
"MEX","EDUEXPTRY","OTHPRIVENT","PC_EDUEXP","A","2014",0.302,
"MEX","EDUEXPTRY","OTHPRIVENT","PC_EDUEXP","A","2015",0.295,
"MEX","EDUEXPTRY","OTHPRIVENT","PC_EDUEXP","A","2016",,"M"
"MEX","EDUEXPTRY","SUBS","PC_EDUEXP","A","2012",3.7,
"NLD","EDUEXPTRY","HH","PC_EDUEXP","A","2012",15.165,
"NLD","EDUEXPTRY","HH","PC_EDUEXP","A","2013",15.47,
"NLD","EDUEXPTRY","HH","PC_EDUEXP","A","2014",15.836,
"NLD","EDUEXPTRY","HH","PC_EDUEXP","A","2015",16.13,
"NLD","EDUEXPTRY","HH","PC_EDUEXP","A","2016",,"M"
"NLD","EDUEXPTRY","OTHPRIVENT","PC_EDUEXP","A","2012",13.535,
"NLD","EDUEXPTRY","OTHPRIVENT","PC_EDUEXP","A","2013",13.361,
"NLD","EDUEXPTRY","OTHPRIVENT","PC_EDUEXP","A","2014",13.333,
"NLD","EDUEXPTRY","OTHPRIVENT","PC_EDUEXP","A","2015",13.139,
"NLD","EDUEXPTRY","OTHPRIVENT","PC_EDUEXP","A","2016",,"M"
"NLD","EDUEXPTRY","SUBS","PC_EDUEXP","A","2012",9.5,
"NZL","EDUEXPTRY","HH","PC_EDUEXP","A","2012",33.094,
"NZL","EDUEXPTRY","HH","PC_EDUEXP","A","2013",32.957,
"NZL","EDUEXPTRY","HH","PC_EDUEXP","A","2014",34.266,
"NZL","EDUEXPTRY","HH","PC_EDUEXP","A","2015",33.772,
"NZL","EDUEXPTRY","HH","PC_EDUEXP","A","2016",,"M"
"NOR","EDUEXPTRY","HH","PC_EDUEXP","A","2012",3.294,
"NOR","EDUEXPTRY","HH","PC_EDUEXP","A","2013",3.416,
"NOR","EDUEXPTRY","HH","PC_EDUEXP","A","2014",3.491,
"NOR","EDUEXPTRY","HH","PC_EDUEXP","A","2015",3.84,
"NOR","EDUEXPTRY","HH","PC_EDUEXP","A","2016",,"M"
"POL","EDUEXPTRY","HH","PC_EDUEXP","A","2012",19.339,
"POL","EDUEXPTRY","HH","PC_EDUEXP","A","2013",17.06,
"POL","EDUEXPTRY","HH","PC_EDUEXP","A","2014",15.764,
"POL","EDUEXPTRY","HH","PC_EDUEXP","A","2015",14.052,
"POL","EDUEXPTRY","HH","PC_EDUEXP","A","2016",,"M"
"POL","EDUEXPTRY","OTHPRIVENT","PC_EDUEXP","A","2012",2.182,
"POL","EDUEXPTRY","OTHPRIVENT","PC_EDUEXP","A","2013",1.911,
"POL","EDUEXPTRY","OTHPRIVENT","PC_EDUEXP","A","2014",2.131,
"POL","EDUEXPTRY","OTHPRIVENT","PC_EDUEXP","A","2015",2.123,
"POL","EDUEXPTRY","OTHPRIVENT","PC_EDUEXP","A","2016",,"M"
"PRT","EDUEXPTRY","HH","PC_EDUEXP","A","2012",32.163,
"PRT","EDUEXPTRY","HH","PC_EDUEXP","A","2013",29.399,
"PRT","EDUEXPTRY","HH","PC_EDUEXP","A","2014",28.603,
"PRT","EDUEXPTRY","HH","PC_EDUEXP","A","2015",26.067,
"PRT","EDUEXPTRY","HH","PC_EDUEXP","A","2016",,"M"
"PRT","EDUEXPTRY","OTHPRIVENT","PC_EDUEXP","A","2012",9.898,
"PRT","EDUEXPTRY","OTHPRIVENT","PC_EDUEXP","A","2013",8.848,
"PRT","EDUEXPTRY","OTHPRIVENT","PC_EDUEXP","A","2014",5.66,
"PRT","EDUEXPTRY","OTHPRIVENT","PC_EDUEXP","A","2015",5.519,
"PRT","EDUEXPTRY","OTHPRIVENT","PC_EDUEXP","A","2016",,"M"
"SVK","EDUEXPTRY","HH","PC_EDUEXP","A","2012",13.524,
"SVK","EDUEXPTRY","HH","PC_EDUEXP","A","2013",12.747,
"SVK","EDUEXPTRY","HH","PC_EDUEXP","A","2014",11.368,
"SVK","EDUEXPTRY","HH","PC_EDUEXP","A","2015",10.462,
"SVK","EDUEXPTRY","HH","PC_EDUEXP","A","2016",,"M"
"SVK","EDUEXPTRY","OTHPRIVENT","PC_EDUEXP","A","2012",12.183,
"SVK","EDUEXPTRY","OTHPRIVENT","PC_EDUEXP","A","2013",11.251,
"SVK","EDUEXPTRY","OTHPRIVENT","PC_EDUEXP","A","2014",11.048,
"SVK","EDUEXPTRY","OTHPRIVENT","PC_EDUEXP","A","2015",9.314,
"SVK","EDUEXPTRY","OTHPRIVENT","PC_EDUEXP","A","2016",,"M"
"SVK","EDUEXPTRY","SUBS","PC_EDUEXP","A","2012",18.7,
"ESP","EDUEXPTRY","HH","PC_EDUEXP","A","2012",22.623,
"ESP","EDUEXPTRY","HH","PC_EDUEXP","A","2013",26.993,
"ESP","EDUEXPTRY","HH","PC_EDUEXP","A","2014",27.661,
"ESP","EDUEXPTRY","HH","PC_EDUEXP","A","2015",28.792,
"ESP","EDUEXPTRY","HH","PC_EDUEXP","A","2016",,"M"
"ESP","EDUEXPTRY","OTHPRIVENT","PC_EDUEXP","A","2012",3.915,
"ESP","EDUEXPTRY","OTHPRIVENT","PC_EDUEXP","A","2013",3.249,
"ESP","EDUEXPTRY","OTHPRIVENT","PC_EDUEXP","A","2014",3.442,
"ESP","EDUEXPTRY","OTHPRIVENT","PC_EDUEXP","A","2015",3.006,
"ESP","EDUEXPTRY","OTHPRIVENT","PC_EDUEXP","A","2016",,"M"
"ESP","EDUEXPTRY","SUBS","PC_EDUEXP","A","2012",8.3,
"SWE","EDUEXPTRY","OTHPRIVENT","PC_EDUEXP","A","2012",9.932,
"SWE","EDUEXPTRY","OTHPRIVENT","PC_EDUEXP","A","2013",9.503,
"SWE","EDUEXPTRY","OTHPRIVENT","PC_EDUEXP","A","2014",9.833,
"SWE","EDUEXPTRY","OTHPRIVENT","PC_EDUEXP","A","2015",10.472,
"SWE","EDUEXPTRY","OTHPRIVENT","PC_EDUEXP","A","2016",,"M"
"GBR","EDUEXPTRY","HH","PC_EDUEXP","A","2012",18.599,
"GBR","EDUEXPTRY","HH","PC_EDUEXP","A","2013",18.773,
"GBR","EDUEXPTRY","HH","PC_EDUEXP","A","2014",45.81,
"GBR","EDUEXPTRY","HH","PC_EDUEXP","A","2015",48.008,
"GBR","EDUEXPTRY","HH","PC_EDUEXP","A","2016",,"M"
"GBR","EDUEXPTRY","OTHPRIVENT","PC_EDUEXP","A","2012",22.924,
"GBR","EDUEXPTRY","OTHPRIVENT","PC_EDUEXP","A","2013",22.33,
"GBR","EDUEXPTRY","OTHPRIVENT","PC_EDUEXP","A","2014",23.573,
"GBR","EDUEXPTRY","OTHPRIVENT","PC_EDUEXP","A","2015",23.398,
"GBR","EDUEXPTRY","OTHPRIVENT","PC_EDUEXP","A","2016",,"M"
"GBR","EDUEXPTRY","SUBS","PC_EDUEXP","A","2012",8.7,
"USA","EDUEXPTRY","HH","PC_EDUEXP","A","2012",45.848,
"USA","EDUEXPTRY","HH","PC_EDUEXP","A","2013",46.498,
"USA","EDUEXPTRY","HH","PC_EDUEXP","A","2014",46.189,
"USA","EDUEXPTRY","HH","PC_EDUEXP","A","2015",46.296,
"USA","EDUEXPTRY","HH","PC_EDUEXP","A","2016",,"M"
"USA","EDUEXPTRY","OTHPRIVENT","PC_EDUEXP","A","2012",16.35,
"USA","EDUEXPTRY","OTHPRIVENT","PC_EDUEXP","A","2013",17.176,
"USA","EDUEXPTRY","OTHPRIVENT","PC_EDUEXP","A","2014",19.068,
"USA","EDUEXPTRY","OTHPRIVENT","PC_EDUEXP","A","2015",18.5,
"USA","EDUEXPTRY","OTHPRIVENT","PC_EDUEXP","A","2016",,"M"
"CHL","EDUEXPTRY","HH","PC_EDUEXP","A","2012",68.321,
"CHL","EDUEXPTRY","HH","PC_EDUEXP","A","2013",54.761,
"CHL","EDUEXPTRY","HH","PC_EDUEXP","A","2014",51.919,
"CHL","EDUEXPTRY","HH","PC_EDUEXP","A","2015",54.944,
"CHL","EDUEXPTRY","HH","PC_EDUEXP","A","2016",57.433,
"CHL","EDUEXPTRY","OTHPRIVENT","PC_EDUEXP","A","2012",7.487,
"CHL","EDUEXPTRY","OTHPRIVENT","PC_EDUEXP","A","2013",10.683,
"CHL","EDUEXPTRY","OTHPRIVENT","PC_EDUEXP","A","2014",10.576,
"CHL","EDUEXPTRY","OTHPRIVENT","PC_EDUEXP","A","2015",9.395,
"CHL","EDUEXPTRY","OTHPRIVENT","PC_EDUEXP","A","2016",10.127,
"CHL","EDUEXPTRY","SUBS","PC_EDUEXP","A","2012",6.7,
"EST","EDUEXPTRY","HH","PC_EDUEXP","A","2012",11.325,
"EST","EDUEXPTRY","HH","PC_EDUEXP","A","2013",13.275,
"EST","EDUEXPTRY","HH","PC_EDUEXP","A","2014",7.551,
"EST","EDUEXPTRY","HH","PC_EDUEXP","A","2015",6.498,
"EST","EDUEXPTRY","HH","PC_EDUEXP","A","2016",,"M"
"EST","EDUEXPTRY","OTHPRIVENT","PC_EDUEXP","A","2012",4.948,
"EST","EDUEXPTRY","OTHPRIVENT","PC_EDUEXP","A","2013",0.414,
"EST","EDUEXPTRY","OTHPRIVENT","PC_EDUEXP","A","2014",12.399,
"EST","EDUEXPTRY","OTHPRIVENT","PC_EDUEXP","A","2015",17.348,
"EST","EDUEXPTRY","OTHPRIVENT","PC_EDUEXP","A","2016",,"M"
"ISR","EDUEXPTRY","HH","PC_EDUEXP","A","2012",31.132,
"ISR","EDUEXPTRY","HH","PC_EDUEXP","A","2013",28.473,
"ISR","EDUEXPTRY","HH","PC_EDUEXP","A","2014",27.322,
"ISR","EDUEXPTRY","HH","PC_EDUEXP","A","2015",26.02,
"ISR","EDUEXPTRY","HH","PC_EDUEXP","A","2016",,"M"
"ISR","EDUEXPTRY","OTHPRIVENT","PC_EDUEXP","A","2012",15.752,
"ISR","EDUEXPTRY","OTHPRIVENT","PC_EDUEXP","A","2013",20.035,
"ISR","EDUEXPTRY","OTHPRIVENT","PC_EDUEXP","A","2014",20.714,
"ISR","EDUEXPTRY","OTHPRIVENT","PC_EDUEXP","A","2015",15.59,
"ISR","EDUEXPTRY","OTHPRIVENT","PC_EDUEXP","A","2016",,"M"
"ISR","EDUEXPTRY","SUBS","PC_EDUEXP","A","2012",5.9,
"RUS","EDUEXPTRY","HH","PC_EDUEXP","A","2012",23.667,
"RUS","EDUEXPTRY","HH","PC_EDUEXP","A","2013",22.907,
"RUS","EDUEXPTRY","HH","PC_EDUEXP","A","2014",22.696,
"RUS","EDUEXPTRY","HH","PC_EDUEXP","A","2015",23.31,
"RUS","EDUEXPTRY","HH","PC_EDUEXP","A","2016",,"M"
"RUS","EDUEXPTRY","OTHPRIVENT","PC_EDUEXP","A","2012",12.65,
"RUS","EDUEXPTRY","OTHPRIVENT","PC_EDUEXP","A","2013",11.91,
"RUS","EDUEXPTRY","OTHPRIVENT","PC_EDUEXP","A","2014",10.921,
"RUS","EDUEXPTRY","OTHPRIVENT","PC_EDUEXP","A","2015",11.642,
"RUS","EDUEXPTRY","OTHPRIVENT","PC_EDUEXP","A","2016",,"M"
"SVN","EDUEXPTRY","HH","PC_EDUEXP","A","2012",11.009,
"SVN","EDUEXPTRY","HH","PC_EDUEXP","A","2013",10.102,
"SVN","EDUEXPTRY","HH","PC_EDUEXP","A","2014",11.34,
"SVN","EDUEXPTRY","HH","PC_EDUEXP","A","2015",10.677,
"SVN","EDUEXPTRY","HH","PC_EDUEXP","A","2016",,"M"
"SVN","EDUEXPTRY","OTHPRIVENT","PC_EDUEXP","A","2012",2.382,
"SVN","EDUEXPTRY","OTHPRIVENT","PC_EDUEXP","A","2013",2.264,
"SVN","EDUEXPTRY","OTHPRIVENT","PC_EDUEXP","A","2014",2.321,
"SVN","EDUEXPTRY","OTHPRIVENT","PC_EDUEXP","A","2015",2.35,
"SVN","EDUEXPTRY","OTHPRIVENT","PC_EDUEXP","A","2016",,"M"
"HUN","EDUEXPTRY","PUB","PC_EDUEXP","A","1995",80.257,
"HUN","EDUEXPTRY","PUB","PC_EDUEXP","A","2000",76.679,
"HUN","EDUEXPTRY","PUB","PC_EDUEXP","A","2005",78.465,
"HUN","EDUEXPTRY","PUB","PC_EDUEXP","A","2008",,"M"
"HUN","EDUEXPTRY","PUB","PC_EDUEXP","A","2009",,"M"
"HUN","EDUEXPTRY","PUB","PC_EDUEXP","A","2010",,"M"
"HUN","EDUEXPTRY","PUB","PC_EDUEXP","A","2011",,"M"
"HUN","EDUEXPTRY","PUB","PC_EDUEXP","A","2012",54.435,
"HUN","EDUEXPTRY","PUB","PC_EDUEXP","A","2013",61.189,
"HUN","EDUEXPTRY","PUB","PC_EDUEXP","A","2014",69.676,
"HUN","EDUEXPTRY","PUB","PC_EDUEXP","A","2015",62.943,
"HUN","EDUEXPTRY","PUB","PC_EDUEXP","A","2016",,"M"
"ITA","EDUEXPTRY","PUB","PC_EDUEXP","A","1995",82.925,
"ITA","EDUEXPTRY","PUB","PC_EDUEXP","A","2000",77.537,
"ITA","EDUEXPTRY","PUB","PC_EDUEXP","A","2005",73.164,
"ITA","EDUEXPTRY","PUB","PC_EDUEXP","A","2008",70.651,
"ITA","EDUEXPTRY","PUB","PC_EDUEXP","A","2009",68.574,
"ITA","EDUEXPTRY","PUB","PC_EDUEXP","A","2010",67.607,
"ITA","EDUEXPTRY","PUB","PC_EDUEXP","A","2011",66.477,
"ITA","EDUEXPTRY","PUB","PC_EDUEXP","A","2012",64.193,
"ITA","EDUEXPTRY","PUB","PC_EDUEXP","A","2013",65.019,
"ITA","EDUEXPTRY","PUB","PC_EDUEXP","A","2014",63.248,
"ITA","EDUEXPTRY","PUB","PC_EDUEXP","A","2015",61.715,
"ITA","EDUEXPTRY","PUB","PC_EDUEXP","A","2016",,"M"
"JPN","EDUEXPTRY","PRIV","PC_EDUEXP","A","1995",64.912,
"JPN","EDUEXPTRY","PRIV","PC_EDUEXP","A","2000",61.529,
"JPN","EDUEXPTRY","PRIV","PC_EDUEXP","A","2005",66.292,
"JPN","EDUEXPTRY","PRIV","PC_EDUEXP","A","2008",66.706,
"JPN","EDUEXPTRY","PRIV","PC_EDUEXP","A","2009",64.735,
"JPN","EDUEXPTRY","PRIV","PC_EDUEXP","A","2010",65.649,
"JPN","EDUEXPTRY","PRIV","PC_EDUEXP","A","2011",65.531,
"JPN","EDUEXPTRY","PRIV","PC_EDUEXP","A","2012",65.715,
"JPN","EDUEXPTRY","PRIV","PC_EDUEXP","A","2013",64.752,
"JPN","EDUEXPTRY","PRIV","PC_EDUEXP","A","2014",65.905,
"JPN","EDUEXPTRY","PRIV","PC_EDUEXP","A","2015",67.584,
"JPN","EDUEXPTRY","PRIV","PC_EDUEXP","A","2016",,"M"
"LUX","EDUEXPTRY","PUB","PC_EDUEXP","A","1995",,"M"
"LUX","EDUEXPTRY","PUB","PC_EDUEXP","A","2000",,"M"
"LUX","EDUEXPTRY","PUB","PC_EDUEXP","A","2005",,"M"
"LUX","EDUEXPTRY","PUB","PC_EDUEXP","A","2008",,"M"
"LUX","EDUEXPTRY","PUB","PC_EDUEXP","A","2009",,"M"
"LUX","EDUEXPTRY","PUB","PC_EDUEXP","A","2010",,"M"
"LUX","EDUEXPTRY","PUB","PC_EDUEXP","A","2011",,"M"
"LUX","EDUEXPTRY","PUB","PC_EDUEXP","A","2012",92.513,
"LUX","EDUEXPTRY","PUB","PC_EDUEXP","A","2013",95.875,
"LUX","EDUEXPTRY","PUB","PC_EDUEXP","A","2014",93.341,
"LUX","EDUEXPTRY","PUB","PC_EDUEXP","A","2015",92.393,
"LUX","EDUEXPTRY","PUB","PC_EDUEXP","A","2016",,"M"
"MEX","EDUEXPTRY","PRIV","PC_EDUEXP","A","1995",22.613,
"MEX","EDUEXPTRY","PRIV","PC_EDUEXP","A","2000",20.602,
"MEX","EDUEXPTRY","PRIV","PC_EDUEXP","A","2005",31.021,
"MEX","EDUEXPTRY","PRIV","PC_EDUEXP","A","2008",29.866,
"MEX","EDUEXPTRY","PRIV","PC_EDUEXP","A","2009",31.311,
"MEX","EDUEXPTRY","PRIV","PC_EDUEXP","A","2010",30.116,
"MEX","EDUEXPTRY","PRIV","PC_EDUEXP","A","2011",32.937,
"MEX","EDUEXPTRY","PRIV","PC_EDUEXP","A","2012",30.31,
"MEX","EDUEXPTRY","PRIV","PC_EDUEXP","A","2013",32.22,
"MEX","EDUEXPTRY","PRIV","PC_EDUEXP","A","2014",28.817,
"MEX","EDUEXPTRY","PRIV","PC_EDUEXP","A","2015",29.136,
"MEX","EDUEXPTRY","PRIV","PC_EDUEXP","A","2016",,"M"
"NZL","EDUEXPTRY","PUB","PC_EDUEXP","A","1995",,"M"
"NZL","EDUEXPTRY","PUB","PC_EDUEXP","A","2000",,"M"
"NZL","EDUEXPTRY","PUB","PC_EDUEXP","A","2005",,"M"
"NZL","EDUEXPTRY","PUB","PC_EDUEXP","A","2008",,"M"
"NZL","EDUEXPTRY","PUB","PC_EDUEXP","A","2009",,"M"
"NZL","EDUEXPTRY","PUB","PC_EDUEXP","A","2010",,"M"
"NZL","EDUEXPTRY","PUB","PC_EDUEXP","A","2011",,"M"
"NZL","EDUEXPTRY","PUB","PC_EDUEXP","A","2012",52.387,
"NZL","EDUEXPTRY","PUB","PC_EDUEXP","A","2013",51.904,
"NZL","EDUEXPTRY","PUB","PC_EDUEXP","A","2014",51.033,
"NZL","EDUEXPTRY","PUB","PC_EDUEXP","A","2015",51.591,
"NZL","EDUEXPTRY","PUB","PC_EDUEXP","A","2016",,"M"
"NOR","EDUEXPTRY","PRIV","PC_EDUEXP","A","1995",6.29,
"NOR","EDUEXPTRY","PRIV","PC_EDUEXP","A","2000",3.7,
"NOR","EDUEXPTRY","PRIV","PC_EDUEXP","A","2005",,"M"
"NOR","EDUEXPTRY","PRIV","PC_EDUEXP","A","2008",3.109,
"NOR","EDUEXPTRY","PRIV","PC_EDUEXP","A","2009",3.903,
"NOR","EDUEXPTRY","PRIV","PC_EDUEXP","A","2010",3.999,
"NOR","EDUEXPTRY","PRIV","PC_EDUEXP","A","2011",4.104,
"NOR","EDUEXPTRY","PRIV","PC_EDUEXP","A","2012",3.876,
"NOR","EDUEXPTRY","PRIV","PC_EDUEXP","A","2013",3.956,
"NOR","EDUEXPTRY","PRIV","PC_EDUEXP","A","2014",3.718,
"NOR","EDUEXPTRY","PRIV","PC_EDUEXP","A","2015",4.024,
"NOR","EDUEXPTRY","PRIV","PC_EDUEXP","A","2016",,"M"
"SVK","EDUEXPTRY","PRIV","PC_EDUEXP","A","1995",4.602,
"SVK","EDUEXPTRY","PRIV","PC_EDUEXP","A","2000",8.752,
"SVK","EDUEXPTRY","PRIV","PC_EDUEXP","A","2005",22.65,
"SVK","EDUEXPTRY","PRIV","PC_EDUEXP","A","2008",26.939,
"SVK","EDUEXPTRY","PRIV","PC_EDUEXP","A","2009",29.959,
"SVK","EDUEXPTRY","PRIV","PC_EDUEXP","A","2010",29.809,
"SVK","EDUEXPTRY","PRIV","PC_EDUEXP","A","2011",23.103,
"SVK","EDUEXPTRY","PRIV","PC_EDUEXP","A","2012",25.707,
"SVK","EDUEXPTRY","PRIV","PC_EDUEXP","A","2013",23.998,
"SVK","EDUEXPTRY","PRIV","PC_EDUEXP","A","2014",22.416,
"SVK","EDUEXPTRY","PRIV","PC_EDUEXP","A","2015",19.776,
"SVK","EDUEXPTRY","PRIV","PC_EDUEXP","A","2016",,"M"
"BRA","EDUEXPTRY","PRIV","PC_EDUEXP","A","1995",0,
"BRA","EDUEXPTRY","PRIV","PC_EDUEXP","A","2000",0,
"BRA","EDUEXPTRY","PRIV","PC_EDUEXP","A","2005",,"M"
"BRA","EDUEXPTRY","PRIV","PC_EDUEXP","A","2008",,"M"
"BRA","EDUEXPTRY","PRIV","PC_EDUEXP","A","2009",,"M"
"BRA","EDUEXPTRY","PRIV","PC_EDUEXP","A","2010",,"M"
"BRA","EDUEXPTRY","PRIV","PC_EDUEXP","A","2011",,"M"
"BRA","EDUEXPTRY","PRIV","PC_EDUEXP","A","2012",,"M"
"BRA","EDUEXPTRY","PRIV","PC_EDUEXP","A","2013",,"M"
"BRA","EDUEXPTRY","PRIV","PC_EDUEXP","A","2014",,"M"
"BRA","EDUEXPTRY","PRIV","PC_EDUEXP","A","2015",,"M"
"BRA","EDUEXPTRY","PRIV","PC_EDUEXP","A","2016",,"M"
"IDN","EDUEXPTRY","PUB","PC_EDUEXP","A","1995",,"M"
"IDN","EDUEXPTRY","PUB","PC_EDUEXP","A","2000",,"M"
"IDN","EDUEXPTRY","PUB","PC_EDUEXP","A","2005",,"M"
"IDN","EDUEXPTRY","PUB","PC_EDUEXP","A","2008",,"M"
"IDN","EDUEXPTRY","PUB","PC_EDUEXP","A","2009",,"M"
"IDN","EDUEXPTRY","PUB","PC_EDUEXP","A","2010",,"M"
"IDN","EDUEXPTRY","PUB","PC_EDUEXP","A","2011",,"M"
"IDN","EDUEXPTRY","PUB","PC_EDUEXP","A","2012",70.68,
"IDN","EDUEXPTRY","PUB","PC_EDUEXP","A","2013",,"M"
"IDN","EDUEXPTRY","PUB","PC_EDUEXP","A","2014",,"M"
"IDN","EDUEXPTRY","PUB","PC_EDUEXP","A","2015",76.136,
"IDN","EDUEXPTRY","PUB","PC_EDUEXP","A","2016",,"M"
"ISR","EDUEXPTRY","PRIV","PC_EDUEXP","A","1995",40.782,
"ISR","EDUEXPTRY","PRIV","PC_EDUEXP","A","2000",39.948,
"ISR","EDUEXPTRY","PRIV","PC_EDUEXP","A","2005",46.935,
"ISR","EDUEXPTRY","PRIV","PC_EDUEXP","A","2008",48.68,
"ISR","EDUEXPTRY","PRIV","PC_EDUEXP","A","2009",41.831,
"ISR","EDUEXPTRY","PRIV","PC_EDUEXP","A","2010",45.774,
"ISR","EDUEXPTRY","PRIV","PC_EDUEXP","A","2011",51.002,
"ISR","EDUEXPTRY","PRIV","PC_EDUEXP","A","2012",46.883,
"ISR","EDUEXPTRY","PRIV","PC_EDUEXP","A","2013",48.507,
"ISR","EDUEXPTRY","PRIV","PC_EDUEXP","A","2014",48.036,
"ISR","EDUEXPTRY","PRIV","PC_EDUEXP","A","2015",41.611,
"ISR","EDUEXPTRY","PRIV","PC_EDUEXP","A","2016",,"M"
"SVN","EDUEXPTRY","PUB","PC_EDUEXP","A","1995",,"M"
"SVN","EDUEXPTRY","PUB","PC_EDUEXP","A","2000",,"M"
"SVN","EDUEXPTRY","PUB","PC_EDUEXP","A","2005",76.526,
"SVN","EDUEXPTRY","PUB","PC_EDUEXP","A","2008",83.805,
"SVN","EDUEXPTRY","PUB","PC_EDUEXP","A","2009",85.068,
"SVN","EDUEXPTRY","PUB","PC_EDUEXP","A","2010",84.678,
"SVN","EDUEXPTRY","PUB","PC_EDUEXP","A","2011",85.189,
"SVN","EDUEXPTRY","PUB","PC_EDUEXP","A","2012",83.263,
"SVN","EDUEXPTRY","PUB","PC_EDUEXP","A","2013",83.818,
"SVN","EDUEXPTRY","PUB","PC_EDUEXP","A","2014",82.592,
"SVN","EDUEXPTRY","PUB","PC_EDUEXP","A","2015",83.327,
"SVN","EDUEXPTRY","PUB","PC_EDUEXP","A","2016",,"M"
"ZAF","EDUEXPTRY","PUB","PC_EDUEXP","A","1995",,"M"
"ZAF","EDUEXPTRY","PUB","PC_EDUEXP","A","2000",,"M"
"ZAF","EDUEXPTRY","PUB","PC_EDUEXP","A","2005",,"M"
"ZAF","EDUEXPTRY","PUB","PC_EDUEXP","A","2008",,"M"
"ZAF","EDUEXPTRY","PUB","PC_EDUEXP","A","2009",,"M"
"ZAF","EDUEXPTRY","PUB","PC_EDUEXP","A","2010",,"M"
"ZAF","EDUEXPTRY","PUB","PC_EDUEXP","A","2011",,"M"
"ZAF","EDUEXPTRY","PUB","PC_EDUEXP","A","2012",,"M"
"ZAF","EDUEXPTRY","PUB","PC_EDUEXP","A","2013",,"M"
"ZAF","EDUEXPTRY","PUB","PC_EDUEXP","A","2014",,"M"
"ZAF","EDUEXPTRY","PUB","PC_EDUEXP","A","2015",,"M"
"ZAF","EDUEXPTRY","PUB","PC_EDUEXP","A","2016",,"M"
"FIN","EDUEXPTRY","PUB","PC_EDUEXP","A","1995",97.752,
"FIN","EDUEXPTRY","PUB","PC_EDUEXP","A","2000",97.239,
"FIN","EDUEXPTRY","PUB","PC_EDUEXP","A","2005",96.13,
"FIN","EDUEXPTRY","PUB","PC_EDUEXP","A","2008",95.429,
"FIN","EDUEXPTRY","PUB","PC_EDUEXP","A","2009",95.77,
"FIN","EDUEXPTRY","PUB","PC_EDUEXP","A","2010",95.944,
"FIN","EDUEXPTRY","PUB","PC_EDUEXP","A","2011",95.883,
"FIN","EDUEXPTRY","PUB","PC_EDUEXP","A","2012",96.18,
"FIN","EDUEXPTRY","PUB","PC_EDUEXP","A","2013",96.078,
"FIN","EDUEXPTRY","PUB","PC_EDUEXP","A","2014",96.484,
"FIN","EDUEXPTRY","PUB","PC_EDUEXP","A","2015",93.058,
"FIN","EDUEXPTRY","PUB","PC_EDUEXP","A","2016",,"M"
"GRC","EDUEXPTRY","PUB","PC_EDUEXP","A","1995",100,
"GRC","EDUEXPTRY","PUB","PC_EDUEXP","A","2000",99.733,
"GRC","EDUEXPTRY","PUB","PC_EDUEXP","A","2005",96.694,
"GRC","EDUEXPTRY","PUB","PC_EDUEXP","A","2008",,"M"
"GRC","EDUEXPTRY","PUB","PC_EDUEXP","A","2009",,"M"
"GRC","EDUEXPTRY","PUB","PC_EDUEXP","A","2010",,"M"
"GRC","EDUEXPTRY","PUB","PC_EDUEXP","A","2011",,"M"
"GRC","EDUEXPTRY","PUB","PC_EDUEXP","A","2012",82.636,
"GRC","EDUEXPTRY","PUB","PC_EDUEXP","A","2013",74.466,
"GRC","EDUEXPTRY","PUB","PC_EDUEXP","A","2014",72.794,
"GRC","EDUEXPTRY","PUB","PC_EDUEXP","A","2015",73.33,
"GRC","EDUEXPTRY","PUB","PC_EDUEXP","A","2016",,"M"
"HUN","EDUEXPTRY","PRIV","PC_EDUEXP","A","1995",19.743,
"HUN","EDUEXPTRY","PRIV","PC_EDUEXP","A","2000",23.321,
"HUN","EDUEXPTRY","PRIV","PC_EDUEXP","A","2005",21.535,
"HUN","EDUEXPTRY","PRIV","PC_EDUEXP","A","2008",,"M"
"HUN","EDUEXPTRY","PRIV","PC_EDUEXP","A","2009",,"M"
"HUN","EDUEXPTRY","PRIV","PC_EDUEXP","A","2010",,"M"
"HUN","EDUEXPTRY","PRIV","PC_EDUEXP","A","2011",,"M"
"HUN","EDUEXPTRY","PRIV","PC_EDUEXP","A","2012",45.565,
"HUN","EDUEXPTRY","PRIV","PC_EDUEXP","A","2013",36.127,
"HUN","EDUEXPTRY","PRIV","PC_EDUEXP","A","2014",30.324,
"HUN","EDUEXPTRY","PRIV","PC_EDUEXP","A","2015",37.057,
"HUN","EDUEXPTRY","PRIV","PC_EDUEXP","A","2016",,"M"
"IRL","EDUEXPTRY","PUB","PC_EDUEXP","A","1995",69.706,
"IRL","EDUEXPTRY","PUB","PC_EDUEXP","A","2000",79.154,
"IRL","EDUEXPTRY","PUB","PC_EDUEXP","A","2005",83.981,
"IRL","EDUEXPTRY","PUB","PC_EDUEXP","A","2008",82.551,
"IRL","EDUEXPTRY","PUB","PC_EDUEXP","A","2009",83.787,
"IRL","EDUEXPTRY","PUB","PC_EDUEXP","A","2010",81.248,
"IRL","EDUEXPTRY","PUB","PC_EDUEXP","A","2011",80.476,
"IRL","EDUEXPTRY","PUB","PC_EDUEXP","A","2012",83.58,
"IRL","EDUEXPTRY","PUB","PC_EDUEXP","A","2013",77.739,
"IRL","EDUEXPTRY","PUB","PC_EDUEXP","A","2014",74.275,
"IRL","EDUEXPTRY","PUB","PC_EDUEXP","A","2015",73.611,
"IRL","EDUEXPTRY","PUB","PC_EDUEXP","A","2016",,"M"
"ITA","EDUEXPTRY","PRIV","PC_EDUEXP","A","1995",17.075,
"ITA","EDUEXPTRY","PRIV","PC_EDUEXP","A","2000",22.463,
"ITA","EDUEXPTRY","PRIV","PC_EDUEXP","A","2005",26.836,
"ITA","EDUEXPTRY","PRIV","PC_EDUEXP","A","2008",29.349,
"ITA","EDUEXPTRY","PRIV","PC_EDUEXP","A","2009",31.426,
"ITA","EDUEXPTRY","PRIV","PC_EDUEXP","A","2010",32.393,
"ITA","EDUEXPTRY","PRIV","PC_EDUEXP","A","2011",33.523,
"ITA","EDUEXPTRY","PRIV","PC_EDUEXP","A","2012",33.127,
"ITA","EDUEXPTRY","PRIV","PC_EDUEXP","A","2013",31.722,
"ITA","EDUEXPTRY","PRIV","PC_EDUEXP","A","2014",34.134,
"ITA","EDUEXPTRY","PRIV","PC_EDUEXP","A","2015",35.358,
"ITA","EDUEXPTRY","PRIV","PC_EDUEXP","A","2016",,"M"
"KOR","EDUEXPTRY","PUB","PC_EDUEXP","A","1995",,"M"
"KOR","EDUEXPTRY","PUB","PC_EDUEXP","A","2000",23.303,
"KOR","EDUEXPTRY","PUB","PC_EDUEXP","A","2005",24.299,
"KOR","EDUEXPTRY","PUB","PC_EDUEXP","A","2008",22.298,
"KOR","EDUEXPTRY","PUB","PC_EDUEXP","A","2009",26.085,
"KOR","EDUEXPTRY","PUB","PC_EDUEXP","A","2010",27.426,
"KOR","EDUEXPTRY","PUB","PC_EDUEXP","A","2011",27.194,
"KOR","EDUEXPTRY","PUB","PC_EDUEXP","A","2012",29.485,
"KOR","EDUEXPTRY","PUB","PC_EDUEXP","A","2013",32.662,
"KOR","EDUEXPTRY","PUB","PC_EDUEXP","A","2014",34.331,
"KOR","EDUEXPTRY","PUB","PC_EDUEXP","A","2015",36.134,
"KOR","EDUEXPTRY","PUB","PC_EDUEXP","A","2016",,"M"
"LUX","EDUEXPTRY","PRIV","PC_EDUEXP","A","1995",,"M"
"LUX","EDUEXPTRY","PRIV","PC_EDUEXP","A","2000",,"M"
"LUX","EDUEXPTRY","PRIV","PC_EDUEXP","A","2005",,"M"
"LUX","EDUEXPTRY","PRIV","PC_EDUEXP","A","2008",,"M"
"LUX","EDUEXPTRY","PRIV","PC_EDUEXP","A","2009",,"M"
"LUX","EDUEXPTRY","PRIV","PC_EDUEXP","A","2010",,"M"
"LUX","EDUEXPTRY","PRIV","PC_EDUEXP","A","2011",,"M"
"LUX","EDUEXPTRY","PRIV","PC_EDUEXP","A","2012",5.105,
"LUX","EDUEXPTRY","PRIV","PC_EDUEXP","A","2013",2.014,
"LUX","EDUEXPTRY","PRIV","PC_EDUEXP","A","2014",4.604,
"LUX","EDUEXPTRY","PRIV","PC_EDUEXP","A","2015",4.286,
"LUX","EDUEXPTRY","PRIV","PC_EDUEXP","A","2016",,"M"
"NZL","EDUEXPTRY","PRIV","PC_EDUEXP","A","1995",,"M"
"NZL","EDUEXPTRY","PRIV","PC_EDUEXP","A","2000",,"M"
"NZL","EDUEXPTRY","PRIV","PC_EDUEXP","A","2005",,"M"
"NZL","EDUEXPTRY","PRIV","PC_EDUEXP","A","2008",,"M"
"NZL","EDUEXPTRY","PRIV","PC_EDUEXP","A","2009",,"M"
"NZL","EDUEXPTRY","PRIV","PC_EDUEXP","A","2010",,"M"
"NZL","EDUEXPTRY","PRIV","PC_EDUEXP","A","2011",,"M"
"NZL","EDUEXPTRY","PRIV","PC_EDUEXP","A","2012",47.613,
"NZL","EDUEXPTRY","PRIV","PC_EDUEXP","A","2013",48.096,
"NZL","EDUEXPTRY","PRIV","PC_EDUEXP","A","2014",48.967,
"NZL","EDUEXPTRY","PRIV","PC_EDUEXP","A","2015",48.409,
"NZL","EDUEXPTRY","PRIV","PC_EDUEXP","A","2016",,"M"
"IDN","EDUEXPTRY","PRIV","PC_EDUEXP","A","1995",,"M"
"IDN","EDUEXPTRY","PRIV","PC_EDUEXP","A","2000",,"M"
"IDN","EDUEXPTRY","PRIV","PC_EDUEXP","A","2005",,"M"
"IDN","EDUEXPTRY","PRIV","PC_EDUEXP","A","2008",,"M"
"IDN","EDUEXPTRY","PRIV","PC_EDUEXP","A","2009",,"M"
"IDN","EDUEXPTRY","PRIV","PC_EDUEXP","A","2010",,"M"
"IDN","EDUEXPTRY","PRIV","PC_EDUEXP","A","2011",,"M"
"IDN","EDUEXPTRY","PRIV","PC_EDUEXP","A","2012",29.32,
"IDN","EDUEXPTRY","PRIV","PC_EDUEXP","A","2013",,"M"
"IDN","EDUEXPTRY","PRIV","PC_EDUEXP","A","2014",,"M"
"IDN","EDUEXPTRY","PRIV","PC_EDUEXP","A","2015",23.864,
"IDN","EDUEXPTRY","PRIV","PC_EDUEXP","A","2016",,"M"
"SVN","EDUEXPTRY","PRIV","PC_EDUEXP","A","1995",,"M"
"SVN","EDUEXPTRY","PRIV","PC_EDUEXP","A","2000",,"M"
"SVN","EDUEXPTRY","PRIV","PC_EDUEXP","A","2005",23.474,
"SVN","EDUEXPTRY","PRIV","PC_EDUEXP","A","2008",16.195,
"SVN","EDUEXPTRY","PRIV","PC_EDUEXP","A","2009",14.932,
"SVN","EDUEXPTRY","PRIV","PC_EDUEXP","A","2010",15.322,
"SVN","EDUEXPTRY","PRIV","PC_EDUEXP","A","2011",14.811,
"SVN","EDUEXPTRY","PRIV","PC_EDUEXP","A","2012",13.391,
"SVN","EDUEXPTRY","PRIV","PC_EDUEXP","A","2013",12.367,
"SVN","EDUEXPTRY","PRIV","PC_EDUEXP","A","2014",13.661,
"SVN","EDUEXPTRY","PRIV","PC_EDUEXP","A","2015",13.026,
"SVN","EDUEXPTRY","PRIV","PC_EDUEXP","A","2016",,"M"
"ZAF","EDUEXPTRY","PRIV","PC_EDUEXP","A","1995",,"M"
"ZAF","EDUEXPTRY","PRIV","PC_EDUEXP","A","2000",,"M"
"ZAF","EDUEXPTRY","PRIV","PC_EDUEXP","A","2005",,"M"
"ZAF","EDUEXPTRY","PRIV","PC_EDUEXP","A","2008",,"M"
"ZAF","EDUEXPTRY","PRIV","PC_EDUEXP","A","2009",,"M"
"ZAF","EDUEXPTRY","PRIV","PC_EDUEXP","A","2010",,"M"
"ZAF","EDUEXPTRY","PRIV","PC_EDUEXP","A","2011",,"M"
"ZAF","EDUEXPTRY","PRIV","PC_EDUEXP","A","2012",,"M"
"ZAF","EDUEXPTRY","PRIV","PC_EDUEXP","A","2013",,"M"
"ZAF","EDUEXPTRY","PRIV","PC_EDUEXP","A","2014",,"M"
"ZAF","EDUEXPTRY","PRIV","PC_EDUEXP","A","2015",,"M"
"ZAF","EDUEXPTRY","PRIV","PC_EDUEXP","A","2016",,"M"
"AUS","EDUEXPTRY","PUB","PC_EDUEXP","A","1995",,"M"
"AUS","EDUEXPTRY","PUB","PC_EDUEXP","A","2000",49.87,
"AUS","EDUEXPTRY","PUB","PC_EDUEXP","A","2005",45.411,
"AUS","EDUEXPTRY","PUB","PC_EDUEXP","A","2008",44.944,
"AUS","EDUEXPTRY","PUB","PC_EDUEXP","A","2009",45.422,
"AUS","EDUEXPTRY","PUB","PC_EDUEXP","A","2010",46.471,
"AUS","EDUEXPTRY","PUB","PC_EDUEXP","A","2011",45.627,
"AUS","EDUEXPTRY","PUB","PC_EDUEXP","A","2012",44.94,
"AUS","EDUEXPTRY","PUB","PC_EDUEXP","A","2013",42.49,
"AUS","EDUEXPTRY","PUB","PC_EDUEXP","A","2014",38.76,
"AUS","EDUEXPTRY","PUB","PC_EDUEXP","A","2015",37.82,
"AUS","EDUEXPTRY","PUB","PC_EDUEXP","A","2016",,"M"
"AUT","EDUEXPTRY","PRIV","PC_EDUEXP","A","1995",,"M"
"AUT","EDUEXPTRY","PRIV","PC_EDUEXP","A","2000",,"M"
"AUT","EDUEXPTRY","PRIV","PC_EDUEXP","A","2005",,"M"
"AUT","EDUEXPTRY","PRIV","PC_EDUEXP","A","2008",,"M"
"AUT","EDUEXPTRY","PRIV","PC_EDUEXP","A","2009",,"M"
"AUT","EDUEXPTRY","PRIV","PC_EDUEXP","A","2010",,"M"
"AUT","EDUEXPTRY","PRIV","PC_EDUEXP","A","2011",,"M"
"AUT","EDUEXPTRY","PRIV","PC_EDUEXP","A","2012",4.857,
"AUT","EDUEXPTRY","PRIV","PC_EDUEXP","A","2013",5.395,
"AUT","EDUEXPTRY","PRIV","PC_EDUEXP","A","2014",5.569,
"AUT","EDUEXPTRY","PRIV","PC_EDUEXP","A","2015",6.231,
"AUT","EDUEXPTRY","PRIV","PC_EDUEXP","A","2016",,"M"
"CAN","EDUEXPTRY","PUB","PC_EDUEXP","A","1995",56.559,
"CAN","EDUEXPTRY","PUB","PC_EDUEXP","A","2000",61.015,
"CAN","EDUEXPTRY","PUB","PC_EDUEXP","A","2005",55.056,
"CAN","EDUEXPTRY","PUB","PC_EDUEXP","A","2008",62.88,
"CAN","EDUEXPTRY","PUB","PC_EDUEXP","A","2009",56.565,
"CAN","EDUEXPTRY","PUB","PC_EDUEXP","A","2010",57.37,
"CAN","EDUEXPTRY","PUB","PC_EDUEXP","A","2011",54.686,
"CAN","EDUEXPTRY","PUB","PC_EDUEXP","A","2012",52.108,
"CAN","EDUEXPTRY","PUB","PC_EDUEXP","A","2013",49.335,
"CAN","EDUEXPTRY","PUB","PC_EDUEXP","A","2014",48.302,
"CAN","EDUEXPTRY","PUB","PC_EDUEXP","A","2015",49.052,
"CAN","EDUEXPTRY","PUB","PC_EDUEXP","A","2016",,"M"
"CZE","EDUEXPTRY","PRIV","PC_EDUEXP","A","1995",28.45,
"CZE","EDUEXPTRY","PRIV","PC_EDUEXP","A","2000",14.569,
"CZE","EDUEXPTRY","PRIV","PC_EDUEXP","A","2005",18.8,
"CZE","EDUEXPTRY","PRIV","PC_EDUEXP","A","2008",20.884,
"CZE","EDUEXPTRY","PRIV","PC_EDUEXP","A","2009",20.081,
"CZE","EDUEXPTRY","PRIV","PC_EDUEXP","A","2010",21.178,
"CZE","EDUEXPTRY","PRIV","PC_EDUEXP","A","2011",18.938,
"CZE","EDUEXPTRY","PRIV","PC_EDUEXP","A","2012",17.799,
"CZE","EDUEXPTRY","PRIV","PC_EDUEXP","A","2013",19.313,
"CZE","EDUEXPTRY","PRIV","PC_EDUEXP","A","2014",19.942,
"CZE","EDUEXPTRY","PRIV","PC_EDUEXP","A","2015",19.909,
"CZE","EDUEXPTRY","PRIV","PC_EDUEXP","A","2016",,"M"
"FRA","EDUEXPTRY","PRIV","PC_EDUEXP","A","1995",,"M"
"FRA","EDUEXPTRY","PRIV","PC_EDUEXP","A","2000",,"M"
"FRA","EDUEXPTRY","PRIV","PC_EDUEXP","A","2005",16.264,
"FRA","EDUEXPTRY","PRIV","PC_EDUEXP","A","2008",18.083,
"FRA","EDUEXPTRY","PRIV","PC_EDUEXP","A","2009",16.767,
"FRA","EDUEXPTRY","PRIV","PC_EDUEXP","A","2010",17.845,
"FRA","EDUEXPTRY","PRIV","PC_EDUEXP","A","2011",18.863,
"FRA","EDUEXPTRY","PRIV","PC_EDUEXP","A","2012",19.831,
"FRA","EDUEXPTRY","PRIV","PC_EDUEXP","A","2013",20.777,
"FRA","EDUEXPTRY","PRIV","PC_EDUEXP","A","2014",20.983,
"FRA","EDUEXPTRY","PRIV","PC_EDUEXP","A","2015",20.3,
"FRA","EDUEXPTRY","PRIV","PC_EDUEXP","A","2016",,"M"
"CHE","EDUEXPTRY","PUB","PC_EDUEXP","A","1995",,"M"
"CHE","EDUEXPTRY","PUB","PC_EDUEXP","A","2000",,"M"
"CHE","EDUEXPTRY","PUB","PC_EDUEXP","A","2005",,"M"
"CHE","EDUEXPTRY","PUB","PC_EDUEXP","A","2008",,"M"
"CHE","EDUEXPTRY","PUB","PC_EDUEXP","A","2009",,"M"
"CHE","EDUEXPTRY","PUB","PC_EDUEXP","A","2010",,"M"
"CHE","EDUEXPTRY","PUB","PC_EDUEXP","A","2011",,"M"
"CHE","EDUEXPTRY","PUB","PC_EDUEXP","A","2012",,"M"
"CHE","EDUEXPTRY","PUB","PC_EDUEXP","A","2013",,"M"
"CHE","EDUEXPTRY","PUB","PC_EDUEXP","A","2014",,"M"
"CHE","EDUEXPTRY","PUB","PC_EDUEXP","A","2015",,"M"
"CHE","EDUEXPTRY","PUB","PC_EDUEXP","A","2016",,"M"
"USA","EDUEXPTRY","PUB","PC_EDUEXP","A","1995",38.644,
"USA","EDUEXPTRY","PUB","PC_EDUEXP","A","2000",43.745,
"USA","EDUEXPTRY","PUB","PC_EDUEXP","A","2005",41.967,
"USA","EDUEXPTRY","PUB","PC_EDUEXP","A","2008",41.322,
"USA","EDUEXPTRY","PUB","PC_EDUEXP","A","2009",40.646,
"USA","EDUEXPTRY","PUB","PC_EDUEXP","A","2010",39.985,
"USA","EDUEXPTRY","PUB","PC_EDUEXP","A","2011",39.08,
"USA","EDUEXPTRY","PUB","PC_EDUEXP","A","2012",37.802,
"USA","EDUEXPTRY","PUB","PC_EDUEXP","A","2013",36.326,
"USA","EDUEXPTRY","PUB","PC_EDUEXP","A","2014",34.743,
"USA","EDUEXPTRY","PUB","PC_EDUEXP","A","2015",35.205,
"USA","EDUEXPTRY","PUB","PC_EDUEXP","A","2016",,"M"
"ARG","EDUEXPTRY","PUB","PC_EDUEXP","A","1995",,"M"
"ARG","EDUEXPTRY","PUB","PC_EDUEXP","A","2000",,"M"
"ARG","EDUEXPTRY","PUB","PC_EDUEXP","A","2005",,"M"
"ARG","EDUEXPTRY","PUB","PC_EDUEXP","A","2008",,"M"
"ARG","EDUEXPTRY","PUB","PC_EDUEXP","A","2009",,"M"
"ARG","EDUEXPTRY","PUB","PC_EDUEXP","A","2010",,"M"
"ARG","EDUEXPTRY","PUB","PC_EDUEXP","A","2011",,"M"
"ARG","EDUEXPTRY","PUB","PC_EDUEXP","A","2012",,"M"
"ARG","EDUEXPTRY","PUB","PC_EDUEXP","A","2013",93.311,
"ARG","EDUEXPTRY","PUB","PC_EDUEXP","A","2014",86.037,
"ARG","EDUEXPTRY","PUB","PC_EDUEXP","A","2015",,"M"
"ARG","EDUEXPTRY","PUB","PC_EDUEXP","A","2016",,"M"
"CHL","EDUEXPTRY","PRIV","PC_EDUEXP","A","1995",74.888,
"CHL","EDUEXPTRY","PRIV","PC_EDUEXP","A","2000",80.529,
"CHL","EDUEXPTRY","PRIV","PC_EDUEXP","A","2005",84.538,
"CHL","EDUEXPTRY","PRIV","PC_EDUEXP","A","2008",85.576,
"CHL","EDUEXPTRY","PRIV","PC_EDUEXP","A","2009",85.364,
"CHL","EDUEXPTRY","PRIV","PC_EDUEXP","A","2010",76.581,
"CHL","EDUEXPTRY","PRIV","PC_EDUEXP","A","2011",77.891,
"CHL","EDUEXPTRY","PRIV","PC_EDUEXP","A","2012",75.807,
"CHL","EDUEXPTRY","PRIV","PC_EDUEXP","A","2013",65.444,
"CHL","EDUEXPTRY","PRIV","PC_EDUEXP","A","2014",62.496,
"CHL","EDUEXPTRY","PRIV","PC_EDUEXP","A","2015",64.339,
"CHL","EDUEXPTRY","PRIV","PC_EDUEXP","A","2016",67.561,
"RUS","EDUEXPTRY","PUB","PC_EDUEXP","A","1995",,"M"
"RUS","EDUEXPTRY","PUB","PC_EDUEXP","A","2000",,"M"
"RUS","EDUEXPTRY","PUB","PC_EDUEXP","A","2005",,"M"
"RUS","EDUEXPTRY","PUB","PC_EDUEXP","A","2008",64.282,
"RUS","EDUEXPTRY","PUB","PC_EDUEXP","A","2009",64.609,
"RUS","EDUEXPTRY","PUB","PC_EDUEXP","A","2010",62.192,
"RUS","EDUEXPTRY","PUB","PC_EDUEXP","A","2011",62.711,
"RUS","EDUEXPTRY","PUB","PC_EDUEXP","A","2012",63.19,
"RUS","EDUEXPTRY","PUB","PC_EDUEXP","A","2013",64.506,
"RUS","EDUEXPTRY","PUB","PC_EDUEXP","A","2014",65.52,
"RUS","EDUEXPTRY","PUB","PC_EDUEXP","A","2015",63.901,
"RUS","EDUEXPTRY","PUB","PC_EDUEXP","A","2016",,"M"
"SAU","EDUEXPTRY","PRIV","PC_EDUEXP","A","1995",,"M"
"SAU","EDUEXPTRY","PRIV","PC_EDUEXP","A","2000",,"M"
"SAU","EDUEXPTRY","PRIV","PC_EDUEXP","A","2005",,"M"
"SAU","EDUEXPTRY","PRIV","PC_EDUEXP","A","2008",,"M"
"SAU","EDUEXPTRY","PRIV","PC_EDUEXP","A","2009",,"M"
"SAU","EDUEXPTRY","PRIV","PC_EDUEXP","A","2010",,"M"
"SAU","EDUEXPTRY","PRIV","PC_EDUEXP","A","2011",,"M"
"SAU","EDUEXPTRY","PRIV","PC_EDUEXP","A","2012",,"M"
"SAU","EDUEXPTRY","PRIV","PC_EDUEXP","A","2013",,"M"
"SAU","EDUEXPTRY","PRIV","PC_EDUEXP","A","2014",,"M"
"SAU","EDUEXPTRY","PRIV","PC_EDUEXP","A","2015",,"M"
"SAU","EDUEXPTRY","PRIV","PC_EDUEXP","A","2016",,"M"
"JPN","EDUEXPTRY","PUB","PC_EDUEXP","A","1995",35.088,
"JPN","EDUEXPTRY","PUB","PC_EDUEXP","A","2000",38.471,
"JPN","EDUEXPTRY","PUB","PC_EDUEXP","A","2005",33.708,
"JPN","EDUEXPTRY","PUB","PC_EDUEXP","A","2008",33.294,
"JPN","EDUEXPTRY","PUB","PC_EDUEXP","A","2009",35.265,
"JPN","EDUEXPTRY","PUB","PC_EDUEXP","A","2010",34.351,
"JPN","EDUEXPTRY","PUB","PC_EDUEXP","A","2011",34.469,
"JPN","EDUEXPTRY","PUB","PC_EDUEXP","A","2012",34.285,
"JPN","EDUEXPTRY","PUB","PC_EDUEXP","A","2013",35.248,
"JPN","EDUEXPTRY","PUB","PC_EDUEXP","A","2014",34.095,
"JPN","EDUEXPTRY","PUB","PC_EDUEXP","A","2015",32.416,
"JPN","EDUEXPTRY","PUB","PC_EDUEXP","A","2016",,"M"
"MEX","EDUEXPTRY","PUB","PC_EDUEXP","A","1995",77.387,
"MEX","EDUEXPTRY","PUB","PC_EDUEXP","A","2000",79.398,
"MEX","EDUEXPTRY","PUB","PC_EDUEXP","A","2005",68.979,
"MEX","EDUEXPTRY","PUB","PC_EDUEXP","A","2008",70.134,
"MEX","EDUEXPTRY","PUB","PC_EDUEXP","A","2009",68.689,
"MEX","EDUEXPTRY","PUB","PC_EDUEXP","A","2010",69.884,
"MEX","EDUEXPTRY","PUB","PC_EDUEXP","A","2011",67.063,
"MEX","EDUEXPTRY","PUB","PC_EDUEXP","A","2012",69.69,
"MEX","EDUEXPTRY","PUB","PC_EDUEXP","A","2013",67.78,
"MEX","EDUEXPTRY","PUB","PC_EDUEXP","A","2014",71.183,
"MEX","EDUEXPTRY","PUB","PC_EDUEXP","A","2015",70.864,
"MEX","EDUEXPTRY","PUB","PC_EDUEXP","A","2016",,"M"
"NLD","EDUEXPTRY","PRIV","PC_EDUEXP","A","1995",21.406,
"NLD","EDUEXPTRY","PRIV","PC_EDUEXP","A","2000",24.631,
"NLD","EDUEXPTRY","PRIV","PC_EDUEXP","A","2005",26.556,
"NLD","EDUEXPTRY","PRIV","PC_EDUEXP","A","2008",27.896,
"NLD","EDUEXPTRY","PRIV","PC_EDUEXP","A","2009",28.332,
"NLD","EDUEXPTRY","PRIV","PC_EDUEXP","A","2010",27.542,
"NLD","EDUEXPTRY","PRIV","PC_EDUEXP","A","2011",28.479,
"NLD","EDUEXPTRY","PRIV","PC_EDUEXP","A","2012",28.7,
"NLD","EDUEXPTRY","PRIV","PC_EDUEXP","A","2013",28.831,
"NLD","EDUEXPTRY","PRIV","PC_EDUEXP","A","2014",29.169,
"NLD","EDUEXPTRY","PRIV","PC_EDUEXP","A","2015",29.27,
"NLD","EDUEXPTRY","PRIV","PC_EDUEXP","A","2016",,"M"
"NOR","EDUEXPTRY","PUB","PC_EDUEXP","A","1995",93.71,
"NOR","EDUEXPTRY","PUB","PC_EDUEXP","A","2000",96.3,
"NOR","EDUEXPTRY","PUB","PC_EDUEXP","A","2005",,"M"
"NOR","EDUEXPTRY","PUB","PC_EDUEXP","A","2008",96.891,
"NOR","EDUEXPTRY","PUB","PC_EDUEXP","A","2009",96.097,
"NOR","EDUEXPTRY","PUB","PC_EDUEXP","A","2010",96.001,
"NOR","EDUEXPTRY","PUB","PC_EDUEXP","A","2011",95.896,
"NOR","EDUEXPTRY","PUB","PC_EDUEXP","A","2012",96.124,
"NOR","EDUEXPTRY","PUB","PC_EDUEXP","A","2013",96.044,
"NOR","EDUEXPTRY","PUB","PC_EDUEXP","A","2014",96.282,
"NOR","EDUEXPTRY","PUB","PC_EDUEXP","A","2015",95.976,
"NOR","EDUEXPTRY","PUB","PC_EDUEXP","A","2016",,"M"
"POL","EDUEXPTRY","PRIV","PC_EDUEXP","A","1995",0,
"POL","EDUEXPTRY","PRIV","PC_EDUEXP","A","2000",33.424,
"POL","EDUEXPTRY","PRIV","PC_EDUEXP","A","2005",26.016,
"POL","EDUEXPTRY","PRIV","PC_EDUEXP","A","2008",28.449,
"POL","EDUEXPTRY","PRIV","PC_EDUEXP","A","2009",29.949,
"POL","EDUEXPTRY","PRIV","PC_EDUEXP","A","2010",27.625,
"POL","EDUEXPTRY","PRIV","PC_EDUEXP","A","2011",23.594,
"POL","EDUEXPTRY","PRIV","PC_EDUEXP","A","2012",21.521,
"POL","EDUEXPTRY","PRIV","PC_EDUEXP","A","2013",18.971,
"POL","EDUEXPTRY","PRIV","PC_EDUEXP","A","2014",17.895,
"POL","EDUEXPTRY","PRIV","PC_EDUEXP","A","2015",16.176,
"POL","EDUEXPTRY","PRIV","PC_EDUEXP","A","2016",,"M"
"SVK","EDUEXPTRY","PUB","PC_EDUEXP","A","1995",95.398,
"SVK","EDUEXPTRY","PUB","PC_EDUEXP","A","2000",91.248,
"SVK","EDUEXPTRY","PUB","PC_EDUEXP","A","2005",77.35,
"SVK","EDUEXPTRY","PUB","PC_EDUEXP","A","2008",73.061,
"SVK","EDUEXPTRY","PUB","PC_EDUEXP","A","2009",70.041,
"SVK","EDUEXPTRY","PUB","PC_EDUEXP","A","2010",70.191,
"SVK","EDUEXPTRY","PUB","PC_EDUEXP","A","2011",76.897,
"SVK","EDUEXPTRY","PUB","PC_EDUEXP","A","2012",72.469,
"SVK","EDUEXPTRY","PUB","PC_EDUEXP","A","2013",73.959,
"SVK","EDUEXPTRY","PUB","PC_EDUEXP","A","2014",75.539,
"SVK","EDUEXPTRY","PUB","PC_EDUEXP","A","2015",78.736,
"SVK","EDUEXPTRY","PUB","PC_EDUEXP","A","2016",,"M"
"ESP","EDUEXPTRY","PRIV","PC_EDUEXP","A","1995",25.625,
"ESP","EDUEXPTRY","PRIV","PC_EDUEXP","A","2000",25.585,
"ESP","EDUEXPTRY","PRIV","PC_EDUEXP","A","2005",22.099,
"ESP","EDUEXPTRY","PRIV","PC_EDUEXP","A","2008",21.136,
"ESP","EDUEXPTRY","PRIV","PC_EDUEXP","A","2009",20.912,
"ESP","EDUEXPTRY","PRIV","PC_EDUEXP","A","2010",21.78,
"ESP","EDUEXPTRY","PRIV","PC_EDUEXP","A","2011",22.531,
"ESP","EDUEXPTRY","PRIV","PC_EDUEXP","A","2012",26.537,
"ESP","EDUEXPTRY","PRIV","PC_EDUEXP","A","2013",30.242,
"ESP","EDUEXPTRY","PRIV","PC_EDUEXP","A","2014",31.103,
"ESP","EDUEXPTRY","PRIV","PC_EDUEXP","A","2015",31.798,
"ESP","EDUEXPTRY","PRIV","PC_EDUEXP","A","2016",,"M"
"TUR","EDUEXPTRY","PRIV","PC_EDUEXP","A","1995",3.719,
"TUR","EDUEXPTRY","PRIV","PC_EDUEXP","A","2000",4.58,
"TUR","EDUEXPTRY","PRIV","PC_EDUEXP","A","2005",,"M"
"TUR","EDUEXPTRY","PRIV","PC_EDUEXP","A","2008",,"M"
"TUR","EDUEXPTRY","PRIV","PC_EDUEXP","A","2009",,"M"
"TUR","EDUEXPTRY","PRIV","PC_EDUEXP","A","2010",,"M"
"TUR","EDUEXPTRY","PRIV","PC_EDUEXP","A","2011",19.162,
"TUR","EDUEXPTRY","PRIV","PC_EDUEXP","A","2012",25.154,
"TUR","EDUEXPTRY","PRIV","PC_EDUEXP","A","2013",23.491,
"TUR","EDUEXPTRY","PRIV","PC_EDUEXP","A","2014",24.307,
"TUR","EDUEXPTRY","PRIV","PC_EDUEXP","A","2015",24.928,
"TUR","EDUEXPTRY","PRIV","PC_EDUEXP","A","2016",,"M"
"BRA","EDUEXPTRY","PUB","PC_EDUEXP","A","1995",100,
"BRA","EDUEXPTRY","PUB","PC_EDUEXP","A","2000",100,
"BRA","EDUEXPTRY","PUB","PC_EDUEXP","A","2005",,"M"
"BRA","EDUEXPTRY","PUB","PC_EDUEXP","A","2008",,"M"
"BRA","EDUEXPTRY","PUB","PC_EDUEXP","A","2009",,"M"
"BRA","EDUEXPTRY","PUB","PC_EDUEXP","A","2010",,"M"
"BRA","EDUEXPTRY","PUB","PC_EDUEXP","A","2011",,"M"
"BRA","EDUEXPTRY","PUB","PC_EDUEXP","A","2012",,"M"
"BRA","EDUEXPTRY","PUB","PC_EDUEXP","A","2013",,"M"
"BRA","EDUEXPTRY","PUB","PC_EDUEXP","A","2014",,"M"
"BRA","EDUEXPTRY","PUB","PC_EDUEXP","A","2015",,"M"
"BRA","EDUEXPTRY","PUB","PC_EDUEXP","A","2016",,"M"
"IND","EDUEXPTRY","PRIV","PC_EDUEXP","A","1995",,"M"
"IND","EDUEXPTRY","PRIV","PC_EDUEXP","A","2000",,"M"
"IND","EDUEXPTRY","PRIV","PC_EDUEXP","A","2005",,"M"
"IND","EDUEXPTRY","PRIV","PC_EDUEXP","A","2008",,"M"
"IND","EDUEXPTRY","PRIV","PC_EDUEXP","A","2009",,"M"
"IND","EDUEXPTRY","PRIV","PC_EDUEXP","A","2010",,"M"
"IND","EDUEXPTRY","PRIV","PC_EDUEXP","A","2011",,"M"
"IND","EDUEXPTRY","PRIV","PC_EDUEXP","A","2012",,"M"
"IND","EDUEXPTRY","PRIV","PC_EDUEXP","A","2013",,"M"
"IND","EDUEXPTRY","PRIV","PC_EDUEXP","A","2014",,"M"
"IND","EDUEXPTRY","PRIV","PC_EDUEXP","A","2015",,"M"
"IND","EDUEXPTRY","PRIV","PC_EDUEXP","A","2016",,"M"
"ISR","EDUEXPTRY","PUB","PC_EDUEXP","A","1995",59.218,
"ISR","EDUEXPTRY","PUB","PC_EDUEXP","A","2000",60.052,
"ISR","EDUEXPTRY","PUB","PC_EDUEXP","A","2005",53.065,
"ISR","EDUEXPTRY","PUB","PC_EDUEXP","A","2008",51.32,
"ISR","EDUEXPTRY","PUB","PC_EDUEXP","A","2009",58.169,
"ISR","EDUEXPTRY","PUB","PC_EDUEXP","A","2010",54.226,
"ISR","EDUEXPTRY","PUB","PC_EDUEXP","A","2011",48.998,
"ISR","EDUEXPTRY","PUB","PC_EDUEXP","A","2012",53.117,
"ISR","EDUEXPTRY","PUB","PC_EDUEXP","A","2013",51.493,
"ISR","EDUEXPTRY","PUB","PC_EDUEXP","A","2014",51.964,
"ISR","EDUEXPTRY","PUB","PC_EDUEXP","A","2015",58.389,
"ISR","EDUEXPTRY","PUB","PC_EDUEXP","A","2016",,"M"
"BEL","EDUEXPTRY","PUB","PC_EDUEXP","A","1995",,"M"
"BEL","EDUEXPTRY","PUB","PC_EDUEXP","A","2000",,"M"
"BEL","EDUEXPTRY","PUB","PC_EDUEXP","A","2005",88.733,
"BEL","EDUEXPTRY","PUB","PC_EDUEXP","A","2008",87.92,
"BEL","EDUEXPTRY","PUB","PC_EDUEXP","A","2009",87.912,
"BEL","EDUEXPTRY","PUB","PC_EDUEXP","A","2010",87.718,
"BEL","EDUEXPTRY","PUB","PC_EDUEXP","A","2011",87.49,
"BEL","EDUEXPTRY","PUB","PC_EDUEXP","A","2012",87.15,
"BEL","EDUEXPTRY","PUB","PC_EDUEXP","A","2013",87.181,
"BEL","EDUEXPTRY","PUB","PC_EDUEXP","A","2014",85.684,
"BEL","EDUEXPTRY","PUB","PC_EDUEXP","A","2015",83.018,
"BEL","EDUEXPTRY","PUB","PC_EDUEXP","A","2016",,"M"
"DNK","EDUEXPTRY","PUB","PC_EDUEXP","A","1995",99.404,
"DNK","EDUEXPTRY","PUB","PC_EDUEXP","A","2000",97.614,
"DNK","EDUEXPTRY","PUB","PC_EDUEXP","A","2005",96.706,
"DNK","EDUEXPTRY","PUB","PC_EDUEXP","A","2008",95.535,
"DNK","EDUEXPTRY","PUB","PC_EDUEXP","A","2009",95.429,
"DNK","EDUEXPTRY","PUB","PC_EDUEXP","A","2010",94.995,
"DNK","EDUEXPTRY","PUB","PC_EDUEXP","A","2011",94.544,
"DNK","EDUEXPTRY","PUB","PC_EDUEXP","A","2012",,"M"
"DNK","EDUEXPTRY","PUB","PC_EDUEXP","A","2013",90.293,
"DNK","EDUEXPTRY","PUB","PC_EDUEXP","A","2014",92.35,
"DNK","EDUEXPTRY","PUB","PC_EDUEXP","A","2015",,"M"
"DNK","EDUEXPTRY","PUB","PC_EDUEXP","A","2016",,"M"
"FIN","EDUEXPTRY","PRIV","PC_EDUEXP","A","1995",2.248,
"FIN","EDUEXPTRY","PRIV","PC_EDUEXP","A","2000",2.761,
"FIN","EDUEXPTRY","PRIV","PC_EDUEXP","A","2005",3.87,
"FIN","EDUEXPTRY","PRIV","PC_EDUEXP","A","2008",4.571,
"FIN","EDUEXPTRY","PRIV","PC_EDUEXP","A","2009",4.23,
"FIN","EDUEXPTRY","PRIV","PC_EDUEXP","A","2010",4.056,
"FIN","EDUEXPTRY","PRIV","PC_EDUEXP","A","2011",4.117,
"FIN","EDUEXPTRY","PRIV","PC_EDUEXP","A","2012",3.82,
"FIN","EDUEXPTRY","PRIV","PC_EDUEXP","A","2013",3.922,
"FIN","EDUEXPTRY","PRIV","PC_EDUEXP","A","2014",3.516,
"FIN","EDUEXPTRY","PRIV","PC_EDUEXP","A","2015",3.42,
"FIN","EDUEXPTRY","PRIV","PC_EDUEXP","A","2016",,"M"
"DEU","EDUEXPTRY","PUB","PC_EDUEXP","A","1995",,"M"
"DEU","EDUEXPTRY","PUB","PC_EDUEXP","A","2000",,"M"
"DEU","EDUEXPTRY","PUB","PC_EDUEXP","A","2005",85.472,
"DEU","EDUEXPTRY","PUB","PC_EDUEXP","A","2008",85.09,
"DEU","EDUEXPTRY","PUB","PC_EDUEXP","A","2009",,"M"
"DEU","EDUEXPTRY","PUB","PC_EDUEXP","A","2010",84.643,
"DEU","EDUEXPTRY","PUB","PC_EDUEXP","A","2011",85.141,
"DEU","EDUEXPTRY","PUB","PC_EDUEXP","A","2012",84.134,
"DEU","EDUEXPTRY","PUB","PC_EDUEXP","A","2013",83.729,
"DEU","EDUEXPTRY","PUB","PC_EDUEXP","A","2014",84.135,
"DEU","EDUEXPTRY","PUB","PC_EDUEXP","A","2015",82.723,
"DEU","EDUEXPTRY","PUB","PC_EDUEXP","A","2016",,"M"
"GRC","EDUEXPTRY","PRIV","PC_EDUEXP","A","1995",0,
"GRC","EDUEXPTRY","PRIV","PC_EDUEXP","A","2000",0.267,
"GRC","EDUEXPTRY","PRIV","PC_EDUEXP","A","2005",3.306,
"GRC","EDUEXPTRY","PRIV","PC_EDUEXP","A","2008",,"M"
"GRC","EDUEXPTRY","PRIV","PC_EDUEXP","A","2009",,"M"
"GRC","EDUEXPTRY","PRIV","PC_EDUEXP","A","2010",,"M"
"GRC","EDUEXPTRY","PRIV","PC_EDUEXP","A","2011",,"M"
"GRC","EDUEXPTRY","PRIV","PC_EDUEXP","A","2012",9.626,
"GRC","EDUEXPTRY","PRIV","PC_EDUEXP","A","2013",12.495,
"GRC","EDUEXPTRY","PRIV","PC_EDUEXP","A","2014",14.003,
"GRC","EDUEXPTRY","PRIV","PC_EDUEXP","A","2015",11.565,
"GRC","EDUEXPTRY","PRIV","PC_EDUEXP","A","2016",,"M"
"ISL","EDUEXPTRY","PUB","PC_EDUEXP","A","1995",,"M"
"ISL","EDUEXPTRY","PUB","PC_EDUEXP","A","2000",91.778,
"ISL","EDUEXPTRY","PUB","PC_EDUEXP","A","2005",90.538,
"ISL","EDUEXPTRY","PUB","PC_EDUEXP","A","2008",92.162,
"ISL","EDUEXPTRY","PUB","PC_EDUEXP","A","2009",92.009,
"ISL","EDUEXPTRY","PUB","PC_EDUEXP","A","2010",91.176,
"ISL","EDUEXPTRY","PUB","PC_EDUEXP","A","2011",90.597,
"ISL","EDUEXPTRY","PUB","PC_EDUEXP","A","2012",85.31,
"ISL","EDUEXPTRY","PUB","PC_EDUEXP","A","2013",86.843,
"ISL","EDUEXPTRY","PUB","PC_EDUEXP","A","2014",89.117,
"ISL","EDUEXPTRY","PUB","PC_EDUEXP","A","2015",89.306,
"ISL","EDUEXPTRY","PUB","PC_EDUEXP","A","2016",,"M"
"IRL","EDUEXPTRY","PRIV","PC_EDUEXP","A","1995",30.294,
"IRL","EDUEXPTRY","PRIV","PC_EDUEXP","A","2000",20.846,
"IRL","EDUEXPTRY","PRIV","PC_EDUEXP","A","2005",16.019,
"IRL","EDUEXPTRY","PRIV","PC_EDUEXP","A","2008",17.449,
"IRL","EDUEXPTRY","PRIV","PC_EDUEXP","A","2009",16.213,
"IRL","EDUEXPTRY","PRIV","PC_EDUEXP","A","2010",18.752,
"IRL","EDUEXPTRY","PRIV","PC_EDUEXP","A","2011",19.524,
"IRL","EDUEXPTRY","PRIV","PC_EDUEXP","A","2012",16.42,
"IRL","EDUEXPTRY","PRIV","PC_EDUEXP","A","2013",22.261,
"IRL","EDUEXPTRY","PRIV","PC_EDUEXP","A","2014",25.725,
"IRL","EDUEXPTRY","PRIV","PC_EDUEXP","A","2015",26.389,
"IRL","EDUEXPTRY","PRIV","PC_EDUEXP","A","2016",,"M"
"KOR","EDUEXPTRY","PRIV","PC_EDUEXP","A","1995",,"M"
"KOR","EDUEXPTRY","PRIV","PC_EDUEXP","A","2000",76.697,
"KOR","EDUEXPTRY","PRIV","PC_EDUEXP","A","2005",75.701,
"KOR","EDUEXPTRY","PRIV","PC_EDUEXP","A","2008",77.702,
"KOR","EDUEXPTRY","PRIV","PC_EDUEXP","A","2009",73.915,
"KOR","EDUEXPTRY","PRIV","PC_EDUEXP","A","2010",72.574,
"KOR","EDUEXPTRY","PRIV","PC_EDUEXP","A","2011",72.806,
"KOR","EDUEXPTRY","PRIV","PC_EDUEXP","A","2012",70.515,
"KOR","EDUEXPTRY","PRIV","PC_EDUEXP","A","2013",67.338,
"KOR","EDUEXPTRY","PRIV","PC_EDUEXP","A","2014",65.669,
"KOR","EDUEXPTRY","PRIV","PC_EDUEXP","A","2015",63.866,
"KOR","EDUEXPTRY","PRIV","PC_EDUEXP","A","2016",,"M"
"CHN","EDUEXPTRY","PUB","PC_EDUEXP","A","1995",,"M"
"CHN","EDUEXPTRY","PUB","PC_EDUEXP","A","2000",,"M"
"CHN","EDUEXPTRY","PUB","PC_EDUEXP","A","2005",,"M"
"CHN","EDUEXPTRY","PUB","PC_EDUEXP","A","2008",,"M"
"CHN","EDUEXPTRY","PUB","PC_EDUEXP","A","2009",,"M"
"CHN","EDUEXPTRY","PUB","PC_EDUEXP","A","2010",,"M"
"CHN","EDUEXPTRY","PUB","PC_EDUEXP","A","2011",,"M"
"CHN","EDUEXPTRY","PUB","PC_EDUEXP","A","2012",,"M"
"CHN","EDUEXPTRY","PUB","PC_EDUEXP","A","2013",,"M"
"CHN","EDUEXPTRY","PUB","PC_EDUEXP","A","2014",,"M"
"CHN","EDUEXPTRY","PUB","PC_EDUEXP","A","2015",,"M"
"CHN","EDUEXPTRY","PUB","PC_EDUEXP","A","2016",,"M"
"AUS","EDUEXPTRY","PRIV","PC_EDUEXP","A","1995",,"M"
"AUS","EDUEXPTRY","PRIV","PC_EDUEXP","A","2000",50.13,
"AUS","EDUEXPTRY","PRIV","PC_EDUEXP","A","2005",54.589,
"AUS","EDUEXPTRY","PRIV","PC_EDUEXP","A","2008",55.056,
"AUS","EDUEXPTRY","PRIV","PC_EDUEXP","A","2009",54.578,
"AUS","EDUEXPTRY","PRIV","PC_EDUEXP","A","2010",53.529,
"AUS","EDUEXPTRY","PRIV","PC_EDUEXP","A","2011",54.373,
"AUS","EDUEXPTRY","PRIV","PC_EDUEXP","A","2012",55.06,
"AUS","EDUEXPTRY","PRIV","PC_EDUEXP","A","2013",57.51,
"AUS","EDUEXPTRY","PRIV","PC_EDUEXP","A","2014",61.24,
"AUS","EDUEXPTRY","PRIV","PC_EDUEXP","A","2015",62.18,
"AUS","EDUEXPTRY","PRIV","PC_EDUEXP","A","2016",,"M"
"CAN","EDUEXPTRY","PRIV","PC_EDUEXP","A","1995",43.441,
"CAN","EDUEXPTRY","PRIV","PC_EDUEXP","A","2000",38.985,
"CAN","EDUEXPTRY","PRIV","PC_EDUEXP","A","2005",44.944,
"CAN","EDUEXPTRY","PRIV","PC_EDUEXP","A","2008",37.12,
"CAN","EDUEXPTRY","PRIV","PC_EDUEXP","A","2009",43.435,
"CAN","EDUEXPTRY","PRIV","PC_EDUEXP","A","2010",42.63,
"CAN","EDUEXPTRY","PRIV","PC_EDUEXP","A","2011",44.946,
"CAN","EDUEXPTRY","PRIV","PC_EDUEXP","A","2012",47.538,
"CAN","EDUEXPTRY","PRIV","PC_EDUEXP","A","2013",50.304,
"CAN","EDUEXPTRY","PRIV","PC_EDUEXP","A","2014",51.399,
"CAN","EDUEXPTRY","PRIV","PC_EDUEXP","A","2015",50.616,
"CAN","EDUEXPTRY","PRIV","PC_EDUEXP","A","2016",,"M"
"PRT","EDUEXPTRY","PUB","PC_EDUEXP","A","1995",96.501,
"PRT","EDUEXPTRY","PUB","PC_EDUEXP","A","2000",92.471,
"PRT","EDUEXPTRY","PUB","PC_EDUEXP","A","2005",68.111,
"PRT","EDUEXPTRY","PUB","PC_EDUEXP","A","2008",62.081,
"PRT","EDUEXPTRY","PUB","PC_EDUEXP","A","2009",70.936,
"PRT","EDUEXPTRY","PUB","PC_EDUEXP","A","2010",68.992,
"PRT","EDUEXPTRY","PUB","PC_EDUEXP","A","2011",68.558,
"PRT","EDUEXPTRY","PUB","PC_EDUEXP","A","2012",49.884,
"PRT","EDUEXPTRY","PUB","PC_EDUEXP","A","2013",52.975,
"PRT","EDUEXPTRY","PUB","PC_EDUEXP","A","2014",56.741,
"PRT","EDUEXPTRY","PUB","PC_EDUEXP","A","2015",58.127,
"PRT","EDUEXPTRY","PUB","PC_EDUEXP","A","2016",,"M"
"SWE","EDUEXPTRY","PUB","PC_EDUEXP","A","1995",93.562,
"SWE","EDUEXPTRY","PUB","PC_EDUEXP","A","2000",88.872,
"SWE","EDUEXPTRY","PUB","PC_EDUEXP","A","2005",85.192,
"SWE","EDUEXPTRY","PUB","PC_EDUEXP","A","2008",85.641,
"SWE","EDUEXPTRY","PUB","PC_EDUEXP","A","2009",86.236,
"SWE","EDUEXPTRY","PUB","PC_EDUEXP","A","2010",87.048,
"SWE","EDUEXPTRY","PUB","PC_EDUEXP","A","2011",85.913,
"SWE","EDUEXPTRY","PUB","PC_EDUEXP","A","2012",85.637,
"SWE","EDUEXPTRY","PUB","PC_EDUEXP","A","2013",85.812,
"SWE","EDUEXPTRY","PUB","PC_EDUEXP","A","2014",85.241,
"SWE","EDUEXPTRY","PUB","PC_EDUEXP","A","2015",84.74,
"SWE","EDUEXPTRY","PUB","PC_EDUEXP","A","2016",,"M"
"CHE","EDUEXPTRY","PRIV","PC_EDUEXP","A","1995",,"M"
"CHE","EDUEXPTRY","PRIV","PC_EDUEXP","A","2000",,"M"
"CHE","EDUEXPTRY","PRIV","PC_EDUEXP","A","2005",,"M"
"CHE","EDUEXPTRY","PRIV","PC_EDUEXP","A","2008",,"M"
"CHE","EDUEXPTRY","PRIV","PC_EDUEXP","A","2009",,"M"
"CHE","EDUEXPTRY","PRIV","PC_EDUEXP","A","2010",,"M"
"CHE","EDUEXPTRY","PRIV","PC_EDUEXP","A","2011",,"M"
"CHE","EDUEXPTRY","PRIV","PC_EDUEXP","A","2012",,"M"
"CHE","EDUEXPTRY","PRIV","PC_EDUEXP","A","2013",,"M"
"CHE","EDUEXPTRY","PRIV","PC_EDUEXP","A","2014",,"M"
"CHE","EDUEXPTRY","PRIV","PC_EDUEXP","A","2015",,"M"
"CHE","EDUEXPTRY","PRIV","PC_EDUEXP","A","2016",,"M"
"GBR","EDUEXPTRY","PUB","PC_EDUEXP","A","1995",,"M"
"GBR","EDUEXPTRY","PUB","PC_EDUEXP","A","2000",,"M"
"GBR","EDUEXPTRY","PUB","PC_EDUEXP","A","2005",,"M"
"GBR","EDUEXPTRY","PUB","PC_EDUEXP","A","2008",,"M"
"GBR","EDUEXPTRY","PUB","PC_EDUEXP","A","2009",,"M"
"GBR","EDUEXPTRY","PUB","PC_EDUEXP","A","2010",,"M"
"GBR","EDUEXPTRY","PUB","PC_EDUEXP","A","2011",,"M"
"GBR","EDUEXPTRY","PUB","PC_EDUEXP","A","2012",54.862,
"GBR","EDUEXPTRY","PUB","PC_EDUEXP","A","2013",55.195,
"GBR","EDUEXPTRY","PUB","PC_EDUEXP","A","2014",26.824,
"GBR","EDUEXPTRY","PUB","PC_EDUEXP","A","2015",24.991,
"GBR","EDUEXPTRY","PUB","PC_EDUEXP","A","2016",,"M"
"USA","EDUEXPTRY","PRIV","PC_EDUEXP","A","1995",61.356,
"USA","EDUEXPTRY","PRIV","PC_EDUEXP","A","2000",56.255,
"USA","EDUEXPTRY","PRIV","PC_EDUEXP","A","2005",58.033,
"USA","EDUEXPTRY","PRIV","PC_EDUEXP","A","2008",58.678,
"USA","EDUEXPTRY","PRIV","PC_EDUEXP","A","2009",59.354,
"USA","EDUEXPTRY","PRIV","PC_EDUEXP","A","2010",60.015,
"USA","EDUEXPTRY","PRIV","PC_EDUEXP","A","2011",60.92,
"USA","EDUEXPTRY","PRIV","PC_EDUEXP","A","2012",62.198,
"USA","EDUEXPTRY","PRIV","PC_EDUEXP","A","2013",63.674,
"USA","EDUEXPTRY","PRIV","PC_EDUEXP","A","2014",65.257,
"USA","EDUEXPTRY","PRIV","PC_EDUEXP","A","2015",64.795,
"USA","EDUEXPTRY","PRIV","PC_EDUEXP","A","2016",,"M"
"ARG","EDUEXPTRY","PRIV","PC_EDUEXP","A","1995",,"M"
"ARG","EDUEXPTRY","PRIV","PC_EDUEXP","A","2000",,"M"
"ARG","EDUEXPTRY","PRIV","PC_EDUEXP","A","2005",,"M"
"ARG","EDUEXPTRY","PRIV","PC_EDUEXP","A","2008",,"M"
"ARG","EDUEXPTRY","PRIV","PC_EDUEXP","A","2009",,"M"
"ARG","EDUEXPTRY","PRIV","PC_EDUEXP","A","2010",,"M"
"ARG","EDUEXPTRY","PRIV","PC_EDUEXP","A","2011",,"M"
"ARG","EDUEXPTRY","PRIV","PC_EDUEXP","A","2012",,"M"
"ARG","EDUEXPTRY","PRIV","PC_EDUEXP","A","2013",6.689,
"ARG","EDUEXPTRY","PRIV","PC_EDUEXP","A","2014",13.963,
"ARG","EDUEXPTRY","PRIV","PC_EDUEXP","A","2015",,"M"
"ARG","EDUEXPTRY","PRIV","PC_EDUEXP","A","2016",,"M"
"EST","EDUEXPTRY","PUB","PC_EDUEXP","A","1995",,"M"
"EST","EDUEXPTRY","PUB","PC_EDUEXP","A","2000",,"M"
"EST","EDUEXPTRY","PUB","PC_EDUEXP","A","2005",69.883,
"EST","EDUEXPTRY","PUB","PC_EDUEXP","A","2008",78.827,
"EST","EDUEXPTRY","PUB","PC_EDUEXP","A","2009",80.172,
"EST","EDUEXPTRY","PUB","PC_EDUEXP","A","2010",75.416,
"EST","EDUEXPTRY","PUB","PC_EDUEXP","A","2011",80.364,
"EST","EDUEXPTRY","PUB","PC_EDUEXP","A","2012",58.431,
"EST","EDUEXPTRY","PUB","PC_EDUEXP","A","2013",60.891,
"EST","EDUEXPTRY","PUB","PC_EDUEXP","A","2014",76.352,
"EST","EDUEXPTRY","PUB","PC_EDUEXP","A","2015",70.943,
"EST","EDUEXPTRY","PUB","PC_EDUEXP","A","2016",,"M"
"RUS","EDUEXPTRY","PRIV","PC_EDUEXP","A","1995",,"M"
"RUS","EDUEXPTRY","PRIV","PC_EDUEXP","A","2000",,"M"
"RUS","EDUEXPTRY","PRIV","PC_EDUEXP","A","2005",,"M"
"RUS","EDUEXPTRY","PRIV","PC_EDUEXP","A","2008",35.718,
"RUS","EDUEXPTRY","PRIV","PC_EDUEXP","A","2009",35.391,
"RUS","EDUEXPTRY","PRIV","PC_EDUEXP","A","2010",37.808,
"RUS","EDUEXPTRY","PRIV","PC_EDUEXP","A","2011",37.289,
"RUS","EDUEXPTRY","PRIV","PC_EDUEXP","A","2012",36.316,
"RUS","EDUEXPTRY","PRIV","PC_EDUEXP","A","2013",34.818,
"RUS","EDUEXPTRY","PRIV","PC_EDUEXP","A","2014",33.617,
"RUS","EDUEXPTRY","PRIV","PC_EDUEXP","A","2015",34.952,
"RUS","EDUEXPTRY","PRIV","PC_EDUEXP","A","2016",,"M"
"NLD","EDUEXPTRY","PUB","PC_EDUEXP","A","1995",77.408,
"NLD","EDUEXPTRY","PUB","PC_EDUEXP","A","2000",74.055,
"NLD","EDUEXPTRY","PUB","PC_EDUEXP","A","2005",71.754,
"NLD","EDUEXPTRY","PUB","PC_EDUEXP","A","2008",69.827,
"NLD","EDUEXPTRY","PUB","PC_EDUEXP","A","2009",69.538,
"NLD","EDUEXPTRY","PUB","PC_EDUEXP","A","2010",70.055,
"NLD","EDUEXPTRY","PUB","PC_EDUEXP","A","2011",69.013,
"NLD","EDUEXPTRY","PUB","PC_EDUEXP","A","2012",68.649,
"NLD","EDUEXPTRY","PUB","PC_EDUEXP","A","2013",68.235,
"NLD","EDUEXPTRY","PUB","PC_EDUEXP","A","2014",67.732,
"NLD","EDUEXPTRY","PUB","PC_EDUEXP","A","2015",67.539,
"NLD","EDUEXPTRY","PUB","PC_EDUEXP","A","2016",,"M"
"POL","EDUEXPTRY","PUB","PC_EDUEXP","A","1995",100,
"POL","EDUEXPTRY","PUB","PC_EDUEXP","A","2000",66.576,
"POL","EDUEXPTRY","PUB","PC_EDUEXP","A","2005",73.984,
"POL","EDUEXPTRY","PUB","PC_EDUEXP","A","2008",70.578,
"POL","EDUEXPTRY","PUB","PC_EDUEXP","A","2009",69.023,
"POL","EDUEXPTRY","PUB","PC_EDUEXP","A","2010",69.243,
"POL","EDUEXPTRY","PUB","PC_EDUEXP","A","2011",72.766,
"POL","EDUEXPTRY","PUB","PC_EDUEXP","A","2012",74.431,
"POL","EDUEXPTRY","PUB","PC_EDUEXP","A","2013",77.856,
"POL","EDUEXPTRY","PUB","PC_EDUEXP","A","2014",78.719,
"POL","EDUEXPTRY","PUB","PC_EDUEXP","A","2015",79.102,
"POL","EDUEXPTRY","PUB","PC_EDUEXP","A","2016",,"M"
"PRT","EDUEXPTRY","PRIV","PC_EDUEXP","A","1995",3.499,
"PRT","EDUEXPTRY","PRIV","PC_EDUEXP","A","2000",7.529,
"PRT","EDUEXPTRY","PRIV","PC_EDUEXP","A","2005",31.889,
"PRT","EDUEXPTRY","PRIV","PC_EDUEXP","A","2008",37.919,
"PRT","EDUEXPTRY","PRIV","PC_EDUEXP","A","2009",29.064,
"PRT","EDUEXPTRY","PRIV","PC_EDUEXP","A","2010",31.008,
"PRT","EDUEXPTRY","PRIV","PC_EDUEXP","A","2011",31.442,
"PRT","EDUEXPTRY","PRIV","PC_EDUEXP","A","2012",42.061,
"PRT","EDUEXPTRY","PRIV","PC_EDUEXP","A","2013",38.247,
"PRT","EDUEXPTRY","PRIV","PC_EDUEXP","A","2014",34.262,
"PRT","EDUEXPTRY","PRIV","PC_EDUEXP","A","2015",31.586,
"PRT","EDUEXPTRY","PRIV","PC_EDUEXP","A","2016",,"M"
"ESP","EDUEXPTRY","PUB","PC_EDUEXP","A","1995",74.375,
"ESP","EDUEXPTRY","PUB","PC_EDUEXP","A","2000",74.415,
"ESP","EDUEXPTRY","PUB","PC_EDUEXP","A","2005",77.901,
"ESP","EDUEXPTRY","PUB","PC_EDUEXP","A","2008",78.864,
"ESP","EDUEXPTRY","PUB","PC_EDUEXP","A","2009",79.088,
"ESP","EDUEXPTRY","PUB","PC_EDUEXP","A","2010",78.22,
"ESP","EDUEXPTRY","PUB","PC_EDUEXP","A","2011",77.469,
"ESP","EDUEXPTRY","PUB","PC_EDUEXP","A","2012",71.933,
"ESP","EDUEXPTRY","PUB","PC_EDUEXP","A","2013",68.266,
"ESP","EDUEXPTRY","PUB","PC_EDUEXP","A","2014",67.487,
"ESP","EDUEXPTRY","PUB","PC_EDUEXP","A","2015",66.397,
"ESP","EDUEXPTRY","PUB","PC_EDUEXP","A","2016",,"M"
"SWE","EDUEXPTRY","PRIV","PC_EDUEXP","A","1995",6.438,
"SWE","EDUEXPTRY","PRIV","PC_EDUEXP","A","2000",8.462,
"SWE","EDUEXPTRY","PRIV","PC_EDUEXP","A","2005",11.345,
"SWE","EDUEXPTRY","PRIV","PC_EDUEXP","A","2008",10.52,
"SWE","EDUEXPTRY","PRIV","PC_EDUEXP","A","2009",9.811,
"SWE","EDUEXPTRY","PRIV","PC_EDUEXP","A","2010",8.997,
"SWE","EDUEXPTRY","PRIV","PC_EDUEXP","A","2011",10.056,
"SWE","EDUEXPTRY","PRIV","PC_EDUEXP","A","2012",10.314,
"SWE","EDUEXPTRY","PRIV","PC_EDUEXP","A","2013",10.015,
"SWE","EDUEXPTRY","PRIV","PC_EDUEXP","A","2014",10.44,
"SWE","EDUEXPTRY","PRIV","PC_EDUEXP","A","2015",11.279,
"SWE","EDUEXPTRY","PRIV","PC_EDUEXP","A","2016",,"M"
"TUR","EDUEXPTRY","PUB","PC_EDUEXP","A","1995",96.281,
"TUR","EDUEXPTRY","PUB","PC_EDUEXP","A","2000",95.42,
"TUR","EDUEXPTRY","PUB","PC_EDUEXP","A","2005",,"M"
"TUR","EDUEXPTRY","PUB","PC_EDUEXP","A","2008",,"M"
"TUR","EDUEXPTRY","PUB","PC_EDUEXP","A","2009",,"M"
"TUR","EDUEXPTRY","PUB","PC_EDUEXP","A","2010",,"M"
"TUR","EDUEXPTRY","PUB","PC_EDUEXP","A","2011",80.435,
"TUR","EDUEXPTRY","PUB","PC_EDUEXP","A","2012",74.423,
"TUR","EDUEXPTRY","PUB","PC_EDUEXP","A","2013",76.053,
"TUR","EDUEXPTRY","PUB","PC_EDUEXP","A","2014",75.292,
"TUR","EDUEXPTRY","PUB","PC_EDUEXP","A","2015",74.76,
"TUR","EDUEXPTRY","PUB","PC_EDUEXP","A","2016",,"M"
"GBR","EDUEXPTRY","PRIV","PC_EDUEXP","A","1995",,"M"
"GBR","EDUEXPTRY","PRIV","PC_EDUEXP","A","2000",,"M"
"GBR","EDUEXPTRY","PRIV","PC_EDUEXP","A","2005",,"M"
"GBR","EDUEXPTRY","PRIV","PC_EDUEXP","A","2008",,"M"
"GBR","EDUEXPTRY","PRIV","PC_EDUEXP","A","2009",,"M"
"GBR","EDUEXPTRY","PRIV","PC_EDUEXP","A","2010",,"M"
"GBR","EDUEXPTRY","PRIV","PC_EDUEXP","A","2011",,"M"
"GBR","EDUEXPTRY","PRIV","PC_EDUEXP","A","2012",41.522,
"GBR","EDUEXPTRY","PRIV","PC_EDUEXP","A","2013",41.103,
"GBR","EDUEXPTRY","PRIV","PC_EDUEXP","A","2014",69.383,
"GBR","EDUEXPTRY","PRIV","PC_EDUEXP","A","2015",71.406,
"GBR","EDUEXPTRY","PRIV","PC_EDUEXP","A","2016",,"M"
"EST","EDUEXPTRY","PRIV","PC_EDUEXP","A","1995",,"M"
"EST","EDUEXPTRY","PRIV","PC_EDUEXP","A","2000",,"M"
"EST","EDUEXPTRY","PRIV","PC_EDUEXP","A","2005",30.117,
"EST","EDUEXPTRY","PRIV","PC_EDUEXP","A","2008",21.173,
"EST","EDUEXPTRY","PRIV","PC_EDUEXP","A","2009",19.828,
"EST","EDUEXPTRY","PRIV","PC_EDUEXP","A","2010",24.584,
"EST","EDUEXPTRY","PRIV","PC_EDUEXP","A","2011",19.636,
"EST","EDUEXPTRY","PRIV","PC_EDUEXP","A","2012",16.273,
"EST","EDUEXPTRY","PRIV","PC_EDUEXP","A","2013",13.689,
"EST","EDUEXPTRY","PRIV","PC_EDUEXP","A","2014",19.95,
"EST","EDUEXPTRY","PRIV","PC_EDUEXP","A","2015",23.846,
"EST","EDUEXPTRY","PRIV","PC_EDUEXP","A","2016",,"M"
"IND","EDUEXPTRY","PUB","PC_EDUEXP","A","1995",,"M"
"IND","EDUEXPTRY","PUB","PC_EDUEXP","A","2000",,"M"
"IND","EDUEXPTRY","PUB","PC_EDUEXP","A","2005",,"M"
"IND","EDUEXPTRY","PUB","PC_EDUEXP","A","2008",,"M"
"IND","EDUEXPTRY","PUB","PC_EDUEXP","A","2009",,"M"
"IND","EDUEXPTRY","PUB","PC_EDUEXP","A","2010",,"M"
"IND","EDUEXPTRY","PUB","PC_EDUEXP","A","2011",,"M"
"IND","EDUEXPTRY","PUB","PC_EDUEXP","A","2012",,"M"
"IND","EDUEXPTRY","PUB","PC_EDUEXP","A","2013",,"M"
"IND","EDUEXPTRY","PUB","PC_EDUEXP","A","2014",,"M"
"IND","EDUEXPTRY","PUB","PC_EDUEXP","A","2015",,"M"
"IND","EDUEXPTRY","PUB","PC_EDUEXP","A","2016",,"M"
"AUT","EDUEXPTRY","PUB","PC_EDUEXP","A","1995",,"M"
"AUT","EDUEXPTRY","PUB","PC_EDUEXP","A","2000",,"M"
"AUT","EDUEXPTRY","PUB","PC_EDUEXP","A","2005",,"M"
"AUT","EDUEXPTRY","PUB","PC_EDUEXP","A","2008",,"M"
"AUT","EDUEXPTRY","PUB","PC_EDUEXP","A","2009",,"M"
"AUT","EDUEXPTRY","PUB","PC_EDUEXP","A","2010",,"M"
"AUT","EDUEXPTRY","PUB","PC_EDUEXP","A","2011",,"M"
"AUT","EDUEXPTRY","PUB","PC_EDUEXP","A","2012",95.143,
"AUT","EDUEXPTRY","PUB","PC_EDUEXP","A","2013",94.605,
"AUT","EDUEXPTRY","PUB","PC_EDUEXP","A","2014",94.431,
"AUT","EDUEXPTRY","PUB","PC_EDUEXP","A","2015",93.769,
"AUT","EDUEXPTRY","PUB","PC_EDUEXP","A","2016",,"M"
"BEL","EDUEXPTRY","PRIV","PC_EDUEXP","A","1995",,"M"
"BEL","EDUEXPTRY","PRIV","PC_EDUEXP","A","2000",,"M"
"BEL","EDUEXPTRY","PRIV","PC_EDUEXP","A","2005",9.013,
"BEL","EDUEXPTRY","PRIV","PC_EDUEXP","A","2008",9.763,
"BEL","EDUEXPTRY","PRIV","PC_EDUEXP","A","2009",9.91,
"BEL","EDUEXPTRY","PRIV","PC_EDUEXP","A","2010",9.856,
"BEL","EDUEXPTRY","PRIV","PC_EDUEXP","A","2011",9.636,
"BEL","EDUEXPTRY","PRIV","PC_EDUEXP","A","2012",9.8,
"BEL","EDUEXPTRY","PRIV","PC_EDUEXP","A","2013",10.073,
"BEL","EDUEXPTRY","PRIV","PC_EDUEXP","A","2014",11.442,
"BEL","EDUEXPTRY","PRIV","PC_EDUEXP","A","2015",14.206,
"BEL","EDUEXPTRY","PRIV","PC_EDUEXP","A","2016",,"M"
"CZE","EDUEXPTRY","PUB","PC_EDUEXP","A","1995",71.55,
"CZE","EDUEXPTRY","PUB","PC_EDUEXP","A","2000",85.431,
"CZE","EDUEXPTRY","PUB","PC_EDUEXP","A","2005",81.2,
"CZE","EDUEXPTRY","PUB","PC_EDUEXP","A","2008",79.116,
"CZE","EDUEXPTRY","PUB","PC_EDUEXP","A","2009",79.919,
"CZE","EDUEXPTRY","PUB","PC_EDUEXP","A","2010",78.822,
"CZE","EDUEXPTRY","PUB","PC_EDUEXP","A","2011",81.062,
"CZE","EDUEXPTRY","PUB","PC_EDUEXP","A","2012",67.994,
"CZE","EDUEXPTRY","PUB","PC_EDUEXP","A","2013",64.731,
"CZE","EDUEXPTRY","PUB","PC_EDUEXP","A","2014",63.82,
"CZE","EDUEXPTRY","PUB","PC_EDUEXP","A","2015",65.381,
"CZE","EDUEXPTRY","PUB","PC_EDUEXP","A","2016",,"M"
"DNK","EDUEXPTRY","PRIV","PC_EDUEXP","A","1995",0.596,
"DNK","EDUEXPTRY","PRIV","PC_EDUEXP","A","2000",2.386,
"DNK","EDUEXPTRY","PRIV","PC_EDUEXP","A","2005",3.294,
"DNK","EDUEXPTRY","PRIV","PC_EDUEXP","A","2008",4.465,
"DNK","EDUEXPTRY","PRIV","PC_EDUEXP","A","2009",4.571,
"DNK","EDUEXPTRY","PRIV","PC_EDUEXP","A","2010",5.005,
"DNK","EDUEXPTRY","PRIV","PC_EDUEXP","A","2011",5.456,
"DNK","EDUEXPTRY","PRIV","PC_EDUEXP","A","2012",,"M"
"DNK","EDUEXPTRY","PRIV","PC_EDUEXP","A","2013",5.807,
"DNK","EDUEXPTRY","PRIV","PC_EDUEXP","A","2014",5.159,
"DNK","EDUEXPTRY","PRIV","PC_EDUEXP","A","2015",,"M"
"DNK","EDUEXPTRY","PRIV","PC_EDUEXP","A","2016",,"M"
"FRA","EDUEXPTRY","PUB","PC_EDUEXP","A","1995",,"M"
"FRA","EDUEXPTRY","PUB","PC_EDUEXP","A","2000",,"M"
"FRA","EDUEXPTRY","PUB","PC_EDUEXP","A","2005",82.774,
"FRA","EDUEXPTRY","PUB","PC_EDUEXP","A","2008",80.56,
"FRA","EDUEXPTRY","PUB","PC_EDUEXP","A","2009",82.159,
"FRA","EDUEXPTRY","PUB","PC_EDUEXP","A","2010",80.819,
"FRA","EDUEXPTRY","PUB","PC_EDUEXP","A","2011",79.601,
"FRA","EDUEXPTRY","PUB","PC_EDUEXP","A","2012",78.505,
"FRA","EDUEXPTRY","PUB","PC_EDUEXP","A","2013",77.552,
"FRA","EDUEXPTRY","PUB","PC_EDUEXP","A","2014",77.257,
"FRA","EDUEXPTRY","PUB","PC_EDUEXP","A","2015",77.838,
"FRA","EDUEXPTRY","PUB","PC_EDUEXP","A","2016",,"M"
"DEU","EDUEXPTRY","PRIV","PC_EDUEXP","A","1995",,"M"
"DEU","EDUEXPTRY","PRIV","PC_EDUEXP","A","2000",,"M"
"DEU","EDUEXPTRY","PRIV","PC_EDUEXP","A","2005",13.08,
"DEU","EDUEXPTRY","PRIV","PC_EDUEXP","A","2008",13.276,
"DEU","EDUEXPTRY","PRIV","PC_EDUEXP","A","2009",,"M"
"DEU","EDUEXPTRY","PRIV","PC_EDUEXP","A","2010",13.389,
"DEU","EDUEXPTRY","PRIV","PC_EDUEXP","A","2011",13.157,
"DEU","EDUEXPTRY","PRIV","PC_EDUEXP","A","2012",13.88,
"DEU","EDUEXPTRY","PRIV","PC_EDUEXP","A","2013",14.032,
"DEU","EDUEXPTRY","PRIV","PC_EDUEXP","A","2014",13.958,
"DEU","EDUEXPTRY","PRIV","PC_EDUEXP","A","2015",15.286,
"DEU","EDUEXPTRY","PRIV","PC_EDUEXP","A","2016",,"M"
"ISL","EDUEXPTRY","PRIV","PC_EDUEXP","A","1995",,"M"
"ISL","EDUEXPTRY","PRIV","PC_EDUEXP","A","2000",8.222,
"ISL","EDUEXPTRY","PRIV","PC_EDUEXP","A","2005",9.462,
"ISL","EDUEXPTRY","PRIV","PC_EDUEXP","A","2008",7.838,
"ISL","EDUEXPTRY","PRIV","PC_EDUEXP","A","2009",7.991,
"ISL","EDUEXPTRY","PRIV","PC_EDUEXP","A","2010",8.824,
"ISL","EDUEXPTRY","PRIV","PC_EDUEXP","A","2011",9.403,
"ISL","EDUEXPTRY","PRIV","PC_EDUEXP","A","2012",7.675,
"ISL","EDUEXPTRY","PRIV","PC_EDUEXP","A","2013",8.369,
"ISL","EDUEXPTRY","PRIV","PC_EDUEXP","A","2014",8.507,
"ISL","EDUEXPTRY","PRIV","PC_EDUEXP","A","2015",8.264,
"ISL","EDUEXPTRY","PRIV","PC_EDUEXP","A","2016",,"M"
"CHL","EDUEXPTRY","PUB","PC_EDUEXP","A","1995",25.112,
"CHL","EDUEXPTRY","PUB","PC_EDUEXP","A","2000",19.471,
"CHL","EDUEXPTRY","PUB","PC_EDUEXP","A","2005",15.462,
"CHL","EDUEXPTRY","PUB","PC_EDUEXP","A","2008",14.424,
"CHL","EDUEXPTRY","PUB","PC_EDUEXP","A","2009",14.636,
"CHL","EDUEXPTRY","PUB","PC_EDUEXP","A","2010",23.419,
"CHL","EDUEXPTRY","PUB","PC_EDUEXP","A","2011",22.109,
"CHL","EDUEXPTRY","PUB","PC_EDUEXP","A","2012",24.193,
"CHL","EDUEXPTRY","PUB","PC_EDUEXP","A","2013",34.556,
"CHL","EDUEXPTRY","PUB","PC_EDUEXP","A","2014",37.504,
"CHL","EDUEXPTRY","PUB","PC_EDUEXP","A","2015",35.661,
"CHL","EDUEXPTRY","PUB","PC_EDUEXP","A","2016",32.439,
"CHN","EDUEXPTRY","PRIV","PC_EDUEXP","A","1995",,"M"
"CHN","EDUEXPTRY","PRIV","PC_EDUEXP","A","2000",,"M"
"CHN","EDUEXPTRY","PRIV","PC_EDUEXP","A","2005",,"M"
"CHN","EDUEXPTRY","PRIV","PC_EDUEXP","A","2008",,"M"
"CHN","EDUEXPTRY","PRIV","PC_EDUEXP","A","2009",,"M"
"CHN","EDUEXPTRY","PRIV","PC_EDUEXP","A","2010",,"M"
"CHN","EDUEXPTRY","PRIV","PC_EDUEXP","A","2011",,"M"
"CHN","EDUEXPTRY","PRIV","PC_EDUEXP","A","2012",,"M"
"CHN","EDUEXPTRY","PRIV","PC_EDUEXP","A","2013",,"M"
"CHN","EDUEXPTRY","PRIV","PC_EDUEXP","A","2014",,"M"
"CHN","EDUEXPTRY","PRIV","PC_EDUEXP","A","2015",,"M"
"CHN","EDUEXPTRY","PRIV","PC_EDUEXP","A","2016",,"M"
"SAU","EDUEXPTRY","PUB","PC_EDUEXP","A","1995",,"M"
"SAU","EDUEXPTRY","PUB","PC_EDUEXP","A","2000",,"M"
"SAU","EDUEXPTRY","PUB","PC_EDUEXP","A","2005",,"M"
"SAU","EDUEXPTRY","PUB","PC_EDUEXP","A","2008",,"M"
"SAU","EDUEXPTRY","PUB","PC_EDUEXP","A","2009",,"M"
"SAU","EDUEXPTRY","PUB","PC_EDUEXP","A","2010",,"M"
"SAU","EDUEXPTRY","PUB","PC_EDUEXP","A","2011",,"M"
"SAU","EDUEXPTRY","PUB","PC_EDUEXP","A","2012",,"M"
"SAU","EDUEXPTRY","PUB","PC_EDUEXP","A","2013",,"M"
"SAU","EDUEXPTRY","PUB","PC_EDUEXP","A","2014",,"M"
"SAU","EDUEXPTRY","PUB","PC_EDUEXP","A","2015",,"M"
"SAU","EDUEXPTRY","PUB","PC_EDUEXP","A","2016",,"M"
"COL","EDUEXPTRY","PUB","PC_EDUEXP","A","1995",,"M"
"COL","EDUEXPTRY","PUB","PC_EDUEXP","A","2000",,"M"
"COL","EDUEXPTRY","PUB","PC_EDUEXP","A","2005",,"M"
"COL","EDUEXPTRY","PUB","PC_EDUEXP","A","2008",,"M"
"COL","EDUEXPTRY","PUB","PC_EDUEXP","A","2009",,"M"
"COL","EDUEXPTRY","PUB","PC_EDUEXP","A","2010",,"M"
"COL","EDUEXPTRY","PUB","PC_EDUEXP","A","2011",,"M"
"COL","EDUEXPTRY","PUB","PC_EDUEXP","A","2012",,"M"
"COL","EDUEXPTRY","PUB","PC_EDUEXP","A","2013",42.512,
"COL","EDUEXPTRY","PUB","PC_EDUEXP","A","2014",49.785,
"COL","EDUEXPTRY","PUB","PC_EDUEXP","A","2015",45.632,
"COL","EDUEXPTRY","PUB","PC_EDUEXP","A","2016",36.05,
"LVA","EDUEXPTRY","PUB","PC_EDUEXP","A","1995",77.381,
"LVA","EDUEXPTRY","PUB","PC_EDUEXP","A","2000",56.007,
"LVA","EDUEXPTRY","PUB","PC_EDUEXP","A","2005",53.8,
"LVA","EDUEXPTRY","PUB","PC_EDUEXP","A","2008",60.257,
"LVA","EDUEXPTRY","PUB","PC_EDUEXP","A","2009",55.169,
"LVA","EDUEXPTRY","PUB","PC_EDUEXP","A","2010",51.993,
"LVA","EDUEXPTRY","PUB","PC_EDUEXP","A","2011",58.237,
"LVA","EDUEXPTRY","PUB","PC_EDUEXP","A","2012",59.861,
"LVA","EDUEXPTRY","PUB","PC_EDUEXP","A","2013",61.737,
"LVA","EDUEXPTRY","PUB","PC_EDUEXP","A","2014",73.42,
"LVA","EDUEXPTRY","PUB","PC_EDUEXP","A","2015",72.616,
"LVA","EDUEXPTRY","PUB","PC_EDUEXP","A","2016",,"M"
"COL","EDUEXPTRY","PRIV","PC_EDUEXP","A","1995",,"M"
"COL","EDUEXPTRY","PRIV","PC_EDUEXP","A","2000",,"M"
"COL","EDUEXPTRY","PRIV","PC_EDUEXP","A","2005",,"M"
"COL","EDUEXPTRY","PRIV","PC_EDUEXP","A","2008",,"M"
"COL","EDUEXPTRY","PRIV","PC_EDUEXP","A","2009",,"M"
"COL","EDUEXPTRY","PRIV","PC_EDUEXP","A","2010",,"M"
"COL","EDUEXPTRY","PRIV","PC_EDUEXP","A","2011",,"M"
"COL","EDUEXPTRY","PRIV","PC_EDUEXP","A","2012",,"M"
"COL","EDUEXPTRY","PRIV","PC_EDUEXP","A","2013",57.311,
"COL","EDUEXPTRY","PRIV","PC_EDUEXP","A","2014",50.14,
"COL","EDUEXPTRY","PRIV","PC_EDUEXP","A","2015",54.319,
"COL","EDUEXPTRY","PRIV","PC_EDUEXP","A","2016",63.886,
"LVA","EDUEXPTRY","PRIV","PC_EDUEXP","A","1995",22.619,
"LVA","EDUEXPTRY","PRIV","PC_EDUEXP","A","2000",38.24,
"LVA","EDUEXPTRY","PRIV","PC_EDUEXP","A","2005",42.697,
"LVA","EDUEXPTRY","PRIV","PC_EDUEXP","A","2008",32.988,
"LVA","EDUEXPTRY","PRIV","PC_EDUEXP","A","2009",37.522,
"LVA","EDUEXPTRY","PRIV","PC_EDUEXP","A","2010",34.446,
"LVA","EDUEXPTRY","PRIV","PC_EDUEXP","A","2011",34.82,
"LVA","EDUEXPTRY","PRIV","PC_EDUEXP","A","2012",34.224,
"LVA","EDUEXPTRY","PRIV","PC_EDUEXP","A","2013",29.346,
"LVA","EDUEXPTRY","PRIV","PC_EDUEXP","A","2014",20.066,
"LVA","EDUEXPTRY","PRIV","PC_EDUEXP","A","2015",22.617,
"LVA","EDUEXPTRY","PRIV","PC_EDUEXP","A","2016",,"M"
"CAN","EDUEXPTRY","SUBS","PC_EDUEXP","A","2012",4.3,
"CZE","EDUEXPTRY","SUBS","PC_EDUEXP","A","2012",1.4,
"DNK","EDUEXPTRY","HH","PC_EDUEXP","A","2012",,"M"
"DNK","EDUEXPTRY","HH","PC_EDUEXP","A","2013",0,
"DNK","EDUEXPTRY","HH","PC_EDUEXP","A","2014",0,
"DNK","EDUEXPTRY","HH","PC_EDUEXP","A","2015",,"M"
"DNK","EDUEXPTRY","HH","PC_EDUEXP","A","2016",,"M"
"DNK","EDUEXPTRY","OTHPRIVENT","PC_EDUEXP","A","2012",,"M"
"DNK","EDUEXPTRY","OTHPRIVENT","PC_EDUEXP","A","2013",5.807,
"DNK","EDUEXPTRY","OTHPRIVENT","PC_EDUEXP","A","2014",5.159,
"DNK","EDUEXPTRY","OTHPRIVENT","PC_EDUEXP","A","2015",,"M"
"DNK","EDUEXPTRY","OTHPRIVENT","PC_EDUEXP","A","2016",,"M"
"DNK","EDUEXPTRY","SUBS","PC_EDUEXP","A","2012",,"M"
"FIN","EDUEXPTRY","SUBS","PC_EDUEXP","A","2012",15,
"FRA","EDUEXPTRY","SUBS","PC_EDUEXP","A","2012",7.3,
"DEU","EDUEXPTRY","SUBS","PC_EDUEXP","A","2012",,"M"
"GRC","EDUEXPTRY","HH","PC_EDUEXP","A","2012",9.612,
"GRC","EDUEXPTRY","HH","PC_EDUEXP","A","2013",12.489,
"GRC","EDUEXPTRY","HH","PC_EDUEXP","A","2014",13.998,
"GRC","EDUEXPTRY","HH","PC_EDUEXP","A","2015",11.555,
"GRC","EDUEXPTRY","HH","PC_EDUEXP","A","2016",,"M"
"GRC","EDUEXPTRY","OTHPRIVENT","PC_EDUEXP","A","2012",,"M"
"GRC","EDUEXPTRY","OTHPRIVENT","PC_EDUEXP","A","2013",,"M"
"GRC","EDUEXPTRY","OTHPRIVENT","PC_EDUEXP","A","2014",,"M"
"GRC","EDUEXPTRY","OTHPRIVENT","PC_EDUEXP","A","2015",,"M"
"GRC","EDUEXPTRY","OTHPRIVENT","PC_EDUEXP","A","2016",,"M"
"GRC","EDUEXPTRY","SUBS","PC_EDUEXP","A","2012",,"M"
"HUN","EDUEXPTRY","SUBS","PC_EDUEXP","A","2012",9.8,
"IRL","EDUEXPTRY","SUBS","PC_EDUEXP","A","2012",17.8,
"JPN","EDUEXPTRY","SUBS","PC_EDUEXP","A","2012",,"M"
"LUX","EDUEXPTRY","HH","PC_EDUEXP","A","2012",2.76,
"LUX","EDUEXPTRY","HH","PC_EDUEXP","A","2013",1.151,
"LUX","EDUEXPTRY","HH","PC_EDUEXP","A","2014",2.852,
"LUX","EDUEXPTRY","HH","PC_EDUEXP","A","2015",2.409,
"LUX","EDUEXPTRY","HH","PC_EDUEXP","A","2016",,"M"
"LUX","EDUEXPTRY","OTHPRIVENT","PC_EDUEXP","A","2012",2.345,
"LUX","EDUEXPTRY","OTHPRIVENT","PC_EDUEXP","A","2013",0.864,
"LUX","EDUEXPTRY","OTHPRIVENT","PC_EDUEXP","A","2014",1.752,
"LUX","EDUEXPTRY","OTHPRIVENT","PC_EDUEXP","A","2015",1.877,
"LUX","EDUEXPTRY","OTHPRIVENT","PC_EDUEXP","A","2016",,"M"
"LUX","EDUEXPTRY","SUBS","PC_EDUEXP","A","2012",11.8,
"NZL","EDUEXPTRY","OTHPRIVENT","PC_EDUEXP","A","2012",14.519,
"NZL","EDUEXPTRY","OTHPRIVENT","PC_EDUEXP","A","2013",15.139,
"NZL","EDUEXPTRY","OTHPRIVENT","PC_EDUEXP","A","2014",14.701,
"NZL","EDUEXPTRY","OTHPRIVENT","PC_EDUEXP","A","2015",14.637,
"NZL","EDUEXPTRY","OTHPRIVENT","PC_EDUEXP","A","2016",,"M"
"NZL","EDUEXPTRY","SUBS","PC_EDUEXP","A","2012",11.4,
"NOR","EDUEXPTRY","OTHPRIVENT","PC_EDUEXP","A","2012",0.582,
"NOR","EDUEXPTRY","OTHPRIVENT","PC_EDUEXP","A","2013",0.541,
"NOR","EDUEXPTRY","OTHPRIVENT","PC_EDUEXP","A","2014",0.226,
"NOR","EDUEXPTRY","OTHPRIVENT","PC_EDUEXP","A","2015",0.184,
"NOR","EDUEXPTRY","OTHPRIVENT","PC_EDUEXP","A","2016",,"M"
"NOR","EDUEXPTRY","SUBS","PC_EDUEXP","A","2012",18,
"POL","EDUEXPTRY","SUBS","PC_EDUEXP","A","2012",11,
"PRT","EDUEXPTRY","SUBS","PC_EDUEXP","A","2012",13.1,
"SWE","EDUEXPTRY","HH","PC_EDUEXP","A","2012",0.382,
"SWE","EDUEXPTRY","HH","PC_EDUEXP","A","2013",0.512,
"SWE","EDUEXPTRY","HH","PC_EDUEXP","A","2014",0.607,
"SWE","EDUEXPTRY","HH","PC_EDUEXP","A","2015",0.806,
"SWE","EDUEXPTRY","HH","PC_EDUEXP","A","2016",,"M"
"SWE","EDUEXPTRY","SUBS","PC_EDUEXP","A","2012",0,
"CHE","EDUEXPTRY","HH","PC_EDUEXP","A","2012",,"M"
"CHE","EDUEXPTRY","HH","PC_EDUEXP","A","2013",,"M"
"CHE","EDUEXPTRY","HH","PC_EDUEXP","A","2014",,"M"
"CHE","EDUEXPTRY","HH","PC_EDUEXP","A","2015",,"M"
"CHE","EDUEXPTRY","HH","PC_EDUEXP","A","2016",,"M"
"CHE","EDUEXPTRY","OTHPRIVENT","PC_EDUEXP","A","2012",,"M"
"CHE","EDUEXPTRY","OTHPRIVENT","PC_EDUEXP","A","2013",,"M"
"CHE","EDUEXPTRY","OTHPRIVENT","PC_EDUEXP","A","2014",,"M"
"CHE","EDUEXPTRY","OTHPRIVENT","PC_EDUEXP","A","2015",,"M"
"CHE","EDUEXPTRY","OTHPRIVENT","PC_EDUEXP","A","2016",,"M"
"CHE","EDUEXPTRY","SUBS","PC_EDUEXP","A","2012",,"M"
"TUR","EDUEXPTRY","HH","PC_EDUEXP","A","2012",14.107,
"TUR","EDUEXPTRY","HH","PC_EDUEXP","A","2013",10.67,
"TUR","EDUEXPTRY","HH","PC_EDUEXP","A","2014",13.033,
"TUR","EDUEXPTRY","HH","PC_EDUEXP","A","2015",12.445,
"TUR","EDUEXPTRY","HH","PC_EDUEXP","A","2016",,"M"
"TUR","EDUEXPTRY","OTHPRIVENT","PC_EDUEXP","A","2012",11.047,
"TUR","EDUEXPTRY","OTHPRIVENT","PC_EDUEXP","A","2013",12.821,
"TUR","EDUEXPTRY","OTHPRIVENT","PC_EDUEXP","A","2014",11.274,
"TUR","EDUEXPTRY","OTHPRIVENT","PC_EDUEXP","A","2015",12.484,
"TUR","EDUEXPTRY","OTHPRIVENT","PC_EDUEXP","A","2016",,"M"
"TUR","EDUEXPTRY","SUBS","PC_EDUEXP","A","2012",5.1,
"USA","EDUEXPTRY","SUBS","PC_EDUEXP","A","2012",12.7,
"ARG","EDUEXPTRY","HH","PC_EDUEXP","A","2012",,"M"
"ARG","EDUEXPTRY","HH","PC_EDUEXP","A","2013",6.689,
"ARG","EDUEXPTRY","HH","PC_EDUEXP","A","2014",13.963,
"ARG","EDUEXPTRY","HH","PC_EDUEXP","A","2015",,"M"
"ARG","EDUEXPTRY","HH","PC_EDUEXP","A","2016",,"M"
"ARG","EDUEXPTRY","OTHPRIVENT","PC_EDUEXP","A","2012",,"M"
"ARG","EDUEXPTRY","OTHPRIVENT","PC_EDUEXP","A","2013",0,
"ARG","EDUEXPTRY","OTHPRIVENT","PC_EDUEXP","A","2014",0,
"ARG","EDUEXPTRY","OTHPRIVENT","PC_EDUEXP","A","2015",,"M"
"ARG","EDUEXPTRY","OTHPRIVENT","PC_EDUEXP","A","2016",,"M"
"ARG","EDUEXPTRY","SUBS","PC_EDUEXP","A","2012",,"M"
"BRA","EDUEXPTRY","HH","PC_EDUEXP","A","2012",,"M"
"BRA","EDUEXPTRY","HH","PC_EDUEXP","A","2013",,"M"
"BRA","EDUEXPTRY","HH","PC_EDUEXP","A","2014",,"M"
"BRA","EDUEXPTRY","HH","PC_EDUEXP","A","2015",,"M"
"BRA","EDUEXPTRY","HH","PC_EDUEXP","A","2016",,"M"
"BRA","EDUEXPTRY","OTHPRIVENT","PC_EDUEXP","A","2012",,"M"
"BRA","EDUEXPTRY","OTHPRIVENT","PC_EDUEXP","A","2013",,"M"
"BRA","EDUEXPTRY","OTHPRIVENT","PC_EDUEXP","A","2014",,"M"
"BRA","EDUEXPTRY","OTHPRIVENT","PC_EDUEXP","A","2015",,"M"
"BRA","EDUEXPTRY","OTHPRIVENT","PC_EDUEXP","A","2016",,"M"
"BRA","EDUEXPTRY","SUBS","PC_EDUEXP","A","2012",,"M"
"CHN","EDUEXPTRY","HH","PC_EDUEXP","A","2012",,"M"
"CHN","EDUEXPTRY","HH","PC_EDUEXP","A","2013",,"M"
"CHN","EDUEXPTRY","HH","PC_EDUEXP","A","2014",,"M"
"CHN","EDUEXPTRY","HH","PC_EDUEXP","A","2015",,"M"
"CHN","EDUEXPTRY","HH","PC_EDUEXP","A","2016",,"M"
"CHN","EDUEXPTRY","OTHPRIVENT","PC_EDUEXP","A","2012",,"M"
"CHN","EDUEXPTRY","OTHPRIVENT","PC_EDUEXP","A","2013",,"M"
"CHN","EDUEXPTRY","OTHPRIVENT","PC_EDUEXP","A","2014",,"M"
"CHN","EDUEXPTRY","OTHPRIVENT","PC_EDUEXP","A","2015",,"M"
"CHN","EDUEXPTRY","OTHPRIVENT","PC_EDUEXP","A","2016",,"M"
"CHN","EDUEXPTRY","SUBS","PC_EDUEXP","A","2012",,"M"
"COL","EDUEXPTRY","HH","PC_EDUEXP","A","2012",,"M"
"COL","EDUEXPTRY","HH","PC_EDUEXP","A","2013",57.266,
"COL","EDUEXPTRY","HH","PC_EDUEXP","A","2014",50.092,
"COL","EDUEXPTRY","HH","PC_EDUEXP","A","2015",54.274,
"COL","EDUEXPTRY","HH","PC_EDUEXP","A","2016",63.851,
"COL","EDUEXPTRY","OTHPRIVENT","PC_EDUEXP","A","2012",,"M"
"COL","EDUEXPTRY","OTHPRIVENT","PC_EDUEXP","A","2013",0.045,
"COL","EDUEXPTRY","OTHPRIVENT","PC_EDUEXP","A","2014",0.048,
"COL","EDUEXPTRY","OTHPRIVENT","PC_EDUEXP","A","2015",0.045,
"COL","EDUEXPTRY","OTHPRIVENT","PC_EDUEXP","A","2016",0.035,
"COL","EDUEXPTRY","SUBS","PC_EDUEXP","A","2012",5.4,
"EST","EDUEXPTRY","SUBS","PC_EDUEXP","A","2012",4.2,
"IND","EDUEXPTRY","HH","PC_EDUEXP","A","2012",,"M"
"IND","EDUEXPTRY","HH","PC_EDUEXP","A","2013",,"M"
"IND","EDUEXPTRY","HH","PC_EDUEXP","A","2014",,"M"
"IND","EDUEXPTRY","HH","PC_EDUEXP","A","2015",,"M"
"IND","EDUEXPTRY","HH","PC_EDUEXP","A","2016",,"M"
"IND","EDUEXPTRY","OTHPRIVENT","PC_EDUEXP","A","2012",,"M"
"IND","EDUEXPTRY","OTHPRIVENT","PC_EDUEXP","A","2013",,"M"
"IND","EDUEXPTRY","OTHPRIVENT","PC_EDUEXP","A","2014",,"M"
"IND","EDUEXPTRY","OTHPRIVENT","PC_EDUEXP","A","2015",,"M"
"IND","EDUEXPTRY","OTHPRIVENT","PC_EDUEXP","A","2016",,"M"
"IND","EDUEXPTRY","SUBS","PC_EDUEXP","A","2012",,"M"
"IDN","EDUEXPTRY","HH","PC_EDUEXP","A","2012",29.32,
"IDN","EDUEXPTRY","HH","PC_EDUEXP","A","2013",,"M"
"IDN","EDUEXPTRY","HH","PC_EDUEXP","A","2014",,"M"
"IDN","EDUEXPTRY","HH","PC_EDUEXP","A","2015",23.864,
"IDN","EDUEXPTRY","HH","PC_EDUEXP","A","2016",,"M"
"IDN","EDUEXPTRY","OTHPRIVENT","PC_EDUEXP","A","2012",,"M"
"IDN","EDUEXPTRY","OTHPRIVENT","PC_EDUEXP","A","2013",,"M"
"IDN","EDUEXPTRY","OTHPRIVENT","PC_EDUEXP","A","2014",,"M"
"IDN","EDUEXPTRY","OTHPRIVENT","PC_EDUEXP","A","2015",0,
"IDN","EDUEXPTRY","OTHPRIVENT","PC_EDUEXP","A","2016",,"M"
"IDN","EDUEXPTRY","SUBS","PC_EDUEXP","A","2012",2.2,
"LVA","EDUEXPTRY","HH","PC_EDUEXP","A","2012",34.057,
"LVA","EDUEXPTRY","HH","PC_EDUEXP","A","2013",27.832,
"LVA","EDUEXPTRY","HH","PC_EDUEXP","A","2014",19.063,
"LVA","EDUEXPTRY","HH","PC_EDUEXP","A","2015",21.496,
"LVA","EDUEXPTRY","HH","PC_EDUEXP","A","2016",,"M"
"LVA","EDUEXPTRY","OTHPRIVENT","PC_EDUEXP","A","2012",0.167,
"LVA","EDUEXPTRY","OTHPRIVENT","PC_EDUEXP","A","2013",1.515,
"LVA","EDUEXPTRY","OTHPRIVENT","PC_EDUEXP","A","2014",1.003,
"LVA","EDUEXPTRY","OTHPRIVENT","PC_EDUEXP","A","2015",1.121,
"LVA","EDUEXPTRY","OTHPRIVENT","PC_EDUEXP","A","2016",,"M"
"LVA","EDUEXPTRY","SUBS","PC_EDUEXP","A","2012",10.8,
"RUS","EDUEXPTRY","SUBS","PC_EDUEXP","A","2012",,"M"
"SAU","EDUEXPTRY","HH","PC_EDUEXP","A","2012",,"M"
"SAU","EDUEXPTRY","HH","PC_EDUEXP","A","2013",,"M"
"SAU","EDUEXPTRY","HH","PC_EDUEXP","A","2014",,"M"
"SAU","EDUEXPTRY","HH","PC_EDUEXP","A","2015",,"M"
"SAU","EDUEXPTRY","HH","PC_EDUEXP","A","2016",,"M"
"SAU","EDUEXPTRY","OTHPRIVENT","PC_EDUEXP","A","2012",,"M"
"SAU","EDUEXPTRY","OTHPRIVENT","PC_EDUEXP","A","2013",,"M"
"SAU","EDUEXPTRY","OTHPRIVENT","PC_EDUEXP","A","2014",,"M"
"SAU","EDUEXPTRY","OTHPRIVENT","PC_EDUEXP","A","2015",,"M"
"SAU","EDUEXPTRY","OTHPRIVENT","PC_EDUEXP","A","2016",,"M"
"SAU","EDUEXPTRY","SUBS","PC_EDUEXP","A","2012",,"M"
"SVN","EDUEXPTRY","SUBS","PC_EDUEXP","A","2012",15.9,
"ZAF","EDUEXPTRY","HH","PC_EDUEXP","A","2012",,"M"
"ZAF","EDUEXPTRY","HH","PC_EDUEXP","A","2013",,"M"
"ZAF","EDUEXPTRY","HH","PC_EDUEXP","A","2014",,"M"
"ZAF","EDUEXPTRY","HH","PC_EDUEXP","A","2015",,"M"
"ZAF","EDUEXPTRY","HH","PC_EDUEXP","A","2016",,"M"
"ZAF","EDUEXPTRY","OTHPRIVENT","PC_EDUEXP","A","2012",,"M"
"ZAF","EDUEXPTRY","OTHPRIVENT","PC_EDUEXP","A","2013",,"M"
"ZAF","EDUEXPTRY","OTHPRIVENT","PC_EDUEXP","A","2014",,"M"
"ZAF","EDUEXPTRY","OTHPRIVENT","PC_EDUEXP","A","2015",,"M"
"ZAF","EDUEXPTRY","OTHPRIVENT","PC_EDUEXP","A","2016",,"M"
"ZAF","EDUEXPTRY","SUBS","PC_EDUEXP","A","2012",,"M"
"FIN","EDUEXPTRY","HH","PC_EDUEXP","A","2012",0,
"FIN","EDUEXPTRY","HH","PC_EDUEXP","A","2013",0,
"FIN","EDUEXPTRY","HH","PC_EDUEXP","A","2014",0,
"FIN","EDUEXPTRY","HH","PC_EDUEXP","A","2015",0,
"FIN","EDUEXPTRY","HH","PC_EDUEXP","A","2016",,"M"
"FIN","EDUEXPTRY","OTHPRIVENT","PC_EDUEXP","A","2012",3.82,
"FIN","EDUEXPTRY","OTHPRIVENT","PC_EDUEXP","A","2013",3.922,
"FIN","EDUEXPTRY","OTHPRIVENT","PC_EDUEXP","A","2014",3.516,
"FIN","EDUEXPTRY","OTHPRIVENT","PC_EDUEXP","A","2015",3.42,
"FIN","EDUEXPTRY","OTHPRIVENT","PC_EDUEXP","A","2016",,"M"
"DEU","EDUEXPTRY","HH","PC_EDUEXP","A","2016",,"M"
"DEU","EDUEXPTRY","OTHPRIVENT","PC_EDUEXP","A","2015",0,
"DEU","EDUEXPTRY","OTHPRIVENT","PC_EDUEXP","A","2016",,"M"
"HUN","EDUEXPTRY","HH","PC_EDUEXP","A","2012",45.565,
"HUN","EDUEXPTRY","HH","PC_EDUEXP","A","2016",,"M"
"CRI","EDUEXPTRY","PRIV","PC_EDUEXP","A","1995",,"M"
"CRI","EDUEXPTRY","PRIV","PC_EDUEXP","A","2000",,"M"
"CRI","EDUEXPTRY","PRIV","PC_EDUEXP","A","2005",,"M"
"CRI","EDUEXPTRY","PRIV","PC_EDUEXP","A","2008",,"M"
"CRI","EDUEXPTRY","PRIV","PC_EDUEXP","A","2009",,"M"
"CRI","EDUEXPTRY","PRIV","PC_EDUEXP","A","2010",,"M"
"CRI","EDUEXPTRY","PRIV","PC_EDUEXP","A","2011",,"M"
"CRI","EDUEXPTRY","PRIV","PC_EDUEXP","A","2012",,"M"
"CRI","EDUEXPTRY","PRIV","PC_EDUEXP","A","2013",40.581,
"CRI","EDUEXPTRY","PRIV","PC_EDUEXP","A","2014",,"M"
"CRI","EDUEXPTRY","PRIV","PC_EDUEXP","A","2015",,"M"
"CRI","EDUEXPTRY","PRIV","PC_EDUEXP","A","2016",,"M"
"CRI","EDUEXPTRY","PUB","PC_EDUEXP","A","1995",,"M"
"CRI","EDUEXPTRY","PUB","PC_EDUEXP","A","2000",,"M"
"CRI","EDUEXPTRY","PUB","PC_EDUEXP","A","2005",,"M"
"CRI","EDUEXPTRY","PUB","PC_EDUEXP","A","2008",,"M"
"CRI","EDUEXPTRY","PUB","PC_EDUEXP","A","2009",,"M"
"CRI","EDUEXPTRY","PUB","PC_EDUEXP","A","2010",,"M"
"CRI","EDUEXPTRY","PUB","PC_EDUEXP","A","2011",,"M"
"CRI","EDUEXPTRY","PUB","PC_EDUEXP","A","2012",,"M"
"CRI","EDUEXPTRY","PUB","PC_EDUEXP","A","2013",59.419,
"CRI","EDUEXPTRY","PUB","PC_EDUEXP","A","2014",,"M"
"CRI","EDUEXPTRY","PUB","PC_EDUEXP","A","2015",,"M"
"CRI","EDUEXPTRY","PUB","PC_EDUEXP","A","2016",,"M"
"LTU","EDUEXPTRY","HH","PC_EDUEXP","A","2012",18.911,
"LTU","EDUEXPTRY","HH","PC_EDUEXP","A","2013",18.235,
"LTU","EDUEXPTRY","HH","PC_EDUEXP","A","2014",17.216,
"LTU","EDUEXPTRY","HH","PC_EDUEXP","A","2015",18.053,
"LTU","EDUEXPTRY","HH","PC_EDUEXP","A","2016",,"M"
"LTU","EDUEXPTRY","OTHPRIVENT","PC_EDUEXP","A","2012",5.732,
"LTU","EDUEXPTRY","OTHPRIVENT","PC_EDUEXP","A","2013",5.541,
"LTU","EDUEXPTRY","OTHPRIVENT","PC_EDUEXP","A","2014",5.162,
"LTU","EDUEXPTRY","OTHPRIVENT","PC_EDUEXP","A","2015",6.958,
"LTU","EDUEXPTRY","OTHPRIVENT","PC_EDUEXP","A","2016",,"M"
"LTU","EDUEXPTRY","PRIV","PC_EDUEXP","A","1995",,"M"
"LTU","EDUEXPTRY","PRIV","PC_EDUEXP","A","2000",,"M"
"LTU","EDUEXPTRY","PRIV","PC_EDUEXP","A","2005",34.752,
"LTU","EDUEXPTRY","PRIV","PC_EDUEXP","A","2008",30.909,
"LTU","EDUEXPTRY","PRIV","PC_EDUEXP","A","2009",34.804,
"LTU","EDUEXPTRY","PRIV","PC_EDUEXP","A","2010",30.482,
"LTU","EDUEXPTRY","PRIV","PC_EDUEXP","A","2011",25.439,
"LTU","EDUEXPTRY","PRIV","PC_EDUEXP","A","2012",24.642,
"LTU","EDUEXPTRY","PRIV","PC_EDUEXP","A","2013",23.776,
"LTU","EDUEXPTRY","PRIV","PC_EDUEXP","A","2014",22.379,
"LTU","EDUEXPTRY","PRIV","PC_EDUEXP","A","2015",25.011,
"LTU","EDUEXPTRY","PRIV","PC_EDUEXP","A","2016",,"M"
"LTU","EDUEXPTRY","PUB","PC_EDUEXP","A","1995",,"M"
"LTU","EDUEXPTRY","PUB","PC_EDUEXP","A","2000",,"M"
"LTU","EDUEXPTRY","PUB","PC_EDUEXP","A","2005",63.121,
"LTU","EDUEXPTRY","PUB","PC_EDUEXP","A","2008",65.455,
"LTU","EDUEXPTRY","PUB","PC_EDUEXP","A","2009",62.5,
"LTU","EDUEXPTRY","PUB","PC_EDUEXP","A","2010",66.667,
"LTU","EDUEXPTRY","PUB","PC_EDUEXP","A","2011",71.93,
"LTU","EDUEXPTRY","PUB","PC_EDUEXP","A","2012",72.965,
"LTU","EDUEXPTRY","PUB","PC_EDUEXP","A","2013",72.678,
"LTU","EDUEXPTRY","PUB","PC_EDUEXP","A","2014",74.347,
"LTU","EDUEXPTRY","PUB","PC_EDUEXP","A","2015",71.767,
"LTU","EDUEXPTRY","PUB","PC_EDUEXP","A","2016",,"M"
"CRI","EDUEXPTRY","HH","PC_EDUEXP","A","2012",,"M"
"CRI","EDUEXPTRY","HH","PC_EDUEXP","A","2013",40.581,
"CRI","EDUEXPTRY","HH","PC_EDUEXP","A","2014",,"M"
"CRI","EDUEXPTRY","HH","PC_EDUEXP","A","2015",,"M"
"CRI","EDUEXPTRY","HH","PC_EDUEXP","A","2016",,"M"
"CRI","EDUEXPTRY","OTHPRIVENT","PC_EDUEXP","A","2012",,"M"
"CRI","EDUEXPTRY","OTHPRIVENT","PC_EDUEXP","A","2013",0,
"CRI","EDUEXPTRY","OTHPRIVENT","PC_EDUEXP","A","2014",,"M"
"CRI","EDUEXPTRY","OTHPRIVENT","PC_EDUEXP","A","2015",,"M"
"CRI","EDUEXPTRY","OTHPRIVENT","PC_EDUEXP","A","2016",,"M"
"HUN","EDUEXPTRY","OTHPRIVENT","PC_EDUEXP","A","2016",,"M"
