﻿"LOCATION","INDICATOR","SUBJECT","MEASURE","FREQUENCY","TIME","Value","Flag Codes"
"AUS","TEACHINGHR","PRY","HR_YEAR","A","2000",882.35232072,
"AUS","TEACHINGHR","PRY","HR_YEAR","A","2005",888.3,
"AUS","TEACHINGHR","PRY","HR_YEAR","A","2006",884.33203621,
"AUS","TEACHINGHR","PRY","HR_YEAR","A","2007",876.93201525,
"AUS","TEACHINGHR","PRY","HR_YEAR","A","2008",872.55573246,
"AUS","TEACHINGHR","PRY","HR_YEAR","A","2009",874.37937257,
"AUS","TEACHINGHR","PRY","HR_YEAR","A","2010",868.15076318,
"AUS","TEACHINGHR","PRY","HR_YEAR","A","2011",872.54543042,
"AUS","TEACHINGHR","PRY","HR_YEAR","A","2012",871.28203606,
"AUS","TEACHINGHR","PRY","HR_YEAR","A","2013",879.20710486,
"AUS","TEACHINGHR","PRY","HR_YEAR","A","2014",871.9631958,
"AUS","TEACHINGHR","PRY","HR_YEAR","A","2015",865.76543608,
"AUS","TEACHINGHR","PRY","HR_YEAR","A","2016",862.45696602,
"AUS","TEACHINGHR","PRY","HR_YEAR","A","2017",865.26860492,
"AUS","TEACHINGHR","UPPSRY","HR_YEAR","A","2000",803.42575461,
"AUS","TEACHINGHR","UPPSRY","HR_YEAR","A","2005",810.16,
"AUS","TEACHINGHR","UPPSRY","HR_YEAR","A","2006",817.04836013,
"AUS","TEACHINGHR","UPPSRY","HR_YEAR","A","2007",813.15904926,
"AUS","TEACHINGHR","UPPSRY","HR_YEAR","A","2008",810.43789621,
"AUS","TEACHINGHR","UPPSRY","HR_YEAR","A","2009",797.05471809,
"AUS","TEACHINGHR","UPPSRY","HR_YEAR","A","2010",803.25932951,
"AUS","TEACHINGHR","UPPSRY","HR_YEAR","A","2011",802.16714211,
"AUS","TEACHINGHR","UPPSRY","HR_YEAR","A","2012",801.32556376,
"AUS","TEACHINGHR","UPPSRY","HR_YEAR","A","2013",812.32369594,
"AUS","TEACHINGHR","UPPSRY","HR_YEAR","A","2014",804.01312256,
"AUS","TEACHINGHR","UPPSRY","HR_YEAR","A","2015",804.48306569,
"AUS","TEACHINGHR","UPPSRY","HR_YEAR","A","2016",795.84434356,
"AUS","TEACHINGHR","UPPSRY","HR_YEAR","A","2017",797.28161882,
"AUS","TEACHINGHR","LOWSRY","HR_YEAR","A","2000",810.54625902,
"AUS","TEACHINGHR","LOWSRY","HR_YEAR","A","2005",810.16,
"AUS","TEACHINGHR","LOWSRY","HR_YEAR","A","2006",818.47443839,
"AUS","TEACHINGHR","LOWSRY","HR_YEAR","A","2007",814.54895505,
"AUS","TEACHINGHR","LOWSRY","HR_YEAR","A","2008",811.81839395,
"AUS","TEACHINGHR","LOWSRY","HR_YEAR","A","2009",812.29371554,
"AUS","TEACHINGHR","LOWSRY","HR_YEAR","A","2010",819.16514988,
"AUS","TEACHINGHR","LOWSRY","HR_YEAR","A","2011",810.80545552,
"AUS","TEACHINGHR","LOWSRY","HR_YEAR","A","2012",808.5890063,
"AUS","TEACHINGHR","LOWSRY","HR_YEAR","A","2013",821.30037769,
"AUS","TEACHINGHR","LOWSRY","HR_YEAR","A","2014",811.62817383,
"AUS","TEACHINGHR","LOWSRY","HR_YEAR","A","2015",805.97951001,
"AUS","TEACHINGHR","LOWSRY","HR_YEAR","A","2016",795.38401185,
"AUS","TEACHINGHR","LOWSRY","HR_YEAR","A","2017",797.28161882,
"AUT","TEACHINGHR","PRY","HR_YEAR","A","2005",774,
"AUT","TEACHINGHR","PRY","HR_YEAR","A","2006",774,
"AUT","TEACHINGHR","PRY","HR_YEAR","A","2007",774,
"AUT","TEACHINGHR","PRY","HR_YEAR","A","2008",779.4,
"AUT","TEACHINGHR","PRY","HR_YEAR","A","2009",779.4,
"AUT","TEACHINGHR","PRY","HR_YEAR","A","2010",779.4,
"AUT","TEACHINGHR","PRY","HR_YEAR","A","2011",779.4,
"AUT","TEACHINGHR","PRY","HR_YEAR","A","2012",779.4,
"AUT","TEACHINGHR","PRY","HR_YEAR","A","2013",779.4,
"AUT","TEACHINGHR","PRY","HR_YEAR","A","2014",779.4,
"AUT","TEACHINGHR","PRY","HR_YEAR","A","2015",779.4,
"AUT","TEACHINGHR","PRY","HR_YEAR","A","2016",779.4,
"AUT","TEACHINGHR","PRY","HR_YEAR","A","2017",779.4,
"AUT","TEACHINGHR","UPPSRY","HR_YEAR","A","2005",588.6,
"AUT","TEACHINGHR","UPPSRY","HR_YEAR","A","2006",588.6,
"AUT","TEACHINGHR","UPPSRY","HR_YEAR","A","2007",588.6,
"AUT","TEACHINGHR","UPPSRY","HR_YEAR","A","2008",588.6,
"AUT","TEACHINGHR","UPPSRY","HR_YEAR","A","2009",588.6,
"AUT","TEACHINGHR","UPPSRY","HR_YEAR","A","2010",588.6,
"AUT","TEACHINGHR","UPPSRY","HR_YEAR","A","2011",588.6,
"AUT","TEACHINGHR","UPPSRY","HR_YEAR","A","2012",588.6,
"AUT","TEACHINGHR","UPPSRY","HR_YEAR","A","2013",588.6,
"AUT","TEACHINGHR","UPPSRY","HR_YEAR","A","2014",588.6,
"AUT","TEACHINGHR","UPPSRY","HR_YEAR","A","2015",588.6,
"AUT","TEACHINGHR","UPPSRY","HR_YEAR","A","2016",588.6,
"AUT","TEACHINGHR","UPPSRY","HR_YEAR","A","2017",588.6,
"AUT","TEACHINGHR","LOWSRY","HR_YEAR","A","2005",606.6,
"AUT","TEACHINGHR","LOWSRY","HR_YEAR","A","2006",606.6,
"AUT","TEACHINGHR","LOWSRY","HR_YEAR","A","2007",606.6,
"AUT","TEACHINGHR","LOWSRY","HR_YEAR","A","2008",606.6,
"AUT","TEACHINGHR","LOWSRY","HR_YEAR","A","2009",606.6,
"AUT","TEACHINGHR","LOWSRY","HR_YEAR","A","2010",606.6,
"AUT","TEACHINGHR","LOWSRY","HR_YEAR","A","2011",606.6,
"AUT","TEACHINGHR","LOWSRY","HR_YEAR","A","2012",606.6,
"AUT","TEACHINGHR","LOWSRY","HR_YEAR","A","2013",606.6,
"AUT","TEACHINGHR","LOWSRY","HR_YEAR","A","2014",606.6,
"AUT","TEACHINGHR","LOWSRY","HR_YEAR","A","2015",606.6,
"AUT","TEACHINGHR","LOWSRY","HR_YEAR","A","2016",606.6,
"AUT","TEACHINGHR","LOWSRY","HR_YEAR","A","2017",606.6,
"CAN","TEACHINGHR","PRY","HR_YEAR","A","2010",799.31287903,
"CAN","TEACHINGHR","PRY","HR_YEAR","A","2011",799.26561465,
"CAN","TEACHINGHR","PRY","HR_YEAR","A","2012",799,
"CAN","TEACHINGHR","PRY","HR_YEAR","A","2013",795.85984021,
"CAN","TEACHINGHR","PRY","HR_YEAR","A","2014",796,
"CAN","TEACHINGHR","PRY","HR_YEAR","A","2015",797.04657721,
"CAN","TEACHINGHR","PRY","HR_YEAR","A","2016",797.77130458,
"CAN","TEACHINGHR","PRY","HR_YEAR","A","2017",797.77130458,
"CAN","TEACHINGHR","UPPSRY","HR_YEAR","A","2010",744.16762924,
"CAN","TEACHINGHR","UPPSRY","HR_YEAR","A","2011",747.00307808,
"CAN","TEACHINGHR","UPPSRY","HR_YEAR","A","2012",747,
"CAN","TEACHINGHR","UPPSRY","HR_YEAR","A","2013",744.63642284,
"CAN","TEACHINGHR","UPPSRY","HR_YEAR","A","2014",744,
"CAN","TEACHINGHR","UPPSRY","HR_YEAR","A","2015",742.9725776,
"CAN","TEACHINGHR","UPPSRY","HR_YEAR","A","2016",745.74030763,
"CAN","TEACHINGHR","UPPSRY","HR_YEAR","A","2017",745.74030763,
"CAN","TEACHINGHR","LOWSRY","HR_YEAR","A","2010",740.37248949,
"CAN","TEACHINGHR","LOWSRY","HR_YEAR","A","2011",743.20816272,
"CAN","TEACHINGHR","LOWSRY","HR_YEAR","A","2012",744,
"CAN","TEACHINGHR","LOWSRY","HR_YEAR","A","2013",743.31383208,
"CAN","TEACHINGHR","LOWSRY","HR_YEAR","A","2014",743,
"CAN","TEACHINGHR","LOWSRY","HR_YEAR","A","2015",741.85086829,
"CAN","TEACHINGHR","LOWSRY","HR_YEAR","A","2016",744.53291935,
"CAN","TEACHINGHR","LOWSRY","HR_YEAR","A","2017",744.53291935,
"CZE","TEACHINGHR","PRY","HR_YEAR","A","2005",813.4,
"CZE","TEACHINGHR","PRY","HR_YEAR","A","2006",853.6,
"CZE","TEACHINGHR","PRY","HR_YEAR","A","2007",849.2,
"CZE","TEACHINGHR","PRY","HR_YEAR","A","2008",849.2,
"CZE","TEACHINGHR","PRY","HR_YEAR","A","2009",831.6,
"CZE","TEACHINGHR","PRY","HR_YEAR","A","2010",862.4,
"CZE","TEACHINGHR","PRY","HR_YEAR","A","2011",840.4,
"CZE","TEACHINGHR","PRY","HR_YEAR","A","2012",827.2,
"CZE","TEACHINGHR","PRY","HR_YEAR","A","2013",827.2,
"CZE","TEACHINGHR","PRY","HR_YEAR","A","2014",822.8,
"CZE","TEACHINGHR","PRY","HR_YEAR","A","2015",822.8,
"CZE","TEACHINGHR","PRY","HR_YEAR","A","2016",617.1,
"CZE","TEACHINGHR","PRY","HR_YEAR","A","2017",617.1,
"CZE","TEACHINGHR","UPPSRY","HR_YEAR","A","2000",620.55,
"CZE","TEACHINGHR","UPPSRY","HR_YEAR","A","2005",617.4,
"CZE","TEACHINGHR","UPPSRY","HR_YEAR","A","2006",611.1,
"CZE","TEACHINGHR","UPPSRY","HR_YEAR","A","2007",607.95,
"CZE","TEACHINGHR","UPPSRY","HR_YEAR","A","2008",607.95,
"CZE","TEACHINGHR","UPPSRY","HR_YEAR","A","2009",595.35,
"CZE","TEACHINGHR","UPPSRY","HR_YEAR","A","2010",617.4,
"CZE","TEACHINGHR","UPPSRY","HR_YEAR","A","2011",601.65,
"CZE","TEACHINGHR","UPPSRY","HR_YEAR","A","2012",592.2,
"CZE","TEACHINGHR","UPPSRY","HR_YEAR","A","2013",592.2,
"CZE","TEACHINGHR","UPPSRY","HR_YEAR","A","2014",589.05,
"CZE","TEACHINGHR","UPPSRY","HR_YEAR","A","2015",589.05,
"CZE","TEACHINGHR","UPPSRY","HR_YEAR","A","2016",589.05,
"CZE","TEACHINGHR","UPPSRY","HR_YEAR","A","2017",589.05,
"CZE","TEACHINGHR","LOWSRY","HR_YEAR","A","2000",650.1,
"CZE","TEACHINGHR","LOWSRY","HR_YEAR","A","2005",646.8,
"CZE","TEACHINGHR","LOWSRY","HR_YEAR","A","2006",640.2,
"CZE","TEACHINGHR","LOWSRY","HR_YEAR","A","2007",636.9,
"CZE","TEACHINGHR","LOWSRY","HR_YEAR","A","2008",636.9,
"CZE","TEACHINGHR","LOWSRY","HR_YEAR","A","2009",623.7,
"CZE","TEACHINGHR","LOWSRY","HR_YEAR","A","2010",646.8,
"CZE","TEACHINGHR","LOWSRY","HR_YEAR","A","2011",630.3,
"CZE","TEACHINGHR","LOWSRY","HR_YEAR","A","2012",620.4,
"CZE","TEACHINGHR","LOWSRY","HR_YEAR","A","2013",620.4,
"CZE","TEACHINGHR","LOWSRY","HR_YEAR","A","2014",617.1,
"CZE","TEACHINGHR","LOWSRY","HR_YEAR","A","2015",617.1,
"CZE","TEACHINGHR","LOWSRY","HR_YEAR","A","2016",617.1,
"CZE","TEACHINGHR","LOWSRY","HR_YEAR","A","2017",617.1,
"DNK","TEACHINGHR","PRY","HR_YEAR","A","2000",640,
"DNK","TEACHINGHR","PRY","HR_YEAR","A","2005",640,
"DNK","TEACHINGHR","PRY","HR_YEAR","A","2006",648,
"DNK","TEACHINGHR","PRY","HR_YEAR","A","2007",648,
"DNK","TEACHINGHR","PRY","HR_YEAR","A","2008",648,
"DNK","TEACHINGHR","PRY","HR_YEAR","A","2009",648,
"DNK","TEACHINGHR","PRY","HR_YEAR","A","2010",650,
"DNK","TEACHINGHR","PRY","HR_YEAR","A","2011",650,
"DNK","TEACHINGHR","PRY","HR_YEAR","A","2012",659,
"DNK","TEACHINGHR","PRY","HR_YEAR","A","2013",662,
"DNK","TEACHINGHR","PRY","HR_YEAR","A","2014",663,
"DNK","TEACHINGHR","PRY","HR_YEAR","A","2015",784,
"DNK","TEACHINGHR","UPPSRY","HR_YEAR","A","2006",364,
"DNK","TEACHINGHR","UPPSRY","HR_YEAR","A","2007",364,
"DNK","TEACHINGHR","UPPSRY","HR_YEAR","A","2008",364,
"DNK","TEACHINGHR","UPPSRY","HR_YEAR","A","2009",377,
"DNK","TEACHINGHR","UPPSRY","HR_YEAR","A","2010",377,
"DNK","TEACHINGHR","UPPSRY","HR_YEAR","A","2011",369,
"DNK","TEACHINGHR","UPPSRY","HR_YEAR","A","2012",369,
"DNK","TEACHINGHR","UPPSRY","HR_YEAR","A","2013",369,
"DNK","TEACHINGHR","UPPSRY","HR_YEAR","A","2014",386,
"DNK","TEACHINGHR","UPPSRY","HR_YEAR","A","2015",386,
"DNK","TEACHINGHR","UPPSRY","HR_YEAR","A","2016",394,
"DNK","TEACHINGHR","UPPSRY","HR_YEAR","A","2017",405,
"DNK","TEACHINGHR","LOWSRY","HR_YEAR","A","2000",640,
"DNK","TEACHINGHR","LOWSRY","HR_YEAR","A","2005",640,
"DNK","TEACHINGHR","LOWSRY","HR_YEAR","A","2006",648,
"DNK","TEACHINGHR","LOWSRY","HR_YEAR","A","2007",648,
"DNK","TEACHINGHR","LOWSRY","HR_YEAR","A","2008",648,
"DNK","TEACHINGHR","LOWSRY","HR_YEAR","A","2009",648,
"DNK","TEACHINGHR","LOWSRY","HR_YEAR","A","2010",650,
"DNK","TEACHINGHR","LOWSRY","HR_YEAR","A","2011",650,
"DNK","TEACHINGHR","LOWSRY","HR_YEAR","A","2012",659,
"DNK","TEACHINGHR","LOWSRY","HR_YEAR","A","2013",662,
"DNK","TEACHINGHR","LOWSRY","HR_YEAR","A","2014",663,
"DNK","TEACHINGHR","LOWSRY","HR_YEAR","A","2015",784,
"FIN","TEACHINGHR","PRY","HR_YEAR","A","2000",655.5,
"FIN","TEACHINGHR","PRY","HR_YEAR","A","2005",676.8,
"FIN","TEACHINGHR","PRY","HR_YEAR","A","2006",677,
"FIN","TEACHINGHR","PRY","HR_YEAR","A","2007",676.8,
"FIN","TEACHINGHR","PRY","HR_YEAR","A","2008",676.8,
"FIN","TEACHINGHR","PRY","HR_YEAR","A","2009",676.8,
"FIN","TEACHINGHR","PRY","HR_YEAR","A","2010",680.4,
"FIN","TEACHINGHR","PRY","HR_YEAR","A","2011",680.4,
"FIN","TEACHINGHR","PRY","HR_YEAR","A","2012",673.2,
"FIN","TEACHINGHR","PRY","HR_YEAR","A","2013",673.2,
"FIN","TEACHINGHR","PRY","HR_YEAR","A","2014",673.2,
"FIN","TEACHINGHR","PRY","HR_YEAR","A","2015",676.8,
"FIN","TEACHINGHR","PRY","HR_YEAR","A","2016",680.4,
"FIN","TEACHINGHR","PRY","HR_YEAR","A","2017",673.2,
"FIN","TEACHINGHR","UPPSRY","HR_YEAR","A","2000",527.25,
"FIN","TEACHINGHR","UPPSRY","HR_YEAR","A","2005",550.088,
"FIN","TEACHINGHR","UPPSRY","HR_YEAR","A","2006",550.088,
"FIN","TEACHINGHR","UPPSRY","HR_YEAR","A","2007",550.088,
"FIN","TEACHINGHR","UPPSRY","HR_YEAR","A","2008",550.088,
"FIN","TEACHINGHR","UPPSRY","HR_YEAR","A","2009",550.088,
"FIN","TEACHINGHR","UPPSRY","HR_YEAR","A","2010",553.014,
"FIN","TEACHINGHR","UPPSRY","HR_YEAR","A","2011",553.014,
"FIN","TEACHINGHR","UPPSRY","HR_YEAR","A","2012",547.162,
"FIN","TEACHINGHR","UPPSRY","HR_YEAR","A","2013",547.162,
"FIN","TEACHINGHR","UPPSRY","HR_YEAR","A","2014",547.162,
"FIN","TEACHINGHR","UPPSRY","HR_YEAR","A","2015",550.088,
"FIN","TEACHINGHR","UPPSRY","HR_YEAR","A","2016",553.014,
"FIN","TEACHINGHR","UPPSRY","HR_YEAR","A","2017",547.162,
"FIN","TEACHINGHR","LOWSRY","HR_YEAR","A","2000",570,
"FIN","TEACHINGHR","LOWSRY","HR_YEAR","A","2005",592.2,
"FIN","TEACHINGHR","LOWSRY","HR_YEAR","A","2006",592.2,
"FIN","TEACHINGHR","LOWSRY","HR_YEAR","A","2007",592.2,
"FIN","TEACHINGHR","LOWSRY","HR_YEAR","A","2008",592.2,
"FIN","TEACHINGHR","LOWSRY","HR_YEAR","A","2009",592.2,
"FIN","TEACHINGHR","LOWSRY","HR_YEAR","A","2010",595.35,
"FIN","TEACHINGHR","LOWSRY","HR_YEAR","A","2011",595.35,
"FIN","TEACHINGHR","LOWSRY","HR_YEAR","A","2012",589.05,
"FIN","TEACHINGHR","LOWSRY","HR_YEAR","A","2013",589.05,
"FIN","TEACHINGHR","LOWSRY","HR_YEAR","A","2014",589.05,
"FIN","TEACHINGHR","LOWSRY","HR_YEAR","A","2015",592.2,
"FIN","TEACHINGHR","LOWSRY","HR_YEAR","A","2016",595.35,
"FIN","TEACHINGHR","LOWSRY","HR_YEAR","A","2017",589.05,
"FRA","TEACHINGHR","PRY","HR_YEAR","A","2000",924,
"FRA","TEACHINGHR","PRY","HR_YEAR","A","2005",924,
"FRA","TEACHINGHR","PRY","HR_YEAR","A","2006",924,
"FRA","TEACHINGHR","PRY","HR_YEAR","A","2007",924,
"FRA","TEACHINGHR","PRY","HR_YEAR","A","2008",924,
"FRA","TEACHINGHR","PRY","HR_YEAR","A","2009",924,
"FRA","TEACHINGHR","PRY","HR_YEAR","A","2010",924,
"FRA","TEACHINGHR","PRY","HR_YEAR","A","2011",924,
"FRA","TEACHINGHR","PRY","HR_YEAR","A","2012",923.9976,
"FRA","TEACHINGHR","PRY","HR_YEAR","A","2013",924,
"FRA","TEACHINGHR","PRY","HR_YEAR","A","2014",924,
"FRA","TEACHINGHR","PRY","HR_YEAR","A","2015",899.999946,
"FRA","TEACHINGHR","PRY","HR_YEAR","A","2016",900,
"FRA","TEACHINGHR","PRY","HR_YEAR","A","2017",900,
"FRA","TEACHINGHR","UPPSRY","HR_YEAR","A","2000",648,
"FRA","TEACHINGHR","UPPSRY","HR_YEAR","A","2005",648,
"FRA","TEACHINGHR","UPPSRY","HR_YEAR","A","2006",648,
"FRA","TEACHINGHR","UPPSRY","HR_YEAR","A","2007",648,
"FRA","TEACHINGHR","UPPSRY","HR_YEAR","A","2008",648,
"FRA","TEACHINGHR","UPPSRY","HR_YEAR","A","2009",648,
"FRA","TEACHINGHR","UPPSRY","HR_YEAR","A","2010",648,
"FRA","TEACHINGHR","UPPSRY","HR_YEAR","A","2011",648,
"FRA","TEACHINGHR","UPPSRY","HR_YEAR","A","2012",648,
"FRA","TEACHINGHR","UPPSRY","HR_YEAR","A","2013",648,
"FRA","TEACHINGHR","UPPSRY","HR_YEAR","A","2014",648,
"FRA","TEACHINGHR","UPPSRY","HR_YEAR","A","2015",648,
"FRA","TEACHINGHR","UPPSRY","HR_YEAR","A","2016",684,
"FRA","TEACHINGHR","UPPSRY","HR_YEAR","A","2017",684,
"FRA","TEACHINGHR","LOWSRY","HR_YEAR","A","2000",648,
"FRA","TEACHINGHR","LOWSRY","HR_YEAR","A","2005",648,
"FRA","TEACHINGHR","LOWSRY","HR_YEAR","A","2006",648,
"FRA","TEACHINGHR","LOWSRY","HR_YEAR","A","2007",648,
"FRA","TEACHINGHR","LOWSRY","HR_YEAR","A","2008",648,
"FRA","TEACHINGHR","LOWSRY","HR_YEAR","A","2009",648,
"FRA","TEACHINGHR","LOWSRY","HR_YEAR","A","2010",648,
"FRA","TEACHINGHR","LOWSRY","HR_YEAR","A","2011",648,
"FRA","TEACHINGHR","LOWSRY","HR_YEAR","A","2012",648,
"FRA","TEACHINGHR","LOWSRY","HR_YEAR","A","2013",648,
"FRA","TEACHINGHR","LOWSRY","HR_YEAR","A","2014",648,
"FRA","TEACHINGHR","LOWSRY","HR_YEAR","A","2015",648,
"FRA","TEACHINGHR","LOWSRY","HR_YEAR","A","2016",684,
"FRA","TEACHINGHR","LOWSRY","HR_YEAR","A","2017",684,
"DEU","TEACHINGHR","PRY","HR_YEAR","A","2000",783.175555,
"DEU","TEACHINGHR","PRY","HR_YEAR","A","2005",807.54251561,
"DEU","TEACHINGHR","PRY","HR_YEAR","A","2006",809.95917974,
"DEU","TEACHINGHR","PRY","HR_YEAR","A","2007",805.9877634,
"DEU","TEACHINGHR","PRY","HR_YEAR","A","2008",804.81951088,
"DEU","TEACHINGHR","PRY","HR_YEAR","A","2009",804.92987124,
"DEU","TEACHINGHR","PRY","HR_YEAR","A","2010",804.85895524,
"DEU","TEACHINGHR","PRY","HR_YEAR","A","2011",804.11853683,
"DEU","TEACHINGHR","PRY","HR_YEAR","A","2012",804.34644252,
"DEU","TEACHINGHR","PRY","HR_YEAR","A","2013",799.97540603,
"DEU","TEACHINGHR","PRY","HR_YEAR","A","2014",799.80084762,
"DEU","TEACHINGHR","PRY","HR_YEAR","A","2015",799.32447281,
"DEU","TEACHINGHR","PRY","HR_YEAR","A","2016",801.54521917,
"DEU","TEACHINGHR","PRY","HR_YEAR","A","2017",800.5365858,
"DEU","TEACHINGHR","UPPSRY","HR_YEAR","A","2000",689.84399594,
"DEU","TEACHINGHR","UPPSRY","HR_YEAR","A","2005",714,
"DEU","TEACHINGHR","UPPSRY","HR_YEAR","A","2006",713.67453353,
"DEU","TEACHINGHR","UPPSRY","HR_YEAR","A","2007",714.01024987,
"DEU","TEACHINGHR","UPPSRY","HR_YEAR","A","2008",714.59107551,
"DEU","TEACHINGHR","UPPSRY","HR_YEAR","A","2009",712.82148418,
"DEU","TEACHINGHR","UPPSRY","HR_YEAR","A","2010",713.24752684,
"DEU","TEACHINGHR","UPPSRY","HR_YEAR","A","2011",714.81554091,
"DEU","TEACHINGHR","UPPSRY","HR_YEAR","A","2012",717.50925437,
"DEU","TEACHINGHR","UPPSRY","HR_YEAR","A","2013",714.81111035,
"DEU","TEACHINGHR","UPPSRY","HR_YEAR","A","2014",713.88746675,
"DEU","TEACHINGHR","UPPSRY","HR_YEAR","A","2015",713.88746675,
"DEU","TEACHINGHR","UPPSRY","HR_YEAR","A","2016",716.36861278,
"DEU","TEACHINGHR","UPPSRY","HR_YEAR","A","2017",719.32343859,
"DEU","TEACHINGHR","LOWSRY","HR_YEAR","A","2000",732.28478494,
"DEU","TEACHINGHR","LOWSRY","HR_YEAR","A","2005",758.46457272,
"DEU","TEACHINGHR","LOWSRY","HR_YEAR","A","2006",757.91361139,
"DEU","TEACHINGHR","LOWSRY","HR_YEAR","A","2007",758.08783771,
"DEU","TEACHINGHR","LOWSRY","HR_YEAR","A","2008",756.42666423,
"DEU","TEACHINGHR","LOWSRY","HR_YEAR","A","2009",756.45787695,
"DEU","TEACHINGHR","LOWSRY","HR_YEAR","A","2010",755.91746733,
"DEU","TEACHINGHR","LOWSRY","HR_YEAR","A","2011",756.76034274,
"DEU","TEACHINGHR","LOWSRY","HR_YEAR","A","2012",755.29321264,
"DEU","TEACHINGHR","LOWSRY","HR_YEAR","A","2013",751.88889311,
"DEU","TEACHINGHR","LOWSRY","HR_YEAR","A","2014",750.08736074,
"DEU","TEACHINGHR","LOWSRY","HR_YEAR","A","2015",750.08736074,
"DEU","TEACHINGHR","LOWSRY","HR_YEAR","A","2016",748.8337609,
"DEU","TEACHINGHR","LOWSRY","HR_YEAR","A","2017",747.40942005,
"GRC","TEACHINGHR","PRY","HR_YEAR","A","2000",608.95685971,
"GRC","TEACHINGHR","PRY","HR_YEAR","A","2005",604.41091954,
"GRC","TEACHINGHR","PRY","HR_YEAR","A","2006",604.41091954,
"GRC","TEACHINGHR","PRY","HR_YEAR","A","2007",590.10652778,
"GRC","TEACHINGHR","PRY","HR_YEAR","A","2008",592.74,
"GRC","TEACHINGHR","PRY","HR_YEAR","A","2009",589.41,
"GRC","TEACHINGHR","PRY","HR_YEAR","A","2010",589.41,
"GRC","TEACHINGHR","PRY","HR_YEAR","A","2011",589.41,
"GRC","TEACHINGHR","PRY","HR_YEAR","A","2012",569.43,
"GRC","TEACHINGHR","PRY","HR_YEAR","A","2013",569.43,
"GRC","TEACHINGHR","PRY","HR_YEAR","A","2014",569.43,
"GRC","TEACHINGHR","PRY","HR_YEAR","A","2015",630,
"GRC","TEACHINGHR","PRY","HR_YEAR","A","2016",660,
"GRC","TEACHINGHR","PRY","HR_YEAR","A","2017",660,
"GRC","TEACHINGHR","UPPSRY","HR_YEAR","A","2000",429.43825758,
"GRC","TEACHINGHR","UPPSRY","HR_YEAR","A","2005",430.44034091,
"GRC","TEACHINGHR","UPPSRY","HR_YEAR","A","2006",420.56666667,
"GRC","TEACHINGHR","UPPSRY","HR_YEAR","A","2007",423.28,
"GRC","TEACHINGHR","UPPSRY","HR_YEAR","A","2008",428.654,
"GRC","TEACHINGHR","UPPSRY","HR_YEAR","A","2009",425.941,
"GRC","TEACHINGHR","UPPSRY","HR_YEAR","A","2010",415.089,
"GRC","TEACHINGHR","UPPSRY","HR_YEAR","A","2011",415.089,
"GRC","TEACHINGHR","UPPSRY","HR_YEAR","A","2012",415.112,
"GRC","TEACHINGHR","UPPSRY","HR_YEAR","A","2013",415.112,
"GRC","TEACHINGHR","UPPSRY","HR_YEAR","A","2014",459.04,
"GRC","TEACHINGHR","UPPSRY","HR_YEAR","A","2015",599.78,
"GRC","TEACHINGHR","UPPSRY","HR_YEAR","A","2016",592.8825,
"GRC","TEACHINGHR","UPPSRY","HR_YEAR","A","2017",593.9175,
"GRC","TEACHINGHR","LOWSRY","HR_YEAR","A","2000",426.02857143,
"GRC","TEACHINGHR","LOWSRY","HR_YEAR","A","2005",434.22142857,
"GRC","TEACHINGHR","LOWSRY","HR_YEAR","A","2006",428.70666667,
"GRC","TEACHINGHR","LOWSRY","HR_YEAR","A","2007",425.99333333,
"GRC","TEACHINGHR","LOWSRY","HR_YEAR","A","2008",428.654,
"GRC","TEACHINGHR","LOWSRY","HR_YEAR","A","2009",425.941,
"GRC","TEACHINGHR","LOWSRY","HR_YEAR","A","2010",415.089,
"GRC","TEACHINGHR","LOWSRY","HR_YEAR","A","2011",415.089,
"GRC","TEACHINGHR","LOWSRY","HR_YEAR","A","2012",415.112,
"GRC","TEACHINGHR","LOWSRY","HR_YEAR","A","2013",415.112,
"GRC","TEACHINGHR","LOWSRY","HR_YEAR","A","2014",459.04,
"GRC","TEACHINGHR","LOWSRY","HR_YEAR","A","2015",591.68,
"GRC","TEACHINGHR","LOWSRY","HR_YEAR","A","2016",584.775,
"GRC","TEACHINGHR","LOWSRY","HR_YEAR","A","2017",608.925,
"HUN","TEACHINGHR","PRY","HR_YEAR","A","2000",583,
"HUN","TEACHINGHR","PRY","HR_YEAR","A","2005",583,
"HUN","TEACHINGHR","PRY","HR_YEAR","A","2006",583,
"HUN","TEACHINGHR","PRY","HR_YEAR","A","2007",582.75,
"HUN","TEACHINGHR","PRY","HR_YEAR","A","2008",610.5,
"HUN","TEACHINGHR","PRY","HR_YEAR","A","2009",597.3,
"HUN","TEACHINGHR","PRY","HR_YEAR","A","2010",603.9,
"HUN","TEACHINGHR","PRY","HR_YEAR","A","2011",658.8,
"HUN","TEACHINGHR","PRY","HR_YEAR","A","2012",658.8,
"HUN","TEACHINGHR","PRY","HR_YEAR","A","2013",655.2,
"HUN","TEACHINGHR","PRY","HR_YEAR","A","2014",648,
"HUN","TEACHINGHR","PRY","HR_YEAR","A","2015",651.6,
"HUN","TEACHINGHR","PRY","HR_YEAR","A","2016",651.6,
"HUN","TEACHINGHR","PRY","HR_YEAR","A","2017",655.2,
"HUN","TEACHINGHR","UPPSRY","HR_YEAR","A","2000",555,
"HUN","TEACHINGHR","UPPSRY","HR_YEAR","A","2005",555,
"HUN","TEACHINGHR","UPPSRY","HR_YEAR","A","2006",555,
"HUN","TEACHINGHR","UPPSRY","HR_YEAR","A","2007",555,
"HUN","TEACHINGHR","UPPSRY","HR_YEAR","A","2008",610.5,
"HUN","TEACHINGHR","UPPSRY","HR_YEAR","A","2009",597.3,
"HUN","TEACHINGHR","UPPSRY","HR_YEAR","A","2010",603.9,
"HUN","TEACHINGHR","UPPSRY","HR_YEAR","A","2011",655.2,
"HUN","TEACHINGHR","UPPSRY","HR_YEAR","A","2012",655.2,
"HUN","TEACHINGHR","UPPSRY","HR_YEAR","A","2013",651.6,
"HUN","TEACHINGHR","UPPSRY","HR_YEAR","A","2014",644.4,
"HUN","TEACHINGHR","UPPSRY","HR_YEAR","A","2015",648,
"HUN","TEACHINGHR","UPPSRY","HR_YEAR","A","2016",648,
"HUN","TEACHINGHR","UPPSRY","HR_YEAR","A","2017",651.6,
"HUN","TEACHINGHR","LOWSRY","HR_YEAR","A","2000",555,
"HUN","TEACHINGHR","LOWSRY","HR_YEAR","A","2005",555,
"HUN","TEACHINGHR","LOWSRY","HR_YEAR","A","2006",555,
"HUN","TEACHINGHR","LOWSRY","HR_YEAR","A","2007",555,
"HUN","TEACHINGHR","LOWSRY","HR_YEAR","A","2008",610.5,
"HUN","TEACHINGHR","LOWSRY","HR_YEAR","A","2009",597.3,
"HUN","TEACHINGHR","LOWSRY","HR_YEAR","A","2010",603.9,
"HUN","TEACHINGHR","LOWSRY","HR_YEAR","A","2011",658.8,
"HUN","TEACHINGHR","LOWSRY","HR_YEAR","A","2012",658.8,
"HUN","TEACHINGHR","LOWSRY","HR_YEAR","A","2013",655.2,
"HUN","TEACHINGHR","LOWSRY","HR_YEAR","A","2014",648,
"HUN","TEACHINGHR","LOWSRY","HR_YEAR","A","2015",651.6,
"HUN","TEACHINGHR","LOWSRY","HR_YEAR","A","2016",651.6,
"HUN","TEACHINGHR","LOWSRY","HR_YEAR","A","2017",655.2,
"ISL","TEACHINGHR","PRY","HR_YEAR","A","2000",629,
"ISL","TEACHINGHR","PRY","HR_YEAR","A","2005",671.4,
"ISL","TEACHINGHR","PRY","HR_YEAR","A","2006",671.4,
"ISL","TEACHINGHR","PRY","HR_YEAR","A","2007",671.4,
"ISL","TEACHINGHR","PRY","HR_YEAR","A","2008",671.4,
"ISL","TEACHINGHR","PRY","HR_YEAR","A","2009",624,
"ISL","TEACHINGHR","PRY","HR_YEAR","A","2010",623.88,
"ISL","TEACHINGHR","PRY","HR_YEAR","A","2011",623.88,
"ISL","TEACHINGHR","PRY","HR_YEAR","A","2012",623.88,
"ISL","TEACHINGHR","PRY","HR_YEAR","A","2013",623.88,
"ISL","TEACHINGHR","PRY","HR_YEAR","A","2016",623.88,
"ISL","TEACHINGHR","PRY","HR_YEAR","A","2017",623.88,
"ISL","TEACHINGHR","UPPSRY","HR_YEAR","A","2000",464,
"ISL","TEACHINGHR","UPPSRY","HR_YEAR","A","2005",560,
"ISL","TEACHINGHR","UPPSRY","HR_YEAR","A","2006",560,
"ISL","TEACHINGHR","UPPSRY","HR_YEAR","A","2007",560,
"ISL","TEACHINGHR","UPPSRY","HR_YEAR","A","2008",560,
"ISL","TEACHINGHR","UPPSRY","HR_YEAR","A","2009",544,
"ISL","TEACHINGHR","UPPSRY","HR_YEAR","A","2010",544,
"ISL","TEACHINGHR","UPPSRY","HR_YEAR","A","2011",544,
"ISL","TEACHINGHR","UPPSRY","HR_YEAR","A","2012",544,
"ISL","TEACHINGHR","UPPSRY","HR_YEAR","A","2013",544,
"ISL","TEACHINGHR","UPPSRY","HR_YEAR","A","2016",485.39325843,
"ISL","TEACHINGHR","UPPSRY","HR_YEAR","A","2017",485.39325843,
"ISL","TEACHINGHR","LOWSRY","HR_YEAR","A","2000",629,
"ISL","TEACHINGHR","LOWSRY","HR_YEAR","A","2005",671.4,
"ISL","TEACHINGHR","LOWSRY","HR_YEAR","A","2006",671.4,
"ISL","TEACHINGHR","LOWSRY","HR_YEAR","A","2007",671.4,
"ISL","TEACHINGHR","LOWSRY","HR_YEAR","A","2008",671.4,
"ISL","TEACHINGHR","LOWSRY","HR_YEAR","A","2009",624,
"ISL","TEACHINGHR","LOWSRY","HR_YEAR","A","2010",623.88,
"ISL","TEACHINGHR","LOWSRY","HR_YEAR","A","2011",623.88,
"ISL","TEACHINGHR","LOWSRY","HR_YEAR","A","2012",623.88,
"ISL","TEACHINGHR","LOWSRY","HR_YEAR","A","2013",623.88,
"ISL","TEACHINGHR","LOWSRY","HR_YEAR","A","2016",623.88,
"ISL","TEACHINGHR","LOWSRY","HR_YEAR","A","2017",623.88,
"IRL","TEACHINGHR","PRY","HR_YEAR","A","2000",915,
"IRL","TEACHINGHR","PRY","HR_YEAR","A","2005",915,
"IRL","TEACHINGHR","PRY","HR_YEAR","A","2006",915,
"IRL","TEACHINGHR","PRY","HR_YEAR","A","2007",915,
"IRL","TEACHINGHR","PRY","HR_YEAR","A","2008",915,
"IRL","TEACHINGHR","PRY","HR_YEAR","A","2009",915,
"IRL","TEACHINGHR","PRY","HR_YEAR","A","2010",915,
"IRL","TEACHINGHR","PRY","HR_YEAR","A","2011",915,
"IRL","TEACHINGHR","PRY","HR_YEAR","A","2012",915,
"IRL","TEACHINGHR","PRY","HR_YEAR","A","2013",915,
"IRL","TEACHINGHR","PRY","HR_YEAR","A","2014",915,
"IRL","TEACHINGHR","PRY","HR_YEAR","A","2015",915,
"IRL","TEACHINGHR","PRY","HR_YEAR","A","2016",915,
"IRL","TEACHINGHR","PRY","HR_YEAR","A","2017",910,
"IRL","TEACHINGHR","UPPSRY","HR_YEAR","A","2000",734.8,
"IRL","TEACHINGHR","UPPSRY","HR_YEAR","A","2005",734.8,
"IRL","TEACHINGHR","UPPSRY","HR_YEAR","A","2006",734.8,
"IRL","TEACHINGHR","UPPSRY","HR_YEAR","A","2007",734.8,
"IRL","TEACHINGHR","UPPSRY","HR_YEAR","A","2008",734.8,
"IRL","TEACHINGHR","UPPSRY","HR_YEAR","A","2009",734.8,
"IRL","TEACHINGHR","UPPSRY","HR_YEAR","A","2010",734.8,
"IRL","TEACHINGHR","UPPSRY","HR_YEAR","A","2011",734.8,
"IRL","TEACHINGHR","UPPSRY","HR_YEAR","A","2012",734.8,
"IRL","TEACHINGHR","UPPSRY","HR_YEAR","A","2013",734.8,
"IRL","TEACHINGHR","UPPSRY","HR_YEAR","A","2014",734.8,
"IRL","TEACHINGHR","UPPSRY","HR_YEAR","A","2015",734.8,
"IRL","TEACHINGHR","UPPSRY","HR_YEAR","A","2016",730.4,
"IRL","TEACHINGHR","UPPSRY","HR_YEAR","A","2017",721.6,
"IRL","TEACHINGHR","LOWSRY","HR_YEAR","A","2000",734.8,
"IRL","TEACHINGHR","LOWSRY","HR_YEAR","A","2005",734.8,
"IRL","TEACHINGHR","LOWSRY","HR_YEAR","A","2006",734.8,
"IRL","TEACHINGHR","LOWSRY","HR_YEAR","A","2007",734.8,
"IRL","TEACHINGHR","LOWSRY","HR_YEAR","A","2008",734.8,
"IRL","TEACHINGHR","LOWSRY","HR_YEAR","A","2009",734.8,
"IRL","TEACHINGHR","LOWSRY","HR_YEAR","A","2010",734.8,
"IRL","TEACHINGHR","LOWSRY","HR_YEAR","A","2011",734.8,
"IRL","TEACHINGHR","LOWSRY","HR_YEAR","A","2012",734.8,
"IRL","TEACHINGHR","LOWSRY","HR_YEAR","A","2013",734.8,
"IRL","TEACHINGHR","LOWSRY","HR_YEAR","A","2014",734.8,
"IRL","TEACHINGHR","LOWSRY","HR_YEAR","A","2015",734.8,
"IRL","TEACHINGHR","LOWSRY","HR_YEAR","A","2016",730.4,
"IRL","TEACHINGHR","LOWSRY","HR_YEAR","A","2017",721.6,
"ITA","TEACHINGHR","PRY","HR_YEAR","A","2000",744,
"ITA","TEACHINGHR","PRY","HR_YEAR","A","2005",739,
"ITA","TEACHINGHR","PRY","HR_YEAR","A","2006",734.8,
"ITA","TEACHINGHR","PRY","HR_YEAR","A","2007",734.8,
"ITA","TEACHINGHR","PRY","HR_YEAR","A","2008",734.8,
"ITA","TEACHINGHR","PRY","HR_YEAR","A","2009",756.8,
"ITA","TEACHINGHR","PRY","HR_YEAR","A","2010",770,
"ITA","TEACHINGHR","PRY","HR_YEAR","A","2011",770,
"ITA","TEACHINGHR","PRY","HR_YEAR","A","2012",752.4,
"ITA","TEACHINGHR","PRY","HR_YEAR","A","2013",752.4,
"ITA","TEACHINGHR","PRY","HR_YEAR","A","2014",752.4,
"ITA","TEACHINGHR","PRY","HR_YEAR","A","2015",752.4,
"ITA","TEACHINGHR","PRY","HR_YEAR","A","2016",765.6,
"ITA","TEACHINGHR","PRY","HR_YEAR","A","2017",765.6,
"ITA","TEACHINGHR","UPPSRY","HR_YEAR","A","2000",608,
"ITA","TEACHINGHR","UPPSRY","HR_YEAR","A","2005",605,
"ITA","TEACHINGHR","UPPSRY","HR_YEAR","A","2006",601.2,
"ITA","TEACHINGHR","UPPSRY","HR_YEAR","A","2007",601.2,
"ITA","TEACHINGHR","UPPSRY","HR_YEAR","A","2008",601.2,
"ITA","TEACHINGHR","UPPSRY","HR_YEAR","A","2009",619.2,
"ITA","TEACHINGHR","UPPSRY","HR_YEAR","A","2010",630,
"ITA","TEACHINGHR","UPPSRY","HR_YEAR","A","2011",630,
"ITA","TEACHINGHR","UPPSRY","HR_YEAR","A","2012",615.6,
"ITA","TEACHINGHR","UPPSRY","HR_YEAR","A","2013",615.6,
"ITA","TEACHINGHR","UPPSRY","HR_YEAR","A","2014",615.6,
"ITA","TEACHINGHR","UPPSRY","HR_YEAR","A","2015",615.6,
"ITA","TEACHINGHR","UPPSRY","HR_YEAR","A","2016",626.4,
"ITA","TEACHINGHR","UPPSRY","HR_YEAR","A","2017",626.4,
"ITA","TEACHINGHR","LOWSRY","HR_YEAR","A","2000",608,
"ITA","TEACHINGHR","LOWSRY","HR_YEAR","A","2005",605,
"ITA","TEACHINGHR","LOWSRY","HR_YEAR","A","2006",601.2,
"ITA","TEACHINGHR","LOWSRY","HR_YEAR","A","2007",601.2,
"ITA","TEACHINGHR","LOWSRY","HR_YEAR","A","2008",601.2,
"ITA","TEACHINGHR","LOWSRY","HR_YEAR","A","2009",619.2,
"ITA","TEACHINGHR","LOWSRY","HR_YEAR","A","2010",630,
"ITA","TEACHINGHR","LOWSRY","HR_YEAR","A","2011",630,
"ITA","TEACHINGHR","LOWSRY","HR_YEAR","A","2012",615.6,
"ITA","TEACHINGHR","LOWSRY","HR_YEAR","A","2013",615.6,
"ITA","TEACHINGHR","LOWSRY","HR_YEAR","A","2014",615.6,
"ITA","TEACHINGHR","LOWSRY","HR_YEAR","A","2015",615.6,
"ITA","TEACHINGHR","LOWSRY","HR_YEAR","A","2016",626.4,
"ITA","TEACHINGHR","LOWSRY","HR_YEAR","A","2017",626.4,
"JPN","TEACHINGHR","PRY","HR_YEAR","A","2000",635,
"JPN","TEACHINGHR","PRY","HR_YEAR","A","2005",578,
"JPN","TEACHINGHR","PRY","HR_YEAR","A","2007",705,
"JPN","TEACHINGHR","PRY","HR_YEAR","A","2008",708.525,
"JPN","TEACHINGHR","PRY","HR_YEAR","A","2009",706.7625,
"JPN","TEACHINGHR","PRY","HR_YEAR","A","2010",706.7625,
"JPN","TEACHINGHR","PRY","HR_YEAR","A","2011",731.3595,
"JPN","TEACHINGHR","PRY","HR_YEAR","A","2012",731.3595,
"JPN","TEACHINGHR","PRY","HR_YEAR","A","2013",736.2639,
"JPN","TEACHINGHR","PRY","HR_YEAR","A","2014",742.29885,
"JPN","TEACHINGHR","PRY","HR_YEAR","A","2015",742.0959,
"JPN","TEACHINGHR","PRY","HR_YEAR","A","2016",742.0959,
"JPN","TEACHINGHR","PRY","HR_YEAR","A","2017",742.0959,
"JPN","TEACHINGHR","UPPSRY","HR_YEAR","A","2000",478,
"JPN","TEACHINGHR","UPPSRY","HR_YEAR","A","2005",429,
"JPN","TEACHINGHR","UPPSRY","HR_YEAR","A","2007",498.3,
"JPN","TEACHINGHR","UPPSRY","HR_YEAR","A","2008",500.3465,
"JPN","TEACHINGHR","UPPSRY","HR_YEAR","A","2009",500.3465,
"JPN","TEACHINGHR","UPPSRY","HR_YEAR","A","2010",500.3465,
"JPN","TEACHINGHR","UPPSRY","HR_YEAR","A","2011",509.717,
"JPN","TEACHINGHR","UPPSRY","HR_YEAR","A","2012",509.717,
"JPN","TEACHINGHR","UPPSRY","HR_YEAR","A","2013",513.357,
"JPN","TEACHINGHR","UPPSRY","HR_YEAR","A","2014",513.357,
"JPN","TEACHINGHR","UPPSRY","HR_YEAR","A","2015",510.757,
"JPN","TEACHINGHR","UPPSRY","HR_YEAR","A","2016",510.757,
"JPN","TEACHINGHR","UPPSRY","HR_YEAR","A","2017",510.757,
"JPN","TEACHINGHR","LOWSRY","HR_YEAR","A","2000",557,
"JPN","TEACHINGHR","LOWSRY","HR_YEAR","A","2005",505,
"JPN","TEACHINGHR","LOWSRY","HR_YEAR","A","2007",600,
"JPN","TEACHINGHR","LOWSRY","HR_YEAR","A","2008",603,
"JPN","TEACHINGHR","LOWSRY","HR_YEAR","A","2009",601.5,
"JPN","TEACHINGHR","LOWSRY","HR_YEAR","A","2010",601.5,
"JPN","TEACHINGHR","LOWSRY","HR_YEAR","A","2011",602.41502,
"JPN","TEACHINGHR","LOWSRY","HR_YEAR","A","2012",602.41502,
"JPN","TEACHINGHR","LOWSRY","HR_YEAR","A","2013",607.859983,
"JPN","TEACHINGHR","LOWSRY","HR_YEAR","A","2014",611.245267,
"JPN","TEACHINGHR","LOWSRY","HR_YEAR","A","2015",609.910571,
"JPN","TEACHINGHR","LOWSRY","HR_YEAR","A","2016",609.910571,
"JPN","TEACHINGHR","LOWSRY","HR_YEAR","A","2017",609.910571,
"KOR","TEACHINGHR","PRY","HR_YEAR","A","2000",865,
"KOR","TEACHINGHR","PRY","HR_YEAR","A","2005",883,
"KOR","TEACHINGHR","PRY","HR_YEAR","A","2006",864,
"KOR","TEACHINGHR","PRY","HR_YEAR","A","2007",848,
"KOR","TEACHINGHR","PRY","HR_YEAR","A","2008",840.42987926,
"KOR","TEACHINGHR","PRY","HR_YEAR","A","2009",835.56,
"KOR","TEACHINGHR","PRY","HR_YEAR","A","2010",807.4,
"KOR","TEACHINGHR","PRY","HR_YEAR","A","2011",812.40709553,
"KOR","TEACHINGHR","PRY","HR_YEAR","A","2012",693.5,
"KOR","TEACHINGHR","PRY","HR_YEAR","A","2013",666.9,
"KOR","TEACHINGHR","PRY","HR_YEAR","A","2014",655.5,
"KOR","TEACHINGHR","PRY","HR_YEAR","A","2015",657.82616622,
"KOR","TEACHINGHR","PRY","HR_YEAR","A","2016",657.20642351,
"KOR","TEACHINGHR","PRY","HR_YEAR","A","2017",671.13440503,
"KOR","TEACHINGHR","UPPSRY","HR_YEAR","A","2000",529.65,
"KOR","TEACHINGHR","UPPSRY","HR_YEAR","A","2005",605,
"KOR","TEACHINGHR","UPPSRY","HR_YEAR","A","2006",596.3,
"KOR","TEACHINGHR","UPPSRY","HR_YEAR","A","2007",599.3,
"KOR","TEACHINGHR","UPPSRY","HR_YEAR","A","2008",603.66311399,
"KOR","TEACHINGHR","UPPSRY","HR_YEAR","A","2009",605,
"KOR","TEACHINGHR","UPPSRY","HR_YEAR","A","2010",616,
"KOR","TEACHINGHR","UPPSRY","HR_YEAR","A","2011",609.0956113,
"KOR","TEACHINGHR","UPPSRY","HR_YEAR","A","2012",549.1,
"KOR","TEACHINGHR","UPPSRY","HR_YEAR","A","2013",549.1,
"KOR","TEACHINGHR","UPPSRY","HR_YEAR","A","2014",549.67,
"KOR","TEACHINGHR","UPPSRY","HR_YEAR","A","2015",551.01278405,
"KOR","TEACHINGHR","UPPSRY","HR_YEAR","A","2016",551.87125342,
"KOR","TEACHINGHR","UPPSRY","HR_YEAR","A","2017",550.72526321,
"KOR","TEACHINGHR","LOWSRY","HR_YEAR","A","2000",570,
"KOR","TEACHINGHR","LOWSRY","HR_YEAR","A","2005",621,
"KOR","TEACHINGHR","LOWSRY","HR_YEAR","A","2006",588,
"KOR","TEACHINGHR","LOWSRY","HR_YEAR","A","2007",612,
"KOR","TEACHINGHR","LOWSRY","HR_YEAR","A","2008",616.45692664,
"KOR","TEACHINGHR","LOWSRY","HR_YEAR","A","2009",618.2,
"KOR","TEACHINGHR","LOWSRY","HR_YEAR","A","2010",627,
"KOR","TEACHINGHR","LOWSRY","HR_YEAR","A","2011",620.69220975,
"KOR","TEACHINGHR","LOWSRY","HR_YEAR","A","2012",568.1,
"KOR","TEACHINGHR","LOWSRY","HR_YEAR","A","2013",556.7,
"KOR","TEACHINGHR","LOWSRY","HR_YEAR","A","2014",548.34,
"KOR","TEACHINGHR","LOWSRY","HR_YEAR","A","2015",547.54006192,
"KOR","TEACHINGHR","LOWSRY","HR_YEAR","A","2016",540.45093661,
"KOR","TEACHINGHR","LOWSRY","HR_YEAR","A","2017",533.23146018,
"LUX","TEACHINGHR","PRY","HR_YEAR","A","2005",774.4,
"LUX","TEACHINGHR","PRY","HR_YEAR","A","2006",774.4,
"LUX","TEACHINGHR","PRY","HR_YEAR","A","2007",774.4,
"LUX","TEACHINGHR","PRY","HR_YEAR","A","2008",739.2,
"LUX","TEACHINGHR","PRY","HR_YEAR","A","2009",739.2,
"LUX","TEACHINGHR","PRY","HR_YEAR","A","2010",739.2,
"LUX","TEACHINGHR","PRY","HR_YEAR","A","2011",809.6,
"LUX","TEACHINGHR","PRY","HR_YEAR","A","2012",809.6,
"LUX","TEACHINGHR","PRY","HR_YEAR","A","2013",809.6,
"LUX","TEACHINGHR","PRY","HR_YEAR","A","2014",809.6,
"LUX","TEACHINGHR","PRY","HR_YEAR","A","2015",809.6,
"LUX","TEACHINGHR","UPPSRY","HR_YEAR","A","2005",642.4,
"LUX","TEACHINGHR","UPPSRY","HR_YEAR","A","2006",642.4,
"LUX","TEACHINGHR","UPPSRY","HR_YEAR","A","2007",642.4,
"LUX","TEACHINGHR","UPPSRY","HR_YEAR","A","2008",633.6,
"LUX","TEACHINGHR","UPPSRY","HR_YEAR","A","2009",633.6,
"LUX","TEACHINGHR","UPPSRY","HR_YEAR","A","2010",633.6,
"LUX","TEACHINGHR","UPPSRY","HR_YEAR","A","2011",739.2,
"LUX","TEACHINGHR","UPPSRY","HR_YEAR","A","2012",739.2,
"LUX","TEACHINGHR","UPPSRY","HR_YEAR","A","2013",739.2,
"LUX","TEACHINGHR","UPPSRY","HR_YEAR","A","2014",739.2,
"LUX","TEACHINGHR","UPPSRY","HR_YEAR","A","2015",739.2,
"LUX","TEACHINGHR","LOWSRY","HR_YEAR","A","2005",642.4,
"LUX","TEACHINGHR","LOWSRY","HR_YEAR","A","2006",642.4,
"LUX","TEACHINGHR","LOWSRY","HR_YEAR","A","2007",642.4,
"LUX","TEACHINGHR","LOWSRY","HR_YEAR","A","2008",633.6,
"LUX","TEACHINGHR","LOWSRY","HR_YEAR","A","2009",633.6,
"LUX","TEACHINGHR","LOWSRY","HR_YEAR","A","2010",633.6,
"LUX","TEACHINGHR","LOWSRY","HR_YEAR","A","2011",739.2,
"LUX","TEACHINGHR","LOWSRY","HR_YEAR","A","2012",739.2,
"LUX","TEACHINGHR","LOWSRY","HR_YEAR","A","2013",739.2,
"LUX","TEACHINGHR","LOWSRY","HR_YEAR","A","2014",739.2,
"LUX","TEACHINGHR","LOWSRY","HR_YEAR","A","2015",739.2,
"MEX","TEACHINGHR","PRY","HR_YEAR","A","2000",800,
"MEX","TEACHINGHR","PRY","HR_YEAR","A","2005",800,
"MEX","TEACHINGHR","PRY","HR_YEAR","A","2006",800,
"MEX","TEACHINGHR","PRY","HR_YEAR","A","2007",800,
"MEX","TEACHINGHR","PRY","HR_YEAR","A","2008",800,
"MEX","TEACHINGHR","PRY","HR_YEAR","A","2009",800,
"MEX","TEACHINGHR","PRY","HR_YEAR","A","2010",800,
"MEX","TEACHINGHR","PRY","HR_YEAR","A","2011",800,
"MEX","TEACHINGHR","PRY","HR_YEAR","A","2012",800,
"MEX","TEACHINGHR","PRY","HR_YEAR","A","2013",800,
"MEX","TEACHINGHR","PRY","HR_YEAR","A","2014",800,
"MEX","TEACHINGHR","PRY","HR_YEAR","A","2015",800,
"MEX","TEACHINGHR","PRY","HR_YEAR","A","2016",800,
"MEX","TEACHINGHR","PRY","HR_YEAR","A","2017",800,
"MEX","TEACHINGHR","UPPSRY","HR_YEAR","A","2005",847.7,
"MEX","TEACHINGHR","UPPSRY","HR_YEAR","A","2006",842.8,
"MEX","TEACHINGHR","UPPSRY","HR_YEAR","A","2007",842.8,
"MEX","TEACHINGHR","UPPSRY","HR_YEAR","A","2008",847.7,
"MEX","TEACHINGHR","UPPSRY","HR_YEAR","A","2009",842.8,
"MEX","TEACHINGHR","UPPSRY","HR_YEAR","A","2010",842.8,
"MEX","TEACHINGHR","UPPSRY","HR_YEAR","A","2011",847.7,
"MEX","TEACHINGHR","UPPSRY","HR_YEAR","A","2012",837.9,
"MEX","TEACHINGHR","UPPSRY","HR_YEAR","A","2013",837.9,
"MEX","TEACHINGHR","UPPSRY","HR_YEAR","A","2014",847.7,
"MEX","TEACHINGHR","UPPSRY","HR_YEAR","A","2015",847.7,
"MEX","TEACHINGHR","UPPSRY","HR_YEAR","A","2016",857.5,
"MEX","TEACHINGHR","UPPSRY","HR_YEAR","A","2017",837.9,
"MEX","TEACHINGHR","LOWSRY","HR_YEAR","A","2000",1182,
"MEX","TEACHINGHR","LOWSRY","HR_YEAR","A","2005",1046.6666667,
"MEX","TEACHINGHR","LOWSRY","HR_YEAR","A","2006",1046.6666667,
"MEX","TEACHINGHR","LOWSRY","HR_YEAR","A","2007",1046.6666667,
"MEX","TEACHINGHR","LOWSRY","HR_YEAR","A","2008",1046.6666667,
"MEX","TEACHINGHR","LOWSRY","HR_YEAR","A","2009",1046.6666667,
"MEX","TEACHINGHR","LOWSRY","HR_YEAR","A","2010",1046.6666667,
"MEX","TEACHINGHR","LOWSRY","HR_YEAR","A","2011",1046.6666667,
"MEX","TEACHINGHR","LOWSRY","HR_YEAR","A","2012",1046.6666667,
"MEX","TEACHINGHR","LOWSRY","HR_YEAR","A","2013",1046.6666667,
"MEX","TEACHINGHR","LOWSRY","HR_YEAR","A","2014",1046.6666667,
"MEX","TEACHINGHR","LOWSRY","HR_YEAR","A","2015",1046.6666667,
"MEX","TEACHINGHR","LOWSRY","HR_YEAR","A","2016",1046.6666667,
"MEX","TEACHINGHR","LOWSRY","HR_YEAR","A","2017",1046.6666667,
"NLD","TEACHINGHR","PRY","HR_YEAR","A","2000",930,
"NLD","TEACHINGHR","PRY","HR_YEAR","A","2005",930.15,
"NLD","TEACHINGHR","PRY","HR_YEAR","A","2006",930.15,
"NLD","TEACHINGHR","PRY","HR_YEAR","A","2007",930.15,
"NLD","TEACHINGHR","PRY","HR_YEAR","A","2008",930.15,
"NLD","TEACHINGHR","PRY","HR_YEAR","A","2009",930,
"NLD","TEACHINGHR","PRY","HR_YEAR","A","2010",930,
"NLD","TEACHINGHR","PRY","HR_YEAR","A","2011",930,
"NLD","TEACHINGHR","PRY","HR_YEAR","A","2012",930,
"NLD","TEACHINGHR","PRY","HR_YEAR","A","2013",930,
"NLD","TEACHINGHR","PRY","HR_YEAR","A","2014",930,
"NLD","TEACHINGHR","PRY","HR_YEAR","A","2015",930,
"NLD","TEACHINGHR","PRY","HR_YEAR","A","2016",930,
"NLD","TEACHINGHR","PRY","HR_YEAR","A","2017",930,
"NLD","TEACHINGHR","UPPSRY","HR_YEAR","A","2000",867,
"NLD","TEACHINGHR","UPPSRY","HR_YEAR","A","2005",750,
"NLD","TEACHINGHR","UPPSRY","HR_YEAR","A","2006",750,
"NLD","TEACHINGHR","UPPSRY","HR_YEAR","A","2007",750,
"NLD","TEACHINGHR","UPPSRY","HR_YEAR","A","2008",750,
"NLD","TEACHINGHR","UPPSRY","HR_YEAR","A","2009",750,
"NLD","TEACHINGHR","UPPSRY","HR_YEAR","A","2010",750,
"NLD","TEACHINGHR","UPPSRY","HR_YEAR","A","2011",750,
"NLD","TEACHINGHR","UPPSRY","HR_YEAR","A","2012",750,
"NLD","TEACHINGHR","UPPSRY","HR_YEAR","A","2013",750,
"NLD","TEACHINGHR","UPPSRY","HR_YEAR","A","2014",750,
"NLD","TEACHINGHR","UPPSRY","HR_YEAR","A","2015",750,
"NLD","TEACHINGHR","UPPSRY","HR_YEAR","A","2016",750,
"NLD","TEACHINGHR","UPPSRY","HR_YEAR","A","2017",750,
"NLD","TEACHINGHR","LOWSRY","HR_YEAR","A","2000",867,
"NLD","TEACHINGHR","LOWSRY","HR_YEAR","A","2005",750,
"NLD","TEACHINGHR","LOWSRY","HR_YEAR","A","2006",750,
"NLD","TEACHINGHR","LOWSRY","HR_YEAR","A","2007",750,
"NLD","TEACHINGHR","LOWSRY","HR_YEAR","A","2008",750,
"NLD","TEACHINGHR","LOWSRY","HR_YEAR","A","2009",750,
"NLD","TEACHINGHR","LOWSRY","HR_YEAR","A","2010",750,
"NLD","TEACHINGHR","LOWSRY","HR_YEAR","A","2011",750,
"NLD","TEACHINGHR","LOWSRY","HR_YEAR","A","2012",750,
"NLD","TEACHINGHR","LOWSRY","HR_YEAR","A","2013",750,
"NLD","TEACHINGHR","LOWSRY","HR_YEAR","A","2014",750,
"NLD","TEACHINGHR","LOWSRY","HR_YEAR","A","2015",750,
"NLD","TEACHINGHR","LOWSRY","HR_YEAR","A","2016",750,
"NLD","TEACHINGHR","LOWSRY","HR_YEAR","A","2017",750,
"NZL","TEACHINGHR","PRY","HR_YEAR","A","2013",921.6,
"NZL","TEACHINGHR","PRY","HR_YEAR","A","2014",921.6,
"NZL","TEACHINGHR","PRY","HR_YEAR","A","2015",921.6,
"NZL","TEACHINGHR","PRY","HR_YEAR","A","2016",921.6,
"NZL","TEACHINGHR","PRY","HR_YEAR","A","2017",921.6,
"NZL","TEACHINGHR","UPPSRY","HR_YEAR","A","2013",760,
"NZL","TEACHINGHR","UPPSRY","HR_YEAR","A","2014",760,
"NZL","TEACHINGHR","UPPSRY","HR_YEAR","A","2015",760,
"NZL","TEACHINGHR","UPPSRY","HR_YEAR","A","2016",760,
"NZL","TEACHINGHR","UPPSRY","HR_YEAR","A","2017",760,
"NZL","TEACHINGHR","LOWSRY","HR_YEAR","A","2013",840.8,
"NZL","TEACHINGHR","LOWSRY","HR_YEAR","A","2014",840.4,
"NZL","TEACHINGHR","LOWSRY","HR_YEAR","A","2015",840.4,
"NZL","TEACHINGHR","LOWSRY","HR_YEAR","A","2016",840.4,
"NZL","TEACHINGHR","LOWSRY","HR_YEAR","A","2017",840.4,
"NOR","TEACHINGHR","PRY","HR_YEAR","A","2000",712.5,
"NOR","TEACHINGHR","PRY","HR_YEAR","A","2005",741,
"NOR","TEACHINGHR","PRY","HR_YEAR","A","2006",741,
"NOR","TEACHINGHR","PRY","HR_YEAR","A","2007",741,
"NOR","TEACHINGHR","PRY","HR_YEAR","A","2008",741,
"NOR","TEACHINGHR","PRY","HR_YEAR","A","2009",741,
"NOR","TEACHINGHR","PRY","HR_YEAR","A","2010",741,
"NOR","TEACHINGHR","PRY","HR_YEAR","A","2011",741,
"NOR","TEACHINGHR","PRY","HR_YEAR","A","2012",741,
"NOR","TEACHINGHR","PRY","HR_YEAR","A","2013",741,
"NOR","TEACHINGHR","PRY","HR_YEAR","A","2014",741,
"NOR","TEACHINGHR","PRY","HR_YEAR","A","2015",741,
"NOR","TEACHINGHR","PRY","HR_YEAR","A","2016",741,
"NOR","TEACHINGHR","PRY","HR_YEAR","A","2017",741,
"NOR","TEACHINGHR","UPPSRY","HR_YEAR","A","2000",505,
"NOR","TEACHINGHR","UPPSRY","HR_YEAR","A","2005",523.6,
"NOR","TEACHINGHR","UPPSRY","HR_YEAR","A","2006",522.5,
"NOR","TEACHINGHR","UPPSRY","HR_YEAR","A","2007",522.5,
"NOR","TEACHINGHR","UPPSRY","HR_YEAR","A","2008",522.5,
"NOR","TEACHINGHR","UPPSRY","HR_YEAR","A","2009",522.5,
"NOR","TEACHINGHR","UPPSRY","HR_YEAR","A","2010",522.5,
"NOR","TEACHINGHR","UPPSRY","HR_YEAR","A","2011",522.5,
"NOR","TEACHINGHR","UPPSRY","HR_YEAR","A","2012",522.5,
"NOR","TEACHINGHR","UPPSRY","HR_YEAR","A","2013",522.5,
"NOR","TEACHINGHR","UPPSRY","HR_YEAR","A","2014",522.5,
"NOR","TEACHINGHR","UPPSRY","HR_YEAR","A","2015",522.5,
"NOR","TEACHINGHR","UPPSRY","HR_YEAR","A","2016",522.5,
"NOR","TEACHINGHR","UPPSRY","HR_YEAR","A","2017",522.5,
"NOR","TEACHINGHR","LOWSRY","HR_YEAR","A","2000",633.08,
"NOR","TEACHINGHR","LOWSRY","HR_YEAR","A","2005",655.5,
"NOR","TEACHINGHR","LOWSRY","HR_YEAR","A","2006",653.6,
"NOR","TEACHINGHR","LOWSRY","HR_YEAR","A","2007",653.6,
"NOR","TEACHINGHR","LOWSRY","HR_YEAR","A","2008",653.6,
"NOR","TEACHINGHR","LOWSRY","HR_YEAR","A","2009",653.6,
"NOR","TEACHINGHR","LOWSRY","HR_YEAR","A","2010",653.6,
"NOR","TEACHINGHR","LOWSRY","HR_YEAR","A","2011",663.1,
"NOR","TEACHINGHR","LOWSRY","HR_YEAR","A","2012",663.1,
"NOR","TEACHINGHR","LOWSRY","HR_YEAR","A","2013",663.1,
"NOR","TEACHINGHR","LOWSRY","HR_YEAR","A","2014",663.1,
"NOR","TEACHINGHR","LOWSRY","HR_YEAR","A","2015",663.1,
"NOR","TEACHINGHR","LOWSRY","HR_YEAR","A","2016",663.1,
"NOR","TEACHINGHR","LOWSRY","HR_YEAR","A","2017",663.1,
"POL","TEACHINGHR","PRY","HR_YEAR","A","2008",570,
"POL","TEACHINGHR","PRY","HR_YEAR","A","2009",570,
"POL","TEACHINGHR","PRY","HR_YEAR","A","2010",586,
"POL","TEACHINGHR","PRY","HR_YEAR","A","2011",564,
"POL","TEACHINGHR","PRY","HR_YEAR","A","2012",580,
"POL","TEACHINGHR","PRY","HR_YEAR","A","2013",580,
"POL","TEACHINGHR","PRY","HR_YEAR","A","2014",570.15,
"POL","TEACHINGHR","PRY","HR_YEAR","A","2015",573.3,
"POL","TEACHINGHR","PRY","HR_YEAR","A","2016",567,
"POL","TEACHINGHR","PRY","HR_YEAR","A","2017",563.85,
"POL","TEACHINGHR","UPPSRY","HR_YEAR","A","2008",486,
"POL","TEACHINGHR","UPPSRY","HR_YEAR","A","2009",486,
"POL","TEACHINGHR","UPPSRY","HR_YEAR","A","2010",494,
"POL","TEACHINGHR","UPPSRY","HR_YEAR","A","2011",472.5,
"POL","TEACHINGHR","UPPSRY","HR_YEAR","A","2012",486,
"POL","TEACHINGHR","UPPSRY","HR_YEAR","A","2013",483,
"POL","TEACHINGHR","UPPSRY","HR_YEAR","A","2014",477.9,
"POL","TEACHINGHR","UPPSRY","HR_YEAR","A","2015",480.6,
"POL","TEACHINGHR","UPPSRY","HR_YEAR","A","2016",475.2,
"POL","TEACHINGHR","UPPSRY","HR_YEAR","A","2017",472.5,
"POL","TEACHINGHR","LOWSRY","HR_YEAR","A","2008",486,
"POL","TEACHINGHR","LOWSRY","HR_YEAR","A","2009",483,
"POL","TEACHINGHR","LOWSRY","HR_YEAR","A","2010",497,
"POL","TEACHINGHR","LOWSRY","HR_YEAR","A","2011",477.9,
"POL","TEACHINGHR","LOWSRY","HR_YEAR","A","2012",491,
"POL","TEACHINGHR","LOWSRY","HR_YEAR","A","2013",491,
"POL","TEACHINGHR","LOWSRY","HR_YEAR","A","2014",483.3,
"POL","TEACHINGHR","LOWSRY","HR_YEAR","A","2015",486,
"POL","TEACHINGHR","LOWSRY","HR_YEAR","A","2016",480.6,
"POL","TEACHINGHR","LOWSRY","HR_YEAR","A","2017",477.9,
"PRT","TEACHINGHR","PRY","HR_YEAR","A","2000",778.5,
"PRT","TEACHINGHR","PRY","HR_YEAR","A","2005",765,
"PRT","TEACHINGHR","PRY","HR_YEAR","A","2006",774,
"PRT","TEACHINGHR","PRY","HR_YEAR","A","2007",769.5,
"PRT","TEACHINGHR","PRY","HR_YEAR","A","2008",769.5,
"PRT","TEACHINGHR","PRY","HR_YEAR","A","2009",787.5,
"PRT","TEACHINGHR","PRY","HR_YEAR","A","2010",778.5,
"PRT","TEACHINGHR","PRY","HR_YEAR","A","2011",792,
"PRT","TEACHINGHR","PRY","HR_YEAR","A","2012",756,
"PRT","TEACHINGHR","PRY","HR_YEAR","A","2013",747,
"PRT","TEACHINGHR","PRY","HR_YEAR","A","2014",742.5,
"PRT","TEACHINGHR","PRY","HR_YEAR","A","2015",742.5,
"PRT","TEACHINGHR","PRY","HR_YEAR","A","2016",742.5,
"PRT","TEACHINGHR","PRY","HR_YEAR","A","2017",778.5,
"PRT","TEACHINGHR","UPPSRY","HR_YEAR","A","2000",576.66666667,
"PRT","TEACHINGHR","UPPSRY","HR_YEAR","A","2005",566.66666667,
"PRT","TEACHINGHR","UPPSRY","HR_YEAR","A","2006",573.33333333,
"PRT","TEACHINGHR","UPPSRY","HR_YEAR","A","2007",627,
"PRT","TEACHINGHR","UPPSRY","HR_YEAR","A","2008",627,
"PRT","TEACHINGHR","UPPSRY","HR_YEAR","A","2009",641.66666667,
"PRT","TEACHINGHR","UPPSRY","HR_YEAR","A","2010",634.33333333,
"PRT","TEACHINGHR","UPPSRY","HR_YEAR","A","2011",645.33333333,
"PRT","TEACHINGHR","UPPSRY","HR_YEAR","A","2012",616,
"PRT","TEACHINGHR","UPPSRY","HR_YEAR","A","2013",608.66666667,
"PRT","TEACHINGHR","UPPSRY","HR_YEAR","A","2014",605,
"PRT","TEACHINGHR","UPPSRY","HR_YEAR","A","2015",605,
"PRT","TEACHINGHR","UPPSRY","HR_YEAR","A","2016",605.00000006,
"PRT","TEACHINGHR","UPPSRY","HR_YEAR","A","2017",616,
"PRT","TEACHINGHR","LOWSRY","HR_YEAR","A","2000",634.33333333,
"PRT","TEACHINGHR","LOWSRY","HR_YEAR","A","2005",623.33333333,
"PRT","TEACHINGHR","LOWSRY","HR_YEAR","A","2006",630.66666667,
"PRT","TEACHINGHR","LOWSRY","HR_YEAR","A","2007",627,
"PRT","TEACHINGHR","LOWSRY","HR_YEAR","A","2008",627,
"PRT","TEACHINGHR","LOWSRY","HR_YEAR","A","2009",641.66666667,
"PRT","TEACHINGHR","LOWSRY","HR_YEAR","A","2010",634.33333333,
"PRT","TEACHINGHR","LOWSRY","HR_YEAR","A","2011",645.33333333,
"PRT","TEACHINGHR","LOWSRY","HR_YEAR","A","2012",616,
"PRT","TEACHINGHR","LOWSRY","HR_YEAR","A","2013",608.66666667,
"PRT","TEACHINGHR","LOWSRY","HR_YEAR","A","2014",605,
"PRT","TEACHINGHR","LOWSRY","HR_YEAR","A","2015",605,
"PRT","TEACHINGHR","LOWSRY","HR_YEAR","A","2016",605.00000006,
"PRT","TEACHINGHR","LOWSRY","HR_YEAR","A","2017",616,
"SVK","TEACHINGHR","PRY","HR_YEAR","A","2009",832.15,
"SVK","TEACHINGHR","PRY","HR_YEAR","A","2010",841.05,
"SVK","TEACHINGHR","PRY","HR_YEAR","A","2011",845.5,
"SVK","TEACHINGHR","PRY","HR_YEAR","A","2012",818.8,
"SVK","TEACHINGHR","PRY","HR_YEAR","A","2013",832.15,
"SVK","TEACHINGHR","PRY","HR_YEAR","A","2014",827.7,
"SVK","TEACHINGHR","PRY","HR_YEAR","A","2015",832.15,
"SVK","TEACHINGHR","PRY","HR_YEAR","A","2016",802.2,
"SVK","TEACHINGHR","PRY","HR_YEAR","A","2017",793.8,
"SVK","TEACHINGHR","UPPSRY","HR_YEAR","A","2009",617.1,
"SVK","TEACHINGHR","UPPSRY","HR_YEAR","A","2010",623.7,
"SVK","TEACHINGHR","UPPSRY","HR_YEAR","A","2011",627,
"SVK","TEACHINGHR","UPPSRY","HR_YEAR","A","2012",607.2,
"SVK","TEACHINGHR","UPPSRY","HR_YEAR","A","2013",617.1,
"SVK","TEACHINGHR","UPPSRY","HR_YEAR","A","2014",613.8,
"SVK","TEACHINGHR","UPPSRY","HR_YEAR","A","2015",617.1,
"SVK","TEACHINGHR","UPPSRY","HR_YEAR","A","2016",573,
"SVK","TEACHINGHR","UPPSRY","HR_YEAR","A","2017",567,
"SVK","TEACHINGHR","LOWSRY","HR_YEAR","A","2009",645.15,
"SVK","TEACHINGHR","LOWSRY","HR_YEAR","A","2010",652.05,
"SVK","TEACHINGHR","LOWSRY","HR_YEAR","A","2011",655.5,
"SVK","TEACHINGHR","LOWSRY","HR_YEAR","A","2012",634.8,
"SVK","TEACHINGHR","LOWSRY","HR_YEAR","A","2013",645.15,
"SVK","TEACHINGHR","LOWSRY","HR_YEAR","A","2014",641.7,
"SVK","TEACHINGHR","LOWSRY","HR_YEAR","A","2015",645.15,
"SVK","TEACHINGHR","LOWSRY","HR_YEAR","A","2016",658.95,
"SVK","TEACHINGHR","LOWSRY","HR_YEAR","A","2017",652.05,
"ESP","TEACHINGHR","PRY","HR_YEAR","A","2000",880,
"ESP","TEACHINGHR","PRY","HR_YEAR","A","2005",880,
"ESP","TEACHINGHR","PRY","HR_YEAR","A","2006",880,
"ESP","TEACHINGHR","PRY","HR_YEAR","A","2007",880,
"ESP","TEACHINGHR","PRY","HR_YEAR","A","2008",880,
"ESP","TEACHINGHR","PRY","HR_YEAR","A","2009",880,
"ESP","TEACHINGHR","PRY","HR_YEAR","A","2010",880,
"ESP","TEACHINGHR","PRY","HR_YEAR","A","2011",880,
"ESP","TEACHINGHR","PRY","HR_YEAR","A","2012",880,
"ESP","TEACHINGHR","PRY","HR_YEAR","A","2013",880,
"ESP","TEACHINGHR","PRY","HR_YEAR","A","2014",880,
"ESP","TEACHINGHR","PRY","HR_YEAR","A","2015",880,
"ESP","TEACHINGHR","PRY","HR_YEAR","A","2016",880,
"ESP","TEACHINGHR","PRY","HR_YEAR","A","2017",880,
"ESP","TEACHINGHR","UPPSRY","HR_YEAR","A","2000",693,
"ESP","TEACHINGHR","UPPSRY","HR_YEAR","A","2005",692.55,
"ESP","TEACHINGHR","UPPSRY","HR_YEAR","A","2006",692.55,
"ESP","TEACHINGHR","UPPSRY","HR_YEAR","A","2007",692.55,
"ESP","TEACHINGHR","UPPSRY","HR_YEAR","A","2008",692.55,
"ESP","TEACHINGHR","UPPSRY","HR_YEAR","A","2009",692.55,
"ESP","TEACHINGHR","UPPSRY","HR_YEAR","A","2010",692.55,
"ESP","TEACHINGHR","UPPSRY","HR_YEAR","A","2011",692.55,
"ESP","TEACHINGHR","UPPSRY","HR_YEAR","A","2012",692.55,
"ESP","TEACHINGHR","UPPSRY","HR_YEAR","A","2013",692.55,
"ESP","TEACHINGHR","UPPSRY","HR_YEAR","A","2014",692.55,
"ESP","TEACHINGHR","UPPSRY","HR_YEAR","A","2015",692.55,
"ESP","TEACHINGHR","UPPSRY","HR_YEAR","A","2016",692.55,
"ESP","TEACHINGHR","UPPSRY","HR_YEAR","A","2017",692.55,
"ESP","TEACHINGHR","LOWSRY","HR_YEAR","A","2000",713,
"ESP","TEACHINGHR","LOWSRY","HR_YEAR","A","2005",712.8,
"ESP","TEACHINGHR","LOWSRY","HR_YEAR","A","2006",712.8,
"ESP","TEACHINGHR","LOWSRY","HR_YEAR","A","2007",712.8,
"ESP","TEACHINGHR","LOWSRY","HR_YEAR","A","2008",712.8,
"ESP","TEACHINGHR","LOWSRY","HR_YEAR","A","2009",712.8,
"ESP","TEACHINGHR","LOWSRY","HR_YEAR","A","2010",712.8,
"ESP","TEACHINGHR","LOWSRY","HR_YEAR","A","2011",712.8,
"ESP","TEACHINGHR","LOWSRY","HR_YEAR","A","2012",712.8,
"ESP","TEACHINGHR","LOWSRY","HR_YEAR","A","2013",712.8,
"ESP","TEACHINGHR","LOWSRY","HR_YEAR","A","2014",712.8,
"ESP","TEACHINGHR","LOWSRY","HR_YEAR","A","2015",712.8,
"ESP","TEACHINGHR","LOWSRY","HR_YEAR","A","2016",712.8,
"ESP","TEACHINGHR","LOWSRY","HR_YEAR","A","2017",712.8,
"CHE","TEACHINGHR","PRY","HR_YEAR","A","2000",884,
"CHE","TEACHINGHR","PRY","HR_YEAR","A","2011",811,
"CHE","TEACHINGHR","PRY","HR_YEAR","A","2012",810,
"CHE","TEACHINGHR","PRY","HR_YEAR","A","2013",809,
"CHE","TEACHINGHR","PRY","HR_YEAR","A","2014",806,
"CHE","TEACHINGHR","PRY","HR_YEAR","A","2015",810,
"CHE","TEACHINGHR","PRY","HR_YEAR","A","2016",817,
"CHE","TEACHINGHR","PRY","HR_YEAR","A","2017",817,
"CHE","TEACHINGHR","UPPSRY","HR_YEAR","A","2000",674,
"CHE","TEACHINGHR","UPPSRY","HR_YEAR","A","2011",656,
"CHE","TEACHINGHR","UPPSRY","HR_YEAR","A","2012",659,
"CHE","TEACHINGHR","UPPSRY","HR_YEAR","A","2013",652,
"CHE","TEACHINGHR","UPPSRY","HR_YEAR","A","2014",655,
"CHE","TEACHINGHR","UPPSRY","HR_YEAR","A","2015",656,
"CHE","TEACHINGHR","UPPSRY","HR_YEAR","A","2016",646,
"CHE","TEACHINGHR","UPPSRY","HR_YEAR","A","2017",646,
"CHE","TEACHINGHR","LOWSRY","HR_YEAR","A","2011",766,
"CHE","TEACHINGHR","LOWSRY","HR_YEAR","A","2012",762,
"CHE","TEACHINGHR","LOWSRY","HR_YEAR","A","2013",762,
"CHE","TEACHINGHR","LOWSRY","HR_YEAR","A","2014",764,
"CHE","TEACHINGHR","LOWSRY","HR_YEAR","A","2015",765,
"CHE","TEACHINGHR","LOWSRY","HR_YEAR","A","2016",760,
"CHE","TEACHINGHR","LOWSRY","HR_YEAR","A","2017",760,
"TUR","TEACHINGHR","PRY","HR_YEAR","A","2000",720,
"TUR","TEACHINGHR","PRY","HR_YEAR","A","2005",720,
"TUR","TEACHINGHR","PRY","HR_YEAR","A","2006",720,
"TUR","TEACHINGHR","PRY","HR_YEAR","A","2007",720,
"TUR","TEACHINGHR","PRY","HR_YEAR","A","2008",720,
"TUR","TEACHINGHR","PRY","HR_YEAR","A","2009",720,
"TUR","TEACHINGHR","PRY","HR_YEAR","A","2010",720,
"TUR","TEACHINGHR","PRY","HR_YEAR","A","2011",720,
"TUR","TEACHINGHR","PRY","HR_YEAR","A","2012",720,
"TUR","TEACHINGHR","PRY","HR_YEAR","A","2013",720,
"TUR","TEACHINGHR","PRY","HR_YEAR","A","2014",720,
"TUR","TEACHINGHR","PRY","HR_YEAR","A","2015",720,
"TUR","TEACHINGHR","PRY","HR_YEAR","A","2016",720,
"TUR","TEACHINGHR","PRY","HR_YEAR","A","2017",720,
"TUR","TEACHINGHR","UPPSRY","HR_YEAR","A","2000",567,
"TUR","TEACHINGHR","UPPSRY","HR_YEAR","A","2005",567,
"TUR","TEACHINGHR","UPPSRY","HR_YEAR","A","2006",567,
"TUR","TEACHINGHR","UPPSRY","HR_YEAR","A","2007",567,
"TUR","TEACHINGHR","UPPSRY","HR_YEAR","A","2008",567,
"TUR","TEACHINGHR","UPPSRY","HR_YEAR","A","2009",567,
"TUR","TEACHINGHR","UPPSRY","HR_YEAR","A","2010",567,
"TUR","TEACHINGHR","UPPSRY","HR_YEAR","A","2011",567,
"TUR","TEACHINGHR","UPPSRY","HR_YEAR","A","2012",567,
"TUR","TEACHINGHR","UPPSRY","HR_YEAR","A","2013",504,
"TUR","TEACHINGHR","UPPSRY","HR_YEAR","A","2014",504,
"TUR","TEACHINGHR","UPPSRY","HR_YEAR","A","2015",504,
"TUR","TEACHINGHR","UPPSRY","HR_YEAR","A","2016",504,
"TUR","TEACHINGHR","UPPSRY","HR_YEAR","A","2017",504,
"TUR","TEACHINGHR","LOWSRY","HR_YEAR","A","2000",504,
"TUR","TEACHINGHR","LOWSRY","HR_YEAR","A","2005",504,
"TUR","TEACHINGHR","LOWSRY","HR_YEAR","A","2006",504,
"TUR","TEACHINGHR","LOWSRY","HR_YEAR","A","2007",504,
"TUR","TEACHINGHR","LOWSRY","HR_YEAR","A","2008",504,
"TUR","TEACHINGHR","LOWSRY","HR_YEAR","A","2009",504,
"TUR","TEACHINGHR","LOWSRY","HR_YEAR","A","2010",504,
"TUR","TEACHINGHR","LOWSRY","HR_YEAR","A","2011",504,
"TUR","TEACHINGHR","LOWSRY","HR_YEAR","A","2012",504,
"TUR","TEACHINGHR","LOWSRY","HR_YEAR","A","2013",504,
"TUR","TEACHINGHR","LOWSRY","HR_YEAR","A","2014",504,
"TUR","TEACHINGHR","LOWSRY","HR_YEAR","A","2015",504,
"TUR","TEACHINGHR","LOWSRY","HR_YEAR","A","2016",504,
"TUR","TEACHINGHR","LOWSRY","HR_YEAR","A","2017",504,
"USA","TEACHINGHR","PRY","HR_YEAR","A","2015",1004.3748,
"USA","TEACHINGHR","PRY","HR_YEAR","A","2016",1004.3748,
"USA","TEACHINGHR","UPPSRY","HR_YEAR","A","2015",965.67012,
"USA","TEACHINGHR","UPPSRY","HR_YEAR","A","2016",965.67012,
"USA","TEACHINGHR","LOWSRY","HR_YEAR","A","2013",981.0206148,
"USA","TEACHINGHR","LOWSRY","HR_YEAR","A","2015",966.36312,
"USA","TEACHINGHR","LOWSRY","HR_YEAR","A","2016",966.36312,
"CHL","TEACHINGHR","PRY","HR_YEAR","A","2005",1127.6856075,
"CHL","TEACHINGHR","PRY","HR_YEAR","A","2006",1100.9854351,
"CHL","TEACHINGHR","PRY","HR_YEAR","A","2007",1086.8470588,
"CHL","TEACHINGHR","PRY","HR_YEAR","A","2008",1101.2235646,
"CHL","TEACHINGHR","PRY","HR_YEAR","A","2009",1108.7978346,
"CHL","TEACHINGHR","PRY","HR_YEAR","A","2010",1104.7932526,
"CHL","TEACHINGHR","PRY","HR_YEAR","A","2011",1119.9821806,
"CHL","TEACHINGHR","PRY","HR_YEAR","A","2012",1103.3428292,
"CHL","TEACHINGHR","PRY","HR_YEAR","A","2013",1128.5561783,
"CHL","TEACHINGHR","PRY","HR_YEAR","A","2014",1145.8134371,
"CHL","TEACHINGHR","PRY","HR_YEAR","A","2015",1157.36,
"CHL","TEACHINGHR","PRY","HR_YEAR","A","2016",1158.4305393,
"CHL","TEACHINGHR","PRY","HR_YEAR","A","2017",1063.5552077,
"CHL","TEACHINGHR","UPPSRY","HR_YEAR","A","2005",1127.6856075,
"CHL","TEACHINGHR","UPPSRY","HR_YEAR","A","2006",1100.9854351,
"CHL","TEACHINGHR","UPPSRY","HR_YEAR","A","2007",1086.8470588,
"CHL","TEACHINGHR","UPPSRY","HR_YEAR","A","2008",1101.2235646,
"CHL","TEACHINGHR","UPPSRY","HR_YEAR","A","2009",1108.7978346,
"CHL","TEACHINGHR","UPPSRY","HR_YEAR","A","2010",1104.7932526,
"CHL","TEACHINGHR","UPPSRY","HR_YEAR","A","2011",1119.9821806,
"CHL","TEACHINGHR","UPPSRY","HR_YEAR","A","2012",1103.3428292,
"CHL","TEACHINGHR","UPPSRY","HR_YEAR","A","2013",1128.5561783,
"CHL","TEACHINGHR","UPPSRY","HR_YEAR","A","2014",1145.8134371,
"CHL","TEACHINGHR","UPPSRY","HR_YEAR","A","2015",1157.36,
"CHL","TEACHINGHR","UPPSRY","HR_YEAR","A","2016",1158.4305393,
"CHL","TEACHINGHR","UPPSRY","HR_YEAR","A","2017",1063.5552077,
"CHL","TEACHINGHR","LOWSRY","HR_YEAR","A","2005",1127.6856075,
"CHL","TEACHINGHR","LOWSRY","HR_YEAR","A","2006",1100.9854351,
"CHL","TEACHINGHR","LOWSRY","HR_YEAR","A","2007",1086.8470588,
"CHL","TEACHINGHR","LOWSRY","HR_YEAR","A","2008",1101.2235646,
"CHL","TEACHINGHR","LOWSRY","HR_YEAR","A","2009",1108.7978346,
"CHL","TEACHINGHR","LOWSRY","HR_YEAR","A","2010",1104.7932526,
"CHL","TEACHINGHR","LOWSRY","HR_YEAR","A","2011",1119.9821806,
"CHL","TEACHINGHR","LOWSRY","HR_YEAR","A","2012",1103.3428292,
"CHL","TEACHINGHR","LOWSRY","HR_YEAR","A","2013",1128.5561783,
"CHL","TEACHINGHR","LOWSRY","HR_YEAR","A","2014",1145.8134371,
"CHL","TEACHINGHR","LOWSRY","HR_YEAR","A","2015",1157.36,
"CHL","TEACHINGHR","LOWSRY","HR_YEAR","A","2016",1158.4305393,
"CHL","TEACHINGHR","LOWSRY","HR_YEAR","A","2017",1063.5552077,
"EST","TEACHINGHR","PRY","HR_YEAR","A","2000",630,
"EST","TEACHINGHR","PRY","HR_YEAR","A","2005",630,
"EST","TEACHINGHR","PRY","HR_YEAR","A","2006",630,
"EST","TEACHINGHR","PRY","HR_YEAR","A","2007",630,
"EST","TEACHINGHR","PRY","HR_YEAR","A","2008",630,
"EST","TEACHINGHR","PRY","HR_YEAR","A","2009",630,
"EST","TEACHINGHR","PRY","HR_YEAR","A","2010",630,
"EST","TEACHINGHR","PRY","HR_YEAR","A","2011",619.2,
"EST","TEACHINGHR","PRY","HR_YEAR","A","2012",619.2,
"EST","TEACHINGHR","PRY","HR_YEAR","A","2013",619.2,
"EST","TEACHINGHR","PRY","HR_YEAR","A","2014",619.2,
"EST","TEACHINGHR","PRY","HR_YEAR","A","2015",619.2,
"EST","TEACHINGHR","PRY","HR_YEAR","A","2016",584.8,
"EST","TEACHINGHR","PRY","HR_YEAR","A","2017",584.8,
"EST","TEACHINGHR","UPPSRY","HR_YEAR","A","2000",577.5,
"EST","TEACHINGHR","UPPSRY","HR_YEAR","A","2005",577.5,
"EST","TEACHINGHR","UPPSRY","HR_YEAR","A","2006",577.5,
"EST","TEACHINGHR","UPPSRY","HR_YEAR","A","2007",577.5,
"EST","TEACHINGHR","UPPSRY","HR_YEAR","A","2008",577.5,
"EST","TEACHINGHR","UPPSRY","HR_YEAR","A","2009",577.5,
"EST","TEACHINGHR","UPPSRY","HR_YEAR","A","2010",577.5,
"EST","TEACHINGHR","UPPSRY","HR_YEAR","A","2011",567.6,
"EST","TEACHINGHR","UPPSRY","HR_YEAR","A","2012",567.6,
"EST","TEACHINGHR","UPPSRY","HR_YEAR","A","2013",567.6,
"EST","TEACHINGHR","UPPSRY","HR_YEAR","A","2014",567.6,
"EST","TEACHINGHR","UPPSRY","HR_YEAR","A","2015",567.6,
"EST","TEACHINGHR","UPPSRY","HR_YEAR","A","2016",567.6,
"EST","TEACHINGHR","UPPSRY","HR_YEAR","A","2017",567.6,
"EST","TEACHINGHR","LOWSRY","HR_YEAR","A","2000",630,
"EST","TEACHINGHR","LOWSRY","HR_YEAR","A","2005",630,
"EST","TEACHINGHR","LOWSRY","HR_YEAR","A","2006",630,
"EST","TEACHINGHR","LOWSRY","HR_YEAR","A","2007",630,
"EST","TEACHINGHR","LOWSRY","HR_YEAR","A","2008",630,
"EST","TEACHINGHR","LOWSRY","HR_YEAR","A","2009",630,
"EST","TEACHINGHR","LOWSRY","HR_YEAR","A","2010",630,
"EST","TEACHINGHR","LOWSRY","HR_YEAR","A","2011",619.2,
"EST","TEACHINGHR","LOWSRY","HR_YEAR","A","2012",619.2,
"EST","TEACHINGHR","LOWSRY","HR_YEAR","A","2013",619.2,
"EST","TEACHINGHR","LOWSRY","HR_YEAR","A","2014",619.2,
"EST","TEACHINGHR","LOWSRY","HR_YEAR","A","2015",619.2,
"EST","TEACHINGHR","LOWSRY","HR_YEAR","A","2016",602,
"EST","TEACHINGHR","LOWSRY","HR_YEAR","A","2017",602,
"ISR","TEACHINGHR","PRY","HR_YEAR","A","2000",731,
"ISR","TEACHINGHR","PRY","HR_YEAR","A","2005",731,
"ISR","TEACHINGHR","PRY","HR_YEAR","A","2006",731,
"ISR","TEACHINGHR","PRY","HR_YEAR","A","2007",731,
"ISR","TEACHINGHR","PRY","HR_YEAR","A","2008",731,
"ISR","TEACHINGHR","PRY","HR_YEAR","A","2009",787.998,
"ISR","TEACHINGHR","PRY","HR_YEAR","A","2010",819.55311919,
"ISR","TEACHINGHR","PRY","HR_YEAR","A","2011",841.67634783,
"ISR","TEACHINGHR","PRY","HR_YEAR","A","2012",837.839188,
"ISR","TEACHINGHR","PRY","HR_YEAR","A","2013",839.7828012,
"ISR","TEACHINGHR","PRY","HR_YEAR","A","2014",838.24060644,
"ISR","TEACHINGHR","PRY","HR_YEAR","A","2015",863.61036088,
"ISR","TEACHINGHR","PRY","HR_YEAR","A","2016",848.02608938,
"ISR","TEACHINGHR","PRY","HR_YEAR","A","2017",843.34742197,
"ISR","TEACHINGHR","UPPSRY","HR_YEAR","A","2000",524,
"ISR","TEACHINGHR","UPPSRY","HR_YEAR","A","2005",524,
"ISR","TEACHINGHR","UPPSRY","HR_YEAR","A","2006",524,
"ISR","TEACHINGHR","UPPSRY","HR_YEAR","A","2007",524,
"ISR","TEACHINGHR","UPPSRY","HR_YEAR","A","2008",524,
"ISR","TEACHINGHR","UPPSRY","HR_YEAR","A","2009",523.952,
"ISR","TEACHINGHR","UPPSRY","HR_YEAR","A","2010",521.274445,
"ISR","TEACHINGHR","UPPSRY","HR_YEAR","A","2011",521.2814502,
"ISR","TEACHINGHR","UPPSRY","HR_YEAR","A","2012",557.74535583,
"ISR","TEACHINGHR","UPPSRY","HR_YEAR","A","2013",569.80572799,
"ISR","TEACHINGHR","UPPSRY","HR_YEAR","A","2014",543.07854383,
"ISR","TEACHINGHR","UPPSRY","HR_YEAR","A","2015",586.654961,
"ISR","TEACHINGHR","UPPSRY","HR_YEAR","A","2016",589.10347828,
"ISR","TEACHINGHR","UPPSRY","HR_YEAR","A","2017",609.74471713,
"ISR","TEACHINGHR","LOWSRY","HR_YEAR","A","2000",579,
"ISR","TEACHINGHR","LOWSRY","HR_YEAR","A","2005",579,
"ISR","TEACHINGHR","LOWSRY","HR_YEAR","A","2006",579,
"ISR","TEACHINGHR","LOWSRY","HR_YEAR","A","2007",579,
"ISR","TEACHINGHR","LOWSRY","HR_YEAR","A","2008",579,
"ISR","TEACHINGHR","LOWSRY","HR_YEAR","A","2009",589.248,
"ISR","TEACHINGHR","LOWSRY","HR_YEAR","A","2010",597.998898,
"ISR","TEACHINGHR","LOWSRY","HR_YEAR","A","2011",614.14527133,
"ISR","TEACHINGHR","LOWSRY","HR_YEAR","A","2012",629.19147524,
"ISR","TEACHINGHR","LOWSRY","HR_YEAR","A","2013",643.55186663,
"ISR","TEACHINGHR","LOWSRY","HR_YEAR","A","2014",681.8073741,
"ISR","TEACHINGHR","LOWSRY","HR_YEAR","A","2015",703.67598958,
"ISR","TEACHINGHR","LOWSRY","HR_YEAR","A","2016",698.15576883,
"ISR","TEACHINGHR","LOWSRY","HR_YEAR","A","2017",698.87170663,
"RUS","TEACHINGHR","PRY","HR_YEAR","A","2005",615,
"RUS","TEACHINGHR","PRY","HR_YEAR","A","2006",615,
"RUS","TEACHINGHR","PRY","HR_YEAR","A","2007",615,
"RUS","TEACHINGHR","PRY","HR_YEAR","A","2008",615,
"RUS","TEACHINGHR","PRY","HR_YEAR","A","2009",615,
"RUS","TEACHINGHR","PRY","HR_YEAR","A","2010",615,
"RUS","TEACHINGHR","PRY","HR_YEAR","A","2011",561,
"RUS","TEACHINGHR","PRY","HR_YEAR","A","2012",561,
"RUS","TEACHINGHR","PRY","HR_YEAR","A","2013",561,
"RUS","TEACHINGHR","PRY","HR_YEAR","A","2014",561,
"RUS","TEACHINGHR","PRY","HR_YEAR","A","2015",561,
"RUS","TEACHINGHR","UPPSRY","HR_YEAR","A","2005",507,
"RUS","TEACHINGHR","UPPSRY","HR_YEAR","A","2006",507,
"RUS","TEACHINGHR","UPPSRY","HR_YEAR","A","2007",507,
"RUS","TEACHINGHR","UPPSRY","HR_YEAR","A","2008",507,
"RUS","TEACHINGHR","UPPSRY","HR_YEAR","A","2009",507,
"RUS","TEACHINGHR","UPPSRY","HR_YEAR","A","2010",507,
"RUS","TEACHINGHR","UPPSRY","HR_YEAR","A","2011",483,
"RUS","TEACHINGHR","UPPSRY","HR_YEAR","A","2012",483,
"RUS","TEACHINGHR","UPPSRY","HR_YEAR","A","2013",483,
"RUS","TEACHINGHR","UPPSRY","HR_YEAR","A","2014",483,
"RUS","TEACHINGHR","UPPSRY","HR_YEAR","A","2015",483,
"RUS","TEACHINGHR","LOWSRY","HR_YEAR","A","2005",507,
"RUS","TEACHINGHR","LOWSRY","HR_YEAR","A","2006",507,
"RUS","TEACHINGHR","LOWSRY","HR_YEAR","A","2007",507,
"RUS","TEACHINGHR","LOWSRY","HR_YEAR","A","2008",507,
"RUS","TEACHINGHR","LOWSRY","HR_YEAR","A","2009",507,
"RUS","TEACHINGHR","LOWSRY","HR_YEAR","A","2010",507,
"RUS","TEACHINGHR","LOWSRY","HR_YEAR","A","2011",483,
"RUS","TEACHINGHR","LOWSRY","HR_YEAR","A","2012",483,
"RUS","TEACHINGHR","LOWSRY","HR_YEAR","A","2013",483,
"RUS","TEACHINGHR","LOWSRY","HR_YEAR","A","2014",483,
"RUS","TEACHINGHR","LOWSRY","HR_YEAR","A","2015",483,
"SVN","TEACHINGHR","PRY","HR_YEAR","A","2005",627,
"SVN","TEACHINGHR","PRY","HR_YEAR","A","2006",627,
"SVN","TEACHINGHR","PRY","HR_YEAR","A","2007",627,
"SVN","TEACHINGHR","PRY","HR_YEAR","A","2008",627,
"SVN","TEACHINGHR","PRY","HR_YEAR","A","2009",627,
"SVN","TEACHINGHR","PRY","HR_YEAR","A","2010",627,
"SVN","TEACHINGHR","PRY","HR_YEAR","A","2011",627,
"SVN","TEACHINGHR","PRY","HR_YEAR","A","2012",627,
"SVN","TEACHINGHR","PRY","HR_YEAR","A","2013",627,
"SVN","TEACHINGHR","PRY","HR_YEAR","A","2014",627,
"SVN","TEACHINGHR","PRY","HR_YEAR","A","2015",627,
"SVN","TEACHINGHR","PRY","HR_YEAR","A","2016",627,
"SVN","TEACHINGHR","PRY","HR_YEAR","A","2017",627,
"SVN","TEACHINGHR","UPPSRY","HR_YEAR","A","2005",570,
"SVN","TEACHINGHR","UPPSRY","HR_YEAR","A","2006",570,
"SVN","TEACHINGHR","UPPSRY","HR_YEAR","A","2007",570,
"SVN","TEACHINGHR","UPPSRY","HR_YEAR","A","2008",570,
"SVN","TEACHINGHR","UPPSRY","HR_YEAR","A","2009",570,
"SVN","TEACHINGHR","UPPSRY","HR_YEAR","A","2010",570,
"SVN","TEACHINGHR","UPPSRY","HR_YEAR","A","2011",570,
"SVN","TEACHINGHR","UPPSRY","HR_YEAR","A","2012",570,
"SVN","TEACHINGHR","UPPSRY","HR_YEAR","A","2013",570,
"SVN","TEACHINGHR","UPPSRY","HR_YEAR","A","2014",570,
"SVN","TEACHINGHR","UPPSRY","HR_YEAR","A","2015",570,
"SVN","TEACHINGHR","UPPSRY","HR_YEAR","A","2016",570,
"SVN","TEACHINGHR","UPPSRY","HR_YEAR","A","2017",570,
"SVN","TEACHINGHR","LOWSRY","HR_YEAR","A","2005",627,
"SVN","TEACHINGHR","LOWSRY","HR_YEAR","A","2006",627,
"SVN","TEACHINGHR","LOWSRY","HR_YEAR","A","2007",627,
"SVN","TEACHINGHR","LOWSRY","HR_YEAR","A","2008",627,
"SVN","TEACHINGHR","LOWSRY","HR_YEAR","A","2009",627,
"SVN","TEACHINGHR","LOWSRY","HR_YEAR","A","2010",627,
"SVN","TEACHINGHR","LOWSRY","HR_YEAR","A","2011",627,
"SVN","TEACHINGHR","LOWSRY","HR_YEAR","A","2012",627,
"SVN","TEACHINGHR","LOWSRY","HR_YEAR","A","2013",627,
"SVN","TEACHINGHR","LOWSRY","HR_YEAR","A","2014",627,
"SVN","TEACHINGHR","LOWSRY","HR_YEAR","A","2015",627,
"SVN","TEACHINGHR","LOWSRY","HR_YEAR","A","2016",627,
"SVN","TEACHINGHR","LOWSRY","HR_YEAR","A","2017",627,
"AUS","TEACHINGHR","LOWSRY_PREPARATION","HR_WEEK","A","2013",7.1,
"AUS","TEACHINGHR","LOWSRY_TEACHING","HR_WEEK","A","2013",18.6,
"CZE","TEACHINGHR","LOWSRY_PREPARATION","HR_WEEK","A","2013",8.3,
"CZE","TEACHINGHR","LOWSRY_TEACHING","HR_WEEK","A","2013",17.8,
"DNK","TEACHINGHR","LOWSRY_PREPARATION","HR_WEEK","A","2013",7.9,
"DNK","TEACHINGHR","LOWSRY_TEACHING","HR_WEEK","A","2013",18.9,
"FIN","TEACHINGHR","LOWSRY_PREPARATION","HR_WEEK","A","2013",4.8,
"FIN","TEACHINGHR","LOWSRY_TEACHING","HR_WEEK","A","2013",20.6,
"FRA","TEACHINGHR","LOWSRY_PREPARATION","HR_WEEK","A","2013",7.5,
"FRA","TEACHINGHR","LOWSRY_TEACHING","HR_WEEK","A","2013",18.6,
"ISL","TEACHINGHR","LOWSRY_PREPARATION","HR_WEEK","A","2013",7.3,
"ISL","TEACHINGHR","LOWSRY_TEACHING","HR_WEEK","A","2013",19,
"ITA","TEACHINGHR","LOWSRY_PREPARATION","HR_WEEK","A","2013",5,
"ITA","TEACHINGHR","LOWSRY_TEACHING","HR_WEEK","A","2013",17.3,
"JPN","TEACHINGHR","LOWSRY_PREPARATION","HR_WEEK","A","2013",8.7,
"JPN","TEACHINGHR","LOWSRY_TEACHING","HR_WEEK","A","2013",17.7,
"KOR","TEACHINGHR","LOWSRY_PREPARATION","HR_WEEK","A","2013",7.7,
"KOR","TEACHINGHR","LOWSRY_TEACHING","HR_WEEK","A","2013",18.8,
"MEX","TEACHINGHR","LOWSRY_PREPARATION","HR_WEEK","A","2013",6.2,
"MEX","TEACHINGHR","LOWSRY_TEACHING","HR_WEEK","A","2013",22.7,
"NLD","TEACHINGHR","LOWSRY_PREPARATION","HR_WEEK","A","2013",5.1,
"NLD","TEACHINGHR","LOWSRY_TEACHING","HR_WEEK","A","2013",16.9,
"NOR","TEACHINGHR","LOWSRY_PREPARATION","HR_WEEK","A","2013",6.5,
"NOR","TEACHINGHR","LOWSRY_TEACHING","HR_WEEK","A","2013",15,
"POL","TEACHINGHR","LOWSRY_PREPARATION","HR_WEEK","A","2013",5.5,
"POL","TEACHINGHR","LOWSRY_TEACHING","HR_WEEK","A","2013",18.6,
"PRT","TEACHINGHR","LOWSRY_PREPARATION","HR_WEEK","A","2013",8.5,
"PRT","TEACHINGHR","LOWSRY_TEACHING","HR_WEEK","A","2013",20.8,
"SVK","TEACHINGHR","LOWSRY_PREPARATION","HR_WEEK","A","2013",7.5,
"SVK","TEACHINGHR","LOWSRY_TEACHING","HR_WEEK","A","2013",19.9,
"ESP","TEACHINGHR","LOWSRY_PREPARATION","HR_WEEK","A","2013",6.6,
"ESP","TEACHINGHR","LOWSRY_TEACHING","HR_WEEK","A","2013",18.6,
"SWE","TEACHINGHR","LOWSRY_PREPARATION","HR_WEEK","A","2013",6.7,
"SWE","TEACHINGHR","LOWSRY_TEACHING","HR_WEEK","A","2013",17.6,
"BRA","TEACHINGHR","LOWSRY_PREPARATION","HR_WEEK","A","2013",7.1,
"BRA","TEACHINGHR","LOWSRY_TEACHING","HR_WEEK","A","2013",25.4,
"BGR","TEACHINGHR","LOWSRY_PREPARATION","HR_WEEK","A","2013",8.1,
"BGR","TEACHINGHR","LOWSRY_TEACHING","HR_WEEK","A","2013",18.4,
"CHL","TEACHINGHR","LOWSRY_PREPARATION","HR_WEEK","A","2013",5.8,
"CHL","TEACHINGHR","LOWSRY_TEACHING","HR_WEEK","A","2013",26.7,
"HRV","TEACHINGHR","LOWSRY_PREPARATION","HR_WEEK","A","2013",9.7,
"HRV","TEACHINGHR","LOWSRY_TEACHING","HR_WEEK","A","2013",19.6,
"EST","TEACHINGHR","LOWSRY_PREPARATION","HR_WEEK","A","2013",6.9,
"EST","TEACHINGHR","LOWSRY_TEACHING","HR_WEEK","A","2013",20.9,
"ISR","TEACHINGHR","LOWSRY_PREPARATION","HR_WEEK","A","2013",5.2,
"ISR","TEACHINGHR","LOWSRY_TEACHING","HR_WEEK","A","2013",18.3,
"LVA","TEACHINGHR","LOWSRY_PREPARATION","HR_WEEK","A","2013",6.4,
"LVA","TEACHINGHR","LOWSRY_TEACHING","HR_WEEK","A","2013",19.2,
"MYS","TEACHINGHR","LOWSRY_PREPARATION","HR_WEEK","A","2013",6.4,
"MYS","TEACHINGHR","LOWSRY_TEACHING","HR_WEEK","A","2013",17.1,
"ROU","TEACHINGHR","LOWSRY_PREPARATION","HR_WEEK","A","2013",8,
"ROU","TEACHINGHR","LOWSRY_TEACHING","HR_WEEK","A","2013",16.2,
"SGP","TEACHINGHR","LOWSRY_PREPARATION","HR_WEEK","A","2013",8.4,
"SGP","TEACHINGHR","LOWSRY_TEACHING","HR_WEEK","A","2013",17.1,
"SRB","TEACHINGHR","LOWSRY_PREPARATION","HR_WEEK","A","2013",7.9,
"SRB","TEACHINGHR","LOWSRY_TEACHING","HR_WEEK","A","2013",18.4,
"OAVG","TEACHINGHR","LOWSRY_PREPARATION","HR_WEEK","A","2013",6.7,
"OAVG","TEACHINGHR","LOWSRY_TEACHING","HR_WEEK","A","2013",19.2,
"COL","TEACHINGHR","PRY","HR_YEAR","A","2005",1000,
"COL","TEACHINGHR","PRY","HR_YEAR","A","2006",1000,
"COL","TEACHINGHR","PRY","HR_YEAR","A","2007",1000,
"COL","TEACHINGHR","PRY","HR_YEAR","A","2008",1000,
"COL","TEACHINGHR","PRY","HR_YEAR","A","2009",1000,
"COL","TEACHINGHR","PRY","HR_YEAR","A","2010",1000,
"COL","TEACHINGHR","PRY","HR_YEAR","A","2011",1000,
"COL","TEACHINGHR","PRY","HR_YEAR","A","2012",1000,
"COL","TEACHINGHR","PRY","HR_YEAR","A","2013",1000,
"COL","TEACHINGHR","PRY","HR_YEAR","A","2014",1000,
"COL","TEACHINGHR","PRY","HR_YEAR","A","2015",1000,
"COL","TEACHINGHR","PRY","HR_YEAR","A","2016",1000,
"COL","TEACHINGHR","PRY","HR_YEAR","A","2017",1000,
"COL","TEACHINGHR","UPPSRY","HR_YEAR","A","2005",1200,
"COL","TEACHINGHR","UPPSRY","HR_YEAR","A","2006",1200,
"COL","TEACHINGHR","UPPSRY","HR_YEAR","A","2007",1200,
"COL","TEACHINGHR","UPPSRY","HR_YEAR","A","2008",1200,
"COL","TEACHINGHR","UPPSRY","HR_YEAR","A","2009",1200,
"COL","TEACHINGHR","UPPSRY","HR_YEAR","A","2010",1200,
"COL","TEACHINGHR","UPPSRY","HR_YEAR","A","2011",1200,
"COL","TEACHINGHR","UPPSRY","HR_YEAR","A","2012",1200,
"COL","TEACHINGHR","UPPSRY","HR_YEAR","A","2013",1200,
"COL","TEACHINGHR","UPPSRY","HR_YEAR","A","2014",1200,
"COL","TEACHINGHR","UPPSRY","HR_YEAR","A","2015",1200,
"COL","TEACHINGHR","UPPSRY","HR_YEAR","A","2016",1200,
"COL","TEACHINGHR","UPPSRY","HR_YEAR","A","2017",1200,
"COL","TEACHINGHR","LOWSRY","HR_YEAR","A","2005",1200,
"COL","TEACHINGHR","LOWSRY","HR_YEAR","A","2006",1200,
"COL","TEACHINGHR","LOWSRY","HR_YEAR","A","2007",1200,
"COL","TEACHINGHR","LOWSRY","HR_YEAR","A","2008",1200,
"COL","TEACHINGHR","LOWSRY","HR_YEAR","A","2009",1200,
"COL","TEACHINGHR","LOWSRY","HR_YEAR","A","2010",1200,
"COL","TEACHINGHR","LOWSRY","HR_YEAR","A","2011",1200,
"COL","TEACHINGHR","LOWSRY","HR_YEAR","A","2012",1200,
"COL","TEACHINGHR","LOWSRY","HR_YEAR","A","2013",1200,
"COL","TEACHINGHR","LOWSRY","HR_YEAR","A","2014",1200,
"COL","TEACHINGHR","LOWSRY","HR_YEAR","A","2015",1200,
"COL","TEACHINGHR","LOWSRY","HR_YEAR","A","2016",1200,
"COL","TEACHINGHR","LOWSRY","HR_YEAR","A","2017",1200,
"CRI","TEACHINGHR","PRY","HR_YEAR","A","2015",1188,
"CRI","TEACHINGHR","PRY","HR_YEAR","A","2016",1188,
"CRI","TEACHINGHR","PRY","HR_YEAR","A","2017",1188,
"CRI","TEACHINGHR","UPPSRY","HR_YEAR","A","2015",1267.2,
"CRI","TEACHINGHR","UPPSRY","HR_YEAR","A","2016",1267.2,
"CRI","TEACHINGHR","UPPSRY","HR_YEAR","A","2017",1267.2,
"CRI","TEACHINGHR","LOWSRY","HR_YEAR","A","2015",1267.2,
"CRI","TEACHINGHR","LOWSRY","HR_YEAR","A","2016",1267.2,
"CRI","TEACHINGHR","LOWSRY","HR_YEAR","A","2017",1267.2,
"LVA","TEACHINGHR","PRY","HR_YEAR","A","2000",882,
"LVA","TEACHINGHR","PRY","HR_YEAR","A","2005",882,
"LVA","TEACHINGHR","PRY","HR_YEAR","A","2006",882,
"LVA","TEACHINGHR","PRY","HR_YEAR","A","2007",882,
"LVA","TEACHINGHR","PRY","HR_YEAR","A","2008",882,
"LVA","TEACHINGHR","PRY","HR_YEAR","A","2009",882,
"LVA","TEACHINGHR","PRY","HR_YEAR","A","2010",882,
"LVA","TEACHINGHR","PRY","HR_YEAR","A","2011",882,
"LVA","TEACHINGHR","PRY","HR_YEAR","A","2012",882,
"LVA","TEACHINGHR","PRY","HR_YEAR","A","2013",825,
"LVA","TEACHINGHR","PRY","HR_YEAR","A","2015",684.6,
"LVA","TEACHINGHR","PRY","HR_YEAR","A","2016",718.2,
"LVA","TEACHINGHR","PRY","HR_YEAR","A","2017",1020,
"LVA","TEACHINGHR","UPPSRY","HR_YEAR","A","2000",882,
"LVA","TEACHINGHR","UPPSRY","HR_YEAR","A","2005",882,
"LVA","TEACHINGHR","UPPSRY","HR_YEAR","A","2006",882,
"LVA","TEACHINGHR","UPPSRY","HR_YEAR","A","2007",882,
"LVA","TEACHINGHR","UPPSRY","HR_YEAR","A","2008",882,
"LVA","TEACHINGHR","UPPSRY","HR_YEAR","A","2009",882,
"LVA","TEACHINGHR","UPPSRY","HR_YEAR","A","2010",882,
"LVA","TEACHINGHR","UPPSRY","HR_YEAR","A","2011",882,
"LVA","TEACHINGHR","UPPSRY","HR_YEAR","A","2012",882,
"LVA","TEACHINGHR","UPPSRY","HR_YEAR","A","2013",990,
"LVA","TEACHINGHR","UPPSRY","HR_YEAR","A","2015",684.6,
"LVA","TEACHINGHR","UPPSRY","HR_YEAR","A","2016",718.2,
"LVA","TEACHINGHR","UPPSRY","HR_YEAR","A","2017",1020,
"LVA","TEACHINGHR","LOWSRY","HR_YEAR","A","2000",882,
"LVA","TEACHINGHR","LOWSRY","HR_YEAR","A","2005",882,
"LVA","TEACHINGHR","LOWSRY","HR_YEAR","A","2006",882,
"LVA","TEACHINGHR","LOWSRY","HR_YEAR","A","2007",882,
"LVA","TEACHINGHR","LOWSRY","HR_YEAR","A","2008",882,
"LVA","TEACHINGHR","LOWSRY","HR_YEAR","A","2009",882,
"LVA","TEACHINGHR","LOWSRY","HR_YEAR","A","2010",882,
"LVA","TEACHINGHR","LOWSRY","HR_YEAR","A","2011",882,
"LVA","TEACHINGHR","LOWSRY","HR_YEAR","A","2012",882,
"LVA","TEACHINGHR","LOWSRY","HR_YEAR","A","2013",825,
"LVA","TEACHINGHR","LOWSRY","HR_YEAR","A","2015",684.6,
"LVA","TEACHINGHR","LOWSRY","HR_YEAR","A","2016",718.2,
"LVA","TEACHINGHR","LOWSRY","HR_YEAR","A","2017",1020,
"LTU","TEACHINGHR","PRY","HR_YEAR","A","2015",565.2,
"LTU","TEACHINGHR","PRY","HR_YEAR","A","2016",576,
"LTU","TEACHINGHR","PRY","HR_YEAR","A","2017",576,
"LTU","TEACHINGHR","UPPSRY","HR_YEAR","A","2015",610.2,
"LTU","TEACHINGHR","UPPSRY","HR_YEAR","A","2016",603,
"LTU","TEACHINGHR","UPPSRY","HR_YEAR","A","2017",603,
"LTU","TEACHINGHR","LOWSRY","HR_YEAR","A","2015",610.2,
"LTU","TEACHINGHR","LOWSRY","HR_YEAR","A","2016",612,
"LTU","TEACHINGHR","LOWSRY","HR_YEAR","A","2017",612,
"AUS","TEACHINGHR","EARLYCHILDEDU","HR_YEAR","A","2011",884.87661509,
"AUS","TEACHINGHR","EARLYCHILDEDU","HR_YEAR","A","2012",883.66121041,
"AUS","TEACHINGHR","EARLYCHILDEDU","HR_YEAR","A","2013",904.15803934,
"AUS","TEACHINGHR","EARLYCHILDEDU","HR_YEAR","A","2014",885.18347168,
"AUS","TEACHINGHR","EARLYCHILDEDU","HR_YEAR","A","2015",882.14930748,
"AUS","TEACHINGHR","EARLYCHILDEDU","HR_YEAR","A","2016",859.55435529,
"AUS","TEACHINGHR","EARLYCHILDEDU","HR_YEAR","A","2017",903.24666836,
"AUT","TEACHINGHR","EARLYCHILDEDU","HR_YEAR","A","2005",774,
"AUT","TEACHINGHR","EARLYCHILDEDU","HR_YEAR","A","2006",774,
"AUT","TEACHINGHR","EARLYCHILDEDU","HR_YEAR","A","2007",774,
"AUT","TEACHINGHR","EARLYCHILDEDU","HR_YEAR","A","2008",779.4,
"AUT","TEACHINGHR","EARLYCHILDEDU","HR_YEAR","A","2009",779.4,
"AUT","TEACHINGHR","EARLYCHILDEDU","HR_YEAR","A","2010",779.4,
"AUT","TEACHINGHR","EARLYCHILDEDU","HR_YEAR","A","2011",779.4,
"AUT","TEACHINGHR","EARLYCHILDEDU","HR_YEAR","A","2012",779.4,
"AUT","TEACHINGHR","EARLYCHILDEDU","HR_YEAR","A","2013",779.4,
"CZE","TEACHINGHR","EARLYCHILDEDU","HR_YEAR","A","2011",1184.2,
"CZE","TEACHINGHR","EARLYCHILDEDU","HR_YEAR","A","2012",1165.6,
"CZE","TEACHINGHR","EARLYCHILDEDU","HR_YEAR","A","2013",1165.6,
"CZE","TEACHINGHR","EARLYCHILDEDU","HR_YEAR","A","2014",1159.4,
"CZE","TEACHINGHR","EARLYCHILDEDU","HR_YEAR","A","2015",1159.4,
"CZE","TEACHINGHR","EARLYCHILDEDU","HR_YEAR","A","2016",1333,
"CZE","TEACHINGHR","EARLYCHILDEDU","HR_YEAR","A","2017",1333,
"DNK","TEACHINGHR","EARLYCHILDEDU","HR_YEAR","A","2014",1417,
"DNK","TEACHINGHR","EARLYCHILDEDU","HR_YEAR","A","2015",1417,
"FRA","TEACHINGHR","EARLYCHILDEDU","HR_YEAR","A","2000",924,
"FRA","TEACHINGHR","EARLYCHILDEDU","HR_YEAR","A","2005",924,
"FRA","TEACHINGHR","EARLYCHILDEDU","HR_YEAR","A","2006",924,
"FRA","TEACHINGHR","EARLYCHILDEDU","HR_YEAR","A","2007",924,
"FRA","TEACHINGHR","EARLYCHILDEDU","HR_YEAR","A","2008",924,
"FRA","TEACHINGHR","EARLYCHILDEDU","HR_YEAR","A","2009",924,
"FRA","TEACHINGHR","EARLYCHILDEDU","HR_YEAR","A","2010",924,
"FRA","TEACHINGHR","EARLYCHILDEDU","HR_YEAR","A","2011",924,
"FRA","TEACHINGHR","EARLYCHILDEDU","HR_YEAR","A","2012",923.9976,
"FRA","TEACHINGHR","EARLYCHILDEDU","HR_YEAR","A","2013",924,
"FRA","TEACHINGHR","EARLYCHILDEDU","HR_YEAR","A","2014",924,
"FRA","TEACHINGHR","EARLYCHILDEDU","HR_YEAR","A","2015",899.999946,
"FRA","TEACHINGHR","EARLYCHILDEDU","HR_YEAR","A","2016",900,
"FRA","TEACHINGHR","EARLYCHILDEDU","HR_YEAR","A","2017",900,
"DEU","TEACHINGHR","EARLYCHILDEDU","HR_YEAR","A","2000",752.115,
"DEU","TEACHINGHR","EARLYCHILDEDU","HR_YEAR","A","2005",784.86808461,
"DEU","TEACHINGHR","EARLYCHILDEDU","HR_YEAR","A","2006",817.9436725,
"DEU","TEACHINGHR","EARLYCHILDEDU","HR_YEAR","A","2007",814.98395757,
"DEU","TEACHINGHR","EARLYCHILDEDU","HR_YEAR","A","2008",814.66826266,
"DEU","TEACHINGHR","EARLYCHILDEDU","HR_YEAR","A","2009",805.00614946,
"DEU","TEACHINGHR","EARLYCHILDEDU","HR_YEAR","A","2010",801.91773834,
"DEU","TEACHINGHR","EARLYCHILDEDU","HR_YEAR","A","2011",800.3224011,
"DEU","TEACHINGHR","EARLYCHILDEDU","HR_YEAR","A","2012",796.26118064,
"DEU","TEACHINGHR","EARLYCHILDEDU","HR_YEAR","A","2013",833.78566286,
"DEU","TEACHINGHR","EARLYCHILDEDU","HR_YEAR","A","2014",1482,
"DEU","TEACHINGHR","EARLYCHILDEDU","HR_YEAR","A","2015",1482,
"DEU","TEACHINGHR","EARLYCHILDEDU","HR_YEAR","A","2016",1755,
"DEU","TEACHINGHR","EARLYCHILDEDU","HR_YEAR","A","2017",1755,
"GRC","TEACHINGHR","EARLYCHILDEDU","HR_YEAR","A","2008",712,
"GRC","TEACHINGHR","EARLYCHILDEDU","HR_YEAR","A","2009",708,
"GRC","TEACHINGHR","EARLYCHILDEDU","HR_YEAR","A","2010",708,
"GRC","TEACHINGHR","EARLYCHILDEDU","HR_YEAR","A","2011",708,
"GRC","TEACHINGHR","EARLYCHILDEDU","HR_YEAR","A","2012",684,
"GRC","TEACHINGHR","EARLYCHILDEDU","HR_YEAR","A","2013",684,
"GRC","TEACHINGHR","EARLYCHILDEDU","HR_YEAR","A","2014",684,
"GRC","TEACHINGHR","EARLYCHILDEDU","HR_YEAR","A","2015",787.5,
"GRC","TEACHINGHR","EARLYCHILDEDU","HR_YEAR","A","2016",792,
"GRC","TEACHINGHR","EARLYCHILDEDU","HR_YEAR","A","2017",821.92,
"HUN","TEACHINGHR","EARLYCHILDEDU","HR_YEAR","A","2011",1363.2,
"HUN","TEACHINGHR","EARLYCHILDEDU","HR_YEAR","A","2012",1356.8,
"HUN","TEACHINGHR","EARLYCHILDEDU","HR_YEAR","A","2013",1318.4,
"HUN","TEACHINGHR","EARLYCHILDEDU","HR_YEAR","A","2014",1337.6,
"HUN","TEACHINGHR","EARLYCHILDEDU","HR_YEAR","A","2015",1337.6,
"HUN","TEACHINGHR","EARLYCHILDEDU","HR_YEAR","A","2016",1356.8,
"HUN","TEACHINGHR","EARLYCHILDEDU","HR_YEAR","A","2017",1344,
"ISL","TEACHINGHR","EARLYCHILDEDU","HR_YEAR","A","2011",1634.4,
"ISL","TEACHINGHR","EARLYCHILDEDU","HR_YEAR","A","2012",1645.75,
"ISL","TEACHINGHR","EARLYCHILDEDU","HR_YEAR","A","2013",1498.2,
"ISL","TEACHINGHR","EARLYCHILDEDU","HR_YEAR","A","2016",1620,
"ISL","TEACHINGHR","EARLYCHILDEDU","HR_YEAR","A","2017",1620,
"ITA","TEACHINGHR","EARLYCHILDEDU","HR_YEAR","A","2011",950,
"ITA","TEACHINGHR","EARLYCHILDEDU","HR_YEAR","A","2012",930,
"ITA","TEACHINGHR","EARLYCHILDEDU","HR_YEAR","A","2013",930,
"ITA","TEACHINGHR","EARLYCHILDEDU","HR_YEAR","A","2014",930,
"ITA","TEACHINGHR","EARLYCHILDEDU","HR_YEAR","A","2015",930,
"ITA","TEACHINGHR","EARLYCHILDEDU","HR_YEAR","A","2016",945,
"ITA","TEACHINGHR","EARLYCHILDEDU","HR_YEAR","A","2017",945,
"KOR","TEACHINGHR","EARLYCHILDEDU","HR_YEAR","A","2011",679.8,
"KOR","TEACHINGHR","EARLYCHILDEDU","HR_YEAR","A","2012",583.2,
"KOR","TEACHINGHR","EARLYCHILDEDU","HR_YEAR","A","2013",574.2,
"KOR","TEACHINGHR","EARLYCHILDEDU","HR_YEAR","A","2014",584.82,
"KOR","TEACHINGHR","EARLYCHILDEDU","HR_YEAR","A","2015",567.86226048,
"KOR","TEACHINGHR","EARLYCHILDEDU","HR_YEAR","A","2016",554.95045872,
"KOR","TEACHINGHR","EARLYCHILDEDU","HR_YEAR","A","2017",543.49756218,
"LUX","TEACHINGHR","EARLYCHILDEDU","HR_YEAR","A","2011",880,
"LUX","TEACHINGHR","EARLYCHILDEDU","HR_YEAR","A","2012",880,
"LUX","TEACHINGHR","EARLYCHILDEDU","HR_YEAR","A","2013",880,
"LUX","TEACHINGHR","EARLYCHILDEDU","HR_YEAR","A","2014",880,
"LUX","TEACHINGHR","EARLYCHILDEDU","HR_YEAR","A","2015",880,
"MEX","TEACHINGHR","EARLYCHILDEDU","HR_YEAR","A","2000",532,
"MEX","TEACHINGHR","EARLYCHILDEDU","HR_YEAR","A","2005",532,
"MEX","TEACHINGHR","EARLYCHILDEDU","HR_YEAR","A","2006",532,
"MEX","TEACHINGHR","EARLYCHILDEDU","HR_YEAR","A","2007",532,
"MEX","TEACHINGHR","EARLYCHILDEDU","HR_YEAR","A","2008",532,
"MEX","TEACHINGHR","EARLYCHILDEDU","HR_YEAR","A","2009",532,
"MEX","TEACHINGHR","EARLYCHILDEDU","HR_YEAR","A","2010",532,
"MEX","TEACHINGHR","EARLYCHILDEDU","HR_YEAR","A","2011",532,
"MEX","TEACHINGHR","EARLYCHILDEDU","HR_YEAR","A","2012",532,
"MEX","TEACHINGHR","EARLYCHILDEDU","HR_YEAR","A","2013",532,
"MEX","TEACHINGHR","EARLYCHILDEDU","HR_YEAR","A","2014",532,
"MEX","TEACHINGHR","EARLYCHILDEDU","HR_YEAR","A","2015",532,
"MEX","TEACHINGHR","EARLYCHILDEDU","HR_YEAR","A","2016",532,
"MEX","TEACHINGHR","EARLYCHILDEDU","HR_YEAR","A","2017",532,
"NLD","TEACHINGHR","EARLYCHILDEDU","HR_YEAR","A","2011",930,
"NLD","TEACHINGHR","EARLYCHILDEDU","HR_YEAR","A","2012",930,
"NLD","TEACHINGHR","EARLYCHILDEDU","HR_YEAR","A","2013",930,
"NLD","TEACHINGHR","EARLYCHILDEDU","HR_YEAR","A","2014",930,
"NLD","TEACHINGHR","EARLYCHILDEDU","HR_YEAR","A","2015",930,
"NLD","TEACHINGHR","EARLYCHILDEDU","HR_YEAR","A","2016",930,
"NLD","TEACHINGHR","EARLYCHILDEDU","HR_YEAR","A","2017",930,
"NOR","TEACHINGHR","EARLYCHILDEDU","HR_YEAR","A","2011",1507.5,
"NOR","TEACHINGHR","EARLYCHILDEDU","HR_YEAR","A","2012",1507.5,
"NOR","TEACHINGHR","EARLYCHILDEDU","HR_YEAR","A","2013",1507.5,
"NOR","TEACHINGHR","EARLYCHILDEDU","HR_YEAR","A","2014",1507.5,
"POL","TEACHINGHR","EARLYCHILDEDU","HR_YEAR","A","2008",1082.5,
"POL","TEACHINGHR","EARLYCHILDEDU","HR_YEAR","A","2009",1095,
"POL","TEACHINGHR","EARLYCHILDEDU","HR_YEAR","A","2010",1100,
"POL","TEACHINGHR","EARLYCHILDEDU","HR_YEAR","A","2011",1095,
"POL","TEACHINGHR","EARLYCHILDEDU","HR_YEAR","A","2012",1090,
"POL","TEACHINGHR","EARLYCHILDEDU","HR_YEAR","A","2013",1080,
"POL","TEACHINGHR","EARLYCHILDEDU","HR_YEAR","A","2014",1075,
"POL","TEACHINGHR","EARLYCHILDEDU","HR_YEAR","A","2015",1090,
"POL","TEACHINGHR","EARLYCHILDEDU","HR_YEAR","A","2016",1090,
"POL","TEACHINGHR","EARLYCHILDEDU","HR_YEAR","A","2017",1085,
"PRT","TEACHINGHR","EARLYCHILDEDU","HR_YEAR","A","2000",1035,
"PRT","TEACHINGHR","EARLYCHILDEDU","HR_YEAR","A","2005",975,
"PRT","TEACHINGHR","EARLYCHILDEDU","HR_YEAR","A","2006",935,
"PRT","TEACHINGHR","EARLYCHILDEDU","HR_YEAR","A","2007",930,
"PRT","TEACHINGHR","EARLYCHILDEDU","HR_YEAR","A","2008",930,
"PRT","TEACHINGHR","EARLYCHILDEDU","HR_YEAR","A","2009",950,
"PRT","TEACHINGHR","EARLYCHILDEDU","HR_YEAR","A","2010",955,
"PRT","TEACHINGHR","EARLYCHILDEDU","HR_YEAR","A","2011",965,
"PRT","TEACHINGHR","EARLYCHILDEDU","HR_YEAR","A","2012",970,
"PRT","TEACHINGHR","EARLYCHILDEDU","HR_YEAR","A","2013",960,
"PRT","TEACHINGHR","EARLYCHILDEDU","HR_YEAR","A","2014",945,
"PRT","TEACHINGHR","EARLYCHILDEDU","HR_YEAR","A","2015",955,
"PRT","TEACHINGHR","EARLYCHILDEDU","HR_YEAR","A","2016",930,
"PRT","TEACHINGHR","EARLYCHILDEDU","HR_YEAR","A","2017",935,
"SVK","TEACHINGHR","EARLYCHILDEDU","HR_YEAR","A","2011",1127,
"SVK","TEACHINGHR","EARLYCHILDEDU","HR_YEAR","A","2012",1114,
"SVK","TEACHINGHR","EARLYCHILDEDU","HR_YEAR","A","2013",1108.8,
"SVK","TEACHINGHR","EARLYCHILDEDU","HR_YEAR","A","2014",1108.8,
"SVK","TEACHINGHR","EARLYCHILDEDU","HR_YEAR","A","2015",1142.4,
"SVK","TEACHINGHR","EARLYCHILDEDU","HR_YEAR","A","2016",1160.5,
"SVK","TEACHINGHR","EARLYCHILDEDU","HR_YEAR","A","2017",1149.5,
"ESP","TEACHINGHR","EARLYCHILDEDU","HR_YEAR","A","2000",880,
"ESP","TEACHINGHR","EARLYCHILDEDU","HR_YEAR","A","2005",880,
"ESP","TEACHINGHR","EARLYCHILDEDU","HR_YEAR","A","2006",880,
"ESP","TEACHINGHR","EARLYCHILDEDU","HR_YEAR","A","2007",880,
"ESP","TEACHINGHR","EARLYCHILDEDU","HR_YEAR","A","2008",880,
"ESP","TEACHINGHR","EARLYCHILDEDU","HR_YEAR","A","2009",880,
"ESP","TEACHINGHR","EARLYCHILDEDU","HR_YEAR","A","2010",880,
"ESP","TEACHINGHR","EARLYCHILDEDU","HR_YEAR","A","2011",880,
"ESP","TEACHINGHR","EARLYCHILDEDU","HR_YEAR","A","2012",880,
"ESP","TEACHINGHR","EARLYCHILDEDU","HR_YEAR","A","2013",880,
"ESP","TEACHINGHR","EARLYCHILDEDU","HR_YEAR","A","2014",880,
"ESP","TEACHINGHR","EARLYCHILDEDU","HR_YEAR","A","2015",880,
"ESP","TEACHINGHR","EARLYCHILDEDU","HR_YEAR","A","2016",880,
"ESP","TEACHINGHR","EARLYCHILDEDU","HR_YEAR","A","2017",880,
"SWE","TEACHINGHR","EARLYCHILDEDU","HR_YEAR","A","2011",1792,
"SWE","TEACHINGHR","EARLYCHILDEDU","HR_YEAR","A","2012",1792,
"SWE","TEACHINGHR","EARLYCHILDEDU","HR_YEAR","A","2013",1792,
"CHE","TEACHINGHR","EARLYCHILDEDU","HR_YEAR","A","2011",731,
"CHE","TEACHINGHR","EARLYCHILDEDU","HR_YEAR","A","2012",734,
"CHE","TEACHINGHR","EARLYCHILDEDU","HR_YEAR","A","2013",749,
"CHE","TEACHINGHR","EARLYCHILDEDU","HR_YEAR","A","2014",768,
"CHE","TEACHINGHR","EARLYCHILDEDU","HR_YEAR","A","2015",769,
"CHE","TEACHINGHR","EARLYCHILDEDU","HR_YEAR","A","2016",779,
"CHE","TEACHINGHR","EARLYCHILDEDU","HR_YEAR","A","2017",779,
"TUR","TEACHINGHR","EARLYCHILDEDU","HR_YEAR","A","2000",1080,
"TUR","TEACHINGHR","EARLYCHILDEDU","HR_YEAR","A","2005",1080,
"TUR","TEACHINGHR","EARLYCHILDEDU","HR_YEAR","A","2006",1080,
"TUR","TEACHINGHR","EARLYCHILDEDU","HR_YEAR","A","2007",1080,
"TUR","TEACHINGHR","EARLYCHILDEDU","HR_YEAR","A","2008",1080,
"TUR","TEACHINGHR","EARLYCHILDEDU","HR_YEAR","A","2009",1080,
"TUR","TEACHINGHR","EARLYCHILDEDU","HR_YEAR","A","2010",1080,
"TUR","TEACHINGHR","EARLYCHILDEDU","HR_YEAR","A","2011",1080,
"TUR","TEACHINGHR","EARLYCHILDEDU","HR_YEAR","A","2012",1080,
"TUR","TEACHINGHR","EARLYCHILDEDU","HR_YEAR","A","2013",1080,
"TUR","TEACHINGHR","EARLYCHILDEDU","HR_YEAR","A","2014",1080,
"TUR","TEACHINGHR","EARLYCHILDEDU","HR_YEAR","A","2015",1080,
"TUR","TEACHINGHR","EARLYCHILDEDU","HR_YEAR","A","2016",1080,
"TUR","TEACHINGHR","EARLYCHILDEDU","HR_YEAR","A","2017",1080,
"CHL","TEACHINGHR","EARLYCHILDEDU","HR_YEAR","A","2011",1119.9821806,
"CHL","TEACHINGHR","EARLYCHILDEDU","HR_YEAR","A","2012",1103.3428292,
"CHL","TEACHINGHR","EARLYCHILDEDU","HR_YEAR","A","2013",1128.5561783,
"CHL","TEACHINGHR","EARLYCHILDEDU","HR_YEAR","A","2014",1145.8134371,
"CHL","TEACHINGHR","EARLYCHILDEDU","HR_YEAR","A","2015",1157.36,
"CHL","TEACHINGHR","EARLYCHILDEDU","HR_YEAR","A","2016",1158.4305393,
"CHL","TEACHINGHR","EARLYCHILDEDU","HR_YEAR","A","2017",1063.5552077,
"COL","TEACHINGHR","EARLYCHILDEDU","HR_YEAR","A","2005",800,
"COL","TEACHINGHR","EARLYCHILDEDU","HR_YEAR","A","2006",800,
"COL","TEACHINGHR","EARLYCHILDEDU","HR_YEAR","A","2007",800,
"COL","TEACHINGHR","EARLYCHILDEDU","HR_YEAR","A","2008",800,
"COL","TEACHINGHR","EARLYCHILDEDU","HR_YEAR","A","2009",800,
"COL","TEACHINGHR","EARLYCHILDEDU","HR_YEAR","A","2010",800,
"COL","TEACHINGHR","EARLYCHILDEDU","HR_YEAR","A","2011",800,
"COL","TEACHINGHR","EARLYCHILDEDU","HR_YEAR","A","2012",800,
"COL","TEACHINGHR","EARLYCHILDEDU","HR_YEAR","A","2013",800,
"COL","TEACHINGHR","EARLYCHILDEDU","HR_YEAR","A","2014",800,
"COL","TEACHINGHR","EARLYCHILDEDU","HR_YEAR","A","2015",800,
"COL","TEACHINGHR","EARLYCHILDEDU","HR_YEAR","A","2016",800,
"COL","TEACHINGHR","EARLYCHILDEDU","HR_YEAR","A","2017",800,
"CRI","TEACHINGHR","EARLYCHILDEDU","HR_YEAR","A","2015",811.8,
"CRI","TEACHINGHR","EARLYCHILDEDU","HR_YEAR","A","2016",811.8,
"CRI","TEACHINGHR","EARLYCHILDEDU","HR_YEAR","A","2017",811.8,
"EST","TEACHINGHR","EARLYCHILDEDU","HR_YEAR","A","2011",1320,
"EST","TEACHINGHR","EARLYCHILDEDU","HR_YEAR","A","2012",1320,
"EST","TEACHINGHR","EARLYCHILDEDU","HR_YEAR","A","2013",1320,
"EST","TEACHINGHR","EARLYCHILDEDU","HR_YEAR","A","2014",1320,
"EST","TEACHINGHR","EARLYCHILDEDU","HR_YEAR","A","2015",1320,
"EST","TEACHINGHR","EARLYCHILDEDU","HR_YEAR","A","2016",1320,
"EST","TEACHINGHR","EARLYCHILDEDU","HR_YEAR","A","2017",1320,
"ISR","TEACHINGHR","EARLYCHILDEDU","HR_YEAR","A","2011",991.84005402,
"ISR","TEACHINGHR","EARLYCHILDEDU","HR_YEAR","A","2012",1023.4525226,
"ISR","TEACHINGHR","EARLYCHILDEDU","HR_YEAR","A","2013",1031.5236027,
"ISR","TEACHINGHR","EARLYCHILDEDU","HR_YEAR","A","2014",1025.0652209,
"ISR","TEACHINGHR","EARLYCHILDEDU","HR_YEAR","A","2015",1056.2420161,
"ISR","TEACHINGHR","EARLYCHILDEDU","HR_YEAR","A","2016",1036.1372683,
"ISR","TEACHINGHR","EARLYCHILDEDU","HR_YEAR","A","2017",1030.7532603,
"LVA","TEACHINGHR","EARLYCHILDEDU","HR_YEAR","A","2011",1350,
"LVA","TEACHINGHR","EARLYCHILDEDU","HR_YEAR","A","2012",1350,
"LVA","TEACHINGHR","EARLYCHILDEDU","HR_YEAR","A","2013",1260,
"LVA","TEACHINGHR","EARLYCHILDEDU","HR_YEAR","A","2015",1098,
"LVA","TEACHINGHR","EARLYCHILDEDU","HR_YEAR","A","2016",1146,
"LVA","TEACHINGHR","EARLYCHILDEDU","HR_YEAR","A","2017",1520,
"LTU","TEACHINGHR","EARLYCHILDEDU","HR_YEAR","A","2015",628,
"LTU","TEACHINGHR","EARLYCHILDEDU","HR_YEAR","A","2016",640,
"LTU","TEACHINGHR","EARLYCHILDEDU","HR_YEAR","A","2017",640,
"SVN","TEACHINGHR","EARLYCHILDEDU","HR_YEAR","A","2011",1314,
"SVN","TEACHINGHR","EARLYCHILDEDU","HR_YEAR","A","2012",1314,
"SVN","TEACHINGHR","EARLYCHILDEDU","HR_YEAR","A","2013",1314,
"SVN","TEACHINGHR","EARLYCHILDEDU","HR_YEAR","A","2014",1314,
"SVN","TEACHINGHR","EARLYCHILDEDU","HR_YEAR","A","2015",1314,
"SVN","TEACHINGHR","EARLYCHILDEDU","HR_YEAR","A","2016",1314,
"SVN","TEACHINGHR","EARLYCHILDEDU","HR_YEAR","A","2017",1314,
"USA","TEACHINGHR","EARLYCHILDEDU","HR_YEAR","A","2015",1010.709,
"USA","TEACHINGHR","EARLYCHILDEDU","HR_YEAR","A","2016",1010.709,
